timestamp,participant,experiment,condition,trial,mode,response_format,n_items,serial_position,region,presented_item,response_at_position,free_recalled,serial_correct,substitution,interval_s,delay_s,chunk_label
2026-09-14T14:59:05,Bert,free_recall,baseline,1,visual,letters,16,1,start,U,R,1.0,0,R,3.0,0,
2026-09-14T14:59:05,Bert,free_recall,baseline,1,visual,letters,16,2,start,D,I,0.333333,0,I,3.0,0,
2026-09-14T14:59:05,Bert,free_recall,baseline,1,visual,letters,16,3,start,R,X,1.0,0,X,3.0,0,
2026-09-14T14:59:05,Bert,free_recall,baseline,1,visual,letters,16,4,start,A,U,1.0,0,U,3.0,0,
2026-09-14T14:59:05,Bert,free_recall,baseline,1,visual,letters,16,5,start,F,D,0.0,0,D,3.0,0,
2026-09-14T14:59:05,Bert,free_recall,baseline,1,visual,letters,16,6,start,D,R,0.333333,0,R,3.0,0,
2026-09-14T14:59:05,Bert,free_recall,baseline,1,visual,letters,16,7,middle,Z,A,1.0,0,A,3.0,0,
2026-09-14T14:59:05,Bert,free_recall,baseline,1,visual,letters,16,8,middle,H,Z,1.0,0,Z,3.0,0,
2026-09-14T14:59:05,Bert,free_recall,baseline,1,visual,letters,16,9,middle,E,H,1.0,0,H,3.0,0,
2026-09-14T14:59:05,Bert,free_recall,baseline,1,visual,letters,16,10,middle,V,E,0.0,0,E,3.0,0,
2026-09-14T14:59:05,Bert,free_recall,baseline,1,visual,letters,16,11,middle,O,R,1.0,0,R,3.0,0,
2026-09-14T14:59:05,Bert,free_recall,baseline,1,visual,letters,16,12,end,D,O,0.333333,0,O,3.0,0,
2026-09-14T14:59:05,Bert,free_recall,baseline,1,visual,letters,16,13,end,R,G,1.0,0,G,3.0,0,
2026-09-14T14:59:05,Bert,free_recall,baseline,1,visual,letters,16,14,end,V,,0.0,0,,3.0,0,
2026-09-14T14:59:05,Bert,free_recall,baseline,1,visual,letters,16,15,end,I,,1.0,0,,3.0,0,
2026-09-14T14:59:05,Bert,free_recall,baseline,1,visual,letters,16,16,end,X,,1.0,0,,3.0,0,
2026-09-14T15:00:26,Bert,free_recall,baseline,2,visual,letters,16,1,start,A,M,1.0,0,M,3.0,0,
2026-09-14T15:00:26,Bert,free_recall,baseline,2,visual,letters,16,2,start,S,U,1.0,0,U,3.0,0,
2026-09-14T15:00:26,Bert,free_recall,baseline,2,visual,letters,16,3,start,H,Z,1.0,0,Z,3.0,0,
2026-09-14T15:00:26,Bert,free_recall,baseline,2,visual,letters,16,4,start,E,I,1.0,0,I,3.0,0,
2026-09-14T15:00:26,Bert,free_recall,baseline,2,visual,letters,16,5,start,L,D,1.0,0,D,3.0,0,
2026-09-14T15:00:26,Bert,free_recall,baseline,2,visual,letters,16,6,start,C,A,1.0,0,A,3.0,0,
2026-09-14T15:00:26,Bert,free_recall,baseline,2,visual,letters,16,7,middle,J,I,1.0,0,I,3.0,0,
2026-09-14T15:00:26,Bert,free_recall,baseline,2,visual,letters,16,8,middle,I,F,1.0,0,F,3.0,0,
2026-09-14T15:00:26,Bert,free_recall,baseline,2,visual,letters,16,9,middle,A,D,1.0,0,D,3.0,0,
2026-09-14T15:00:26,Bert,free_recall,baseline,2,visual,letters,16,10,middle,F,A,1.0,0,A,3.0,0,
2026-09-14T15:00:26,Bert,free_recall,baseline,2,visual,letters,16,11,middle,D,H,1.0,0,H,3.0,0,
2026-09-14T15:00:26,Bert,free_recall,baseline,2,visual,letters,16,12,end,M,S,1.0,0,S,3.0,0,
2026-09-14T15:00:26,Bert,free_recall,baseline,2,visual,letters,16,13,end,U,E,1.0,0,E,3.0,0,
2026-09-14T15:00:26,Bert,free_recall,baseline,2,visual,letters,16,14,end,Z,L,1.0,0,L,3.0,0,
2026-09-14T15:00:26,Bert,free_recall,baseline,2,visual,letters,16,15,end,I,C,1.0,0,C,3.0,0,
2026-09-14T15:00:26,Bert,free_recall,baseline,2,visual,letters,16,16,end,D,J,1.0,0,J,3.0,0,
2026-09-14T15:02:00,Bert,free_recall,baseline,3,visual,letters,16,1,start,Q,Q,1.0,1,,3.0,0,
2026-09-14T15:02:00,Bert,free_recall,baseline,3,visual,letters,16,2,start,K,Q,1.0,0,Q,3.0,0,
2026-09-14T15:02:00,Bert,free_recall,baseline,3,visual,letters,16,3,start,M,Q,1.0,0,Q,3.0,0,
2026-09-14T15:02:00,Bert,free_recall,baseline,3,visual,letters,16,4,start,J,Q,0.0,0,Q,3.0,0,
2026-09-14T15:02:00,Bert,free_recall,baseline,3,visual,letters,16,5,start,B,K,0.0,0,K,3.0,0,
2026-09-14T15:02:00,Bert,free_recall,baseline,3,visual,letters,16,6,start,B,K,0.0,0,K,3.0,0,
2026-09-14T15:02:00,Bert,free_recall,baseline,3,visual,letters,16,7,middle,U,Z,1.0,0,Z,3.0,0,
2026-09-14T15:02:00,Bert,free_recall,baseline,3,visual,letters,16,8,middle,Q,Z,1.0,0,Z,3.0,0,
2026-09-14T15:02:00,Bert,free_recall,baseline,3,visual,letters,16,9,middle,N,N,1.0,1,,3.0,0,
2026-09-14T15:02:00,Bert,free_recall,baseline,3,visual,letters,16,10,middle,K,M,1.0,0,M,3.0,0,
2026-09-14T15:02:00,Bert,free_recall,baseline,3,visual,letters,16,11,middle,Z,U,1.0,0,U,3.0,0,
2026-09-14T15:02:00,Bert,free_recall,baseline,3,visual,letters,16,12,end,Q,S,1.0,0,S,3.0,0,
2026-09-14T15:02:00,Bert,free_recall,baseline,3,visual,letters,16,13,end,S,L,1.0,0,L,3.0,0,
2026-09-14T15:02:00,Bert,free_recall,baseline,3,visual,letters,16,14,end,Z,,1.0,0,,3.0,0,
2026-09-14T15:02:00,Bert,free_recall,baseline,3,visual,letters,16,15,end,B,,0.0,0,,3.0,0,
2026-09-14T15:02:00,Bert,free_recall,baseline,3,visual,letters,16,16,end,Q,,1.0,0,,3.0,0,
2026-09-14T15:03:18,Bert,free_recall,baseline,4,visual,letters,16,1,start,I,D,1.0,0,D,3.0,0,
2026-09-14T15:03:18,Bert,free_recall,baseline,4,visual,letters,16,2,start,L,S,1.0,0,S,3.0,0,
2026-09-14T15:03:18,Bert,free_recall,baseline,4,visual,letters,16,3,start,O,L,0.0,0,L,3.0,0,
2026-09-14T15:03:18,Bert,free_recall,baseline,4,visual,letters,16,4,start,D,J,1.0,0,J,3.0,0,
2026-09-14T15:03:18,Bert,free_recall,baseline,4,visual,letters,16,5,start,U,E,1.0,0,E,3.0,0,
2026-09-14T15:03:18,Bert,free_recall,baseline,4,visual,letters,16,6,start,Q,Q,1.0,1,,3.0,0,
2026-09-14T15:03:18,Bert,free_recall,baseline,4,visual,letters,16,7,middle,U,U,1.0,1,,3.0,0,
2026-09-14T15:03:18,Bert,free_recall,baseline,4,visual,letters,16,8,middle,Z,I,1.0,0,I,3.0,0,
2026-09-14T15:03:18,Bert,free_recall,baseline,4,visual,letters,16,9,middle,I,Z,1.0,0,Z,3.0,0,
2026-09-14T15:03:18,Bert,free_recall,baseline,4,visual,letters,16,10,middle,R,I,1.0,0,I,3.0,0,
2026-09-14T15:03:18,Bert,free_recall,baseline,4,visual,letters,16,11,middle,P,L,1.0,0,L,3.0,0,
2026-09-14T15:03:18,Bert,free_recall,baseline,4,visual,letters,16,12,end,D,U,1.0,0,U,3.0,0,
2026-09-14T15:03:18,Bert,free_recall,baseline,4,visual,letters,16,13,end,S,D,1.0,0,D,3.0,0,
2026-09-14T15:03:18,Bert,free_recall,baseline,4,visual,letters,16,14,end,L,P,1.0,0,P,3.0,0,
2026-09-14T15:03:18,Bert,free_recall,baseline,4,visual,letters,16,15,end,J,R,1.0,0,R,3.0,0,
2026-09-14T15:03:18,Bert,free_recall,baseline,4,visual,letters,16,16,end,E,,1.0,0,,3.0,0,
2026-09-14T15:04:57,Bert,free_recall,baseline,5,visual,letters,16,1,start,E,C,1.0,0,C,3.0,0,
2026-09-14T15:04:57,Bert,free_recall,baseline,5,visual,letters,16,2,start,L,R,1.0,0,R,3.0,0,
2026-09-14T15:04:57,Bert,free_recall,baseline,5,visual,letters,16,3,start,Z,O,1.0,0,O,3.0,0,
2026-09-14T15:04:57,Bert,free_recall,baseline,5,visual,letters,16,4,start,G,K,1.0,0,K,3.0,0,
2026-09-14T15:04:57,Bert,free_recall,baseline,5,visual,letters,16,5,start,Y,O,0.0,0,O,3.0,0,
2026-09-14T15:04:57,Bert,free_recall,baseline,5,visual,letters,16,6,start,S,J,0.0,0,J,3.0,0,
2026-09-14T15:04:57,Bert,free_recall,baseline,5,visual,letters,16,7,middle,W,V,1.0,0,V,3.0,0,
2026-09-14T15:04:57,Bert,free_recall,baseline,5,visual,letters,16,8,middle,O,X,1.0,0,X,3.0,0,
2026-09-14T15:04:57,Bert,free_recall,baseline,5,visual,letters,16,9,middle,O,L,1.0,0,L,3.0,0,
2026-09-14T15:04:57,Bert,free_recall,baseline,5,visual,letters,16,10,middle,K,E,1.0,0,E,3.0,0,
2026-09-14T15:04:57,Bert,free_recall,baseline,5,visual,letters,16,11,middle,J,G,1.0,0,G,3.0,0,
2026-09-14T15:04:57,Bert,free_recall,baseline,5,visual,letters,16,12,end,V,L,1.0,0,L,3.0,0,
2026-09-14T15:04:57,Bert,free_recall,baseline,5,visual,letters,16,13,end,X,Z,1.0,0,Z,3.0,0,
2026-09-14T15:04:57,Bert,free_recall,baseline,5,visual,letters,16,14,end,L,W,1.0,0,W,3.0,0,
2026-09-14T15:04:57,Bert,free_recall,baseline,5,visual,letters,16,15,end,C,,1.0,0,,3.0,0,
2026-09-14T15:04:57,Bert,free_recall,baseline,5,visual,letters,16,16,end,R,,1.0,0,,3.0,0,
2026-09-14T15:12:27,Bert,free_recall,unfilled_delay,1,visual,letters,16,1,start,U,U,0.5,1,,3.0,60,
2026-09-14T15:12:27,Bert,free_recall,unfilled_delay,1,visual,letters,16,2,start,W,R,1.0,0,R,3.0,60,
2026-09-14T15:12:27,Bert,free_recall,unfilled_delay,1,visual,letters,16,3,start,R,W,1.0,0,W,3.0,60,
2026-09-14T15:12:27,Bert,free_recall,unfilled_delay,1,visual,letters,16,4,start,X,Q,1.0,0,Q,3.0,60,
2026-09-14T15:12:27,Bert,free_recall,unfilled_delay,1,visual,letters,16,5,start,U,W,0.5,0,W,3.0,60,
2026-09-14T15:12:27,Bert,free_recall,unfilled_delay,1,visual,letters,16,6,start,M,S,0.0,0,S,3.0,60,
2026-09-14T15:12:27,Bert,free_recall,unfilled_delay,1,visual,letters,16,7,middle,F,T,0.0,0,T,3.0,60,
2026-09-14T15:12:27,Bert,free_recall,unfilled_delay,1,visual,letters,16,8,middle,W,B,1.0,0,B,3.0,60,
2026-09-14T15:12:27,Bert,free_recall,unfilled_delay,1,visual,letters,16,9,middle,T,D,1.0,0,D,3.0,60,
2026-09-14T15:12:27,Bert,free_recall,unfilled_delay,1,visual,letters,16,10,middle,B,L,1.0,0,L,3.0,60,
2026-09-14T15:12:27,Bert,free_recall,unfilled_delay,1,visual,letters,16,11,middle,V,O,0.0,0,O,3.0,60,
2026-09-14T15:12:27,Bert,free_recall,unfilled_delay,1,visual,letters,16,12,end,Q,K,1.0,0,K,3.0,60,
2026-09-14T15:12:27,Bert,free_recall,unfilled_delay,1,visual,letters,16,13,end,S,N,1.0,0,N,3.0,60,
2026-09-14T15:12:27,Bert,free_recall,unfilled_delay,1,visual,letters,16,14,end,K,X,1.0,0,X,3.0,60,
2026-09-14T15:12:27,Bert,free_recall,unfilled_delay,1,visual,letters,16,15,end,Y,Z,0.0,0,Z,3.0,60,
2026-09-14T15:12:27,Bert,free_recall,unfilled_delay,1,visual,letters,16,16,end,C,X,0.0,0,X,3.0,60,
2026-09-14T15:15:43,Bert,free_recall,unfilled_delay,2,visual,letters,16,1,start,Z,Z,1.0,1,,3.0,60,
2026-09-14T15:15:43,Bert,free_recall,unfilled_delay,2,visual,letters,16,2,start,P,P,1.0,1,,3.0,60,
2026-09-14T15:15:43,Bert,free_recall,unfilled_delay,2,visual,letters,16,3,start,J,J,1.0,1,,3.0,60,
2026-09-14T15:15:43,Bert,free_recall,unfilled_delay,2,visual,letters,16,4,start,Q,P,1.0,0,P,3.0,60,
2026-09-14T15:15:43,Bert,free_recall,unfilled_delay,2,visual,letters,16,5,start,U,J,1.0,0,J,3.0,60,
2026-09-14T15:15:43,Bert,free_recall,unfilled_delay,2,visual,letters,16,6,start,D,Q,0.0,0,Q,3.0,60,
2026-09-14T15:15:43,Bert,free_recall,unfilled_delay,2,visual,letters,16,7,middle,Y,U,0.0,0,U,3.0,60,
2026-09-14T15:15:43,Bert,free_recall,unfilled_delay,2,visual,letters,16,8,middle,T,A,1.0,0,A,3.0,60,
2026-09-14T15:15:43,Bert,free_recall,unfilled_delay,2,visual,letters,16,9,middle,A,H,1.0,0,H,3.0,60,
2026-09-14T15:15:43,Bert,free_recall,unfilled_delay,2,visual,letters,16,10,middle,H,W,1.0,0,W,3.0,60,
2026-09-14T15:15:43,Bert,free_recall,unfilled_delay,2,visual,letters,16,11,middle,W,Z,1.0,0,Z,3.0,60,
2026-09-14T15:15:43,Bert,free_recall,unfilled_delay,2,visual,letters,16,12,end,R,X,0.0,0,X,3.0,60,
2026-09-14T15:15:43,Bert,free_recall,unfilled_delay,2,visual,letters,16,13,end,F,C,0.0,0,C,3.0,60,
2026-09-14T15:15:43,Bert,free_recall,unfilled_delay,2,visual,letters,16,14,end,P,T,1.0,0,T,3.0,60,
2026-09-14T15:15:43,Bert,free_recall,unfilled_delay,2,visual,letters,16,15,end,J,H,1.0,0,H,3.0,60,
2026-09-14T15:15:43,Bert,free_recall,unfilled_delay,2,visual,letters,16,16,end,K,L,0.0,0,L,3.0,60,
2026-09-14T15:18:20,Bert,free_recall,unfilled_delay,3,visual,letters,16,1,start,O,Z,1.0,0,Z,3.0,60,
2026-09-14T15:18:20,Bert,free_recall,unfilled_delay,3,visual,letters,16,2,start,H,D,1.0,0,D,3.0,60,
2026-09-14T15:18:20,Bert,free_recall,unfilled_delay,3,visual,letters,16,3,start,Y,P,1.0,0,P,3.0,60,
2026-09-14T15:18:20,Bert,free_recall,unfilled_delay,3,visual,letters,16,4,start,Y,M,1.0,0,M,3.0,60,
2026-09-14T15:18:20,Bert,free_recall,unfilled_delay,3,visual,letters,16,5,start,A,J,1.0,0,J,3.0,60,
2026-09-14T15:18:20,Bert,free_recall,unfilled_delay,3,visual,letters,16,6,start,Q,R,0.0,0,R,3.0,60,
2026-09-14T15:18:20,Bert,free_recall,unfilled_delay,3,visual,letters,16,7,middle,A,O,1.0,0,O,3.0,60,
2026-09-14T15:18:20,Bert,free_recall,unfilled_delay,3,visual,letters,16,8,middle,L,H,0.5,0,H,3.0,60,
2026-09-14T15:18:20,Bert,free_recall,unfilled_delay,3,visual,letters,16,9,middle,J,Y,0.5,0,Y,3.0,60,
2026-09-14T15:18:20,Bert,free_recall,unfilled_delay,3,visual,letters,16,10,middle,Z,Y,1.0,0,Y,3.0,60,
2026-09-14T15:18:20,Bert,free_recall,unfilled_delay,3,visual,letters,16,11,middle,D,A,1.0,0,A,3.0,60,
2026-09-14T15:18:20,Bert,free_recall,unfilled_delay,3,visual,letters,16,12,end,P,A,1.0,0,A,3.0,60,
2026-09-14T15:18:20,Bert,free_recall,unfilled_delay,3,visual,letters,16,13,end,L,L,0.5,1,,3.0,60,
2026-09-14T15:18:20,Bert,free_recall,unfilled_delay,3,visual,letters,16,14,end,M,,1.0,0,,3.0,60,
2026-09-14T15:18:20,Bert,free_recall,unfilled_delay,3,visual,letters,16,15,end,J,,0.5,0,,3.0,60,
2026-09-14T15:18:20,Bert,free_recall,unfilled_delay,3,visual,letters,16,16,end,R,,1.0,0,,3.0,60,
2026-09-14T15:21:10,Bert,free_recall,unfilled_delay,4,visual,letters,16,1,start,V,V,1.0,1,,3.0,60,
2026-09-14T15:21:10,Bert,free_recall,unfilled_delay,4,visual,letters,16,2,start,W,W,1.0,1,,3.0,60,
2026-09-14T15:21:10,Bert,free_recall,unfilled_delay,4,visual,letters,16,3,start,O,O,1.0,1,,3.0,60,
2026-09-14T15:21:10,Bert,free_recall,unfilled_delay,4,visual,letters,16,4,start,M,M,0.666667,1,,3.0,60,
2026-09-14T15:21:10,Bert,free_recall,unfilled_delay,4,visual,letters,16,5,start,M,M,0.666667,1,,3.0,60,
2026-09-14T15:21:10,Bert,free_recall,unfilled_delay,4,visual,letters,16,6,start,R,R,1.0,1,,3.0,60,
2026-09-14T15:21:10,Bert,free_recall,unfilled_delay,4,visual,letters,16,7,middle,T,A,1.0,0,A,3.0,60,
2026-09-14T15:21:10,Bert,free_recall,unfilled_delay,4,visual,letters,16,8,middle,A,T,1.0,0,T,3.0,60,
2026-09-14T15:21:10,Bert,free_recall,unfilled_delay,4,visual,letters,16,9,middle,R,R,1.0,1,,3.0,60,
2026-09-14T15:21:10,Bert,free_recall,unfilled_delay,4,visual,letters,16,10,middle,E,Z,1.0,0,Z,3.0,60,
2026-09-14T15:21:10,Bert,free_recall,unfilled_delay,4,visual,letters,16,11,middle,F,X,1.0,0,X,3.0,60,
2026-09-14T15:21:10,Bert,free_recall,unfilled_delay,4,visual,letters,16,12,end,M,L,0.666667,0,L,3.0,60,
2026-09-14T15:21:10,Bert,free_recall,unfilled_delay,4,visual,letters,16,13,end,Z,E,0.5,0,E,3.0,60,
2026-09-14T15:21:10,Bert,free_recall,unfilled_delay,4,visual,letters,16,14,end,W,F,1.0,0,F,3.0,60,
2026-09-14T15:21:10,Bert,free_recall,unfilled_delay,4,visual,letters,16,15,end,Z,D,0.5,0,D,3.0,60,
2026-09-14T15:21:10,Bert,free_recall,unfilled_delay,4,visual,letters,16,16,end,X,W,1.0,0,W,3.0,60,
2026-09-14T15:23:56,Bert,free_recall,unfilled_delay,5,visual,letters,16,1,start,P,P,1.0,1,,3.0,60,
2026-09-14T15:23:56,Bert,free_recall,unfilled_delay,5,visual,letters,16,2,start,R,R,0.5,1,,3.0,60,
2026-09-14T15:23:56,Bert,free_recall,unfilled_delay,5,visual,letters,16,3,start,V,V,1.0,1,,3.0,60,
2026-09-14T15:23:56,Bert,free_recall,unfilled_delay,5,visual,letters,16,4,start,M,M,1.0,1,,3.0,60,
2026-09-14T15:23:56,Bert,free_recall,unfilled_delay,5,visual,letters,16,5,start,F,F,1.0,1,,3.0,60,
2026-09-14T15:23:56,Bert,free_recall,unfilled_delay,5,visual,letters,16,6,start,M,M,1.0,1,,3.0,60,
2026-09-14T15:23:56,Bert,free_recall,unfilled_delay,5,visual,letters,16,7,middle,G,G,1.0,1,,3.0,60,
2026-09-14T15:23:56,Bert,free_recall,unfilled_delay,5,visual,letters,16,8,middle,D,M,0.0,0,M,3.0,60,
2026-09-14T15:23:56,Bert,free_recall,unfilled_delay,5,visual,letters,16,9,middle,X,I,0.0,0,I,3.0,60,
2026-09-14T15:23:56,Bert,free_recall,unfilled_delay,5,visual,letters,16,10,middle,I,P,1.0,0,P,3.0,60,
2026-09-14T15:23:56,Bert,free_recall,unfilled_delay,5,visual,letters,16,11,middle,R,Z,0.5,0,Z,3.0,60,
2026-09-14T15:23:56,Bert,free_recall,unfilled_delay,5,visual,letters,16,12,end,M,S,1.0,0,S,3.0,60,
2026-09-14T15:23:56,Bert,free_recall,unfilled_delay,5,visual,letters,16,13,end,P,F,1.0,0,F,3.0,60,
2026-09-14T15:23:56,Bert,free_recall,unfilled_delay,5,visual,letters,16,14,end,I,Y,1.0,0,Y,3.0,60,
2026-09-14T15:23:56,Bert,free_recall,unfilled_delay,5,visual,letters,16,15,end,Z,T,1.0,0,T,3.0,60,
2026-09-14T15:23:56,Bert,free_recall,unfilled_delay,5,visual,letters,16,16,end,C,I,0.0,0,I,3.0,60,
2026-09-14T15:26:19,Bert,free_recall,fast_rate,1,visual,letters,16,1,start,S,M,0.0,0,M,1.0,0,
2026-09-14T15:26:19,Bert,free_recall,fast_rate,1,visual,letters,16,2,start,V,L,0.5,0,L,1.0,0,
2026-09-14T15:26:19,Bert,free_recall,fast_rate,1,visual,letters,16,3,start,T,C,1.0,0,C,1.0,0,
2026-09-14T15:26:19,Bert,free_recall,fast_rate,1,visual,letters,16,4,start,B,B,0.666667,1,,1.0,0,
2026-09-14T15:26:19,Bert,free_recall,fast_rate,1,visual,letters,16,5,start,I,Q,0.0,0,Q,1.0,0,
2026-09-14T15:26:19,Bert,free_recall,fast_rate,1,visual,letters,16,6,start,Z,Z,1.0,1,,1.0,0,
2026-09-14T15:26:19,Bert,free_recall,fast_rate,1,visual,letters,16,7,middle,Z,Z,1.0,1,,1.0,0,
2026-09-14T15:26:19,Bert,free_recall,fast_rate,1,visual,letters,16,8,middle,V,V,0.5,1,,1.0,0,
2026-09-14T15:26:19,Bert,free_recall,fast_rate,1,visual,letters,16,9,middle,X,B,0.0,0,B,1.0,0,
2026-09-14T15:26:19,Bert,free_recall,fast_rate,1,visual,letters,16,10,middle,B,A,0.666667,0,A,1.0,0,
2026-09-14T15:26:19,Bert,free_recall,fast_rate,1,visual,letters,16,11,middle,I,R,0.0,0,R,1.0,0,
2026-09-14T15:26:19,Bert,free_recall,fast_rate,1,visual,letters,16,12,end,M,P,1.0,0,P,1.0,0,
2026-09-14T15:26:19,Bert,free_recall,fast_rate,1,visual,letters,16,13,end,L,Q,1.0,0,Q,1.0,0,
2026-09-14T15:26:19,Bert,free_recall,fast_rate,1,visual,letters,16,14,end,C,L,1.0,0,L,1.0,0,
2026-09-14T15:26:19,Bert,free_recall,fast_rate,1,visual,letters,16,15,end,B,T,0.666667,0,T,1.0,0,
2026-09-14T15:26:19,Bert,free_recall,fast_rate,1,visual,letters,16,16,end,Q,A,1.0,0,A,1.0,0,
2026-09-14T15:27:05,Bert,free_recall,fast_rate,2,visual,letters,16,1,start,F,Z,1.0,0,Z,1.0,0,
2026-09-14T15:27:05,Bert,free_recall,fast_rate,2,visual,letters,16,2,start,V,F,0.5,0,F,1.0,0,
2026-09-14T15:27:05,Bert,free_recall,fast_rate,2,visual,letters,16,3,start,H,S,0.5,0,S,1.0,0,
2026-09-14T15:27:05,Bert,free_recall,fast_rate,2,visual,letters,16,4,start,S,D,1.0,0,D,1.0,0,
2026-09-14T15:27:05,Bert,free_recall,fast_rate,2,visual,letters,16,5,start,Z,V,1.0,0,V,1.0,0,
2026-09-14T15:27:05,Bert,free_recall,fast_rate,2,visual,letters,16,6,start,T,T,1.0,1,,1.0,0,
2026-09-14T15:27:05,Bert,free_recall,fast_rate,2,visual,letters,16,7,middle,A,H,1.0,0,H,1.0,0,
2026-09-14T15:27:05,Bert,free_recall,fast_rate,2,visual,letters,16,8,middle,E,I,1.0,0,I,1.0,0,
2026-09-14T15:27:05,Bert,free_recall,fast_rate,2,visual,letters,16,9,middle,J,I,1.0,0,I,1.0,0,
2026-09-14T15:27:05,Bert,free_recall,fast_rate,2,visual,letters,16,10,middle,N,J,1.0,0,J,1.0,0,
2026-09-14T15:27:05,Bert,free_recall,fast_rate,2,visual,letters,16,11,middle,T,N,1.0,0,N,1.0,0,
2026-09-14T15:27:05,Bert,free_recall,fast_rate,2,visual,letters,16,12,end,I,T,1.0,0,T,1.0,0,
2026-09-14T15:27:05,Bert,free_recall,fast_rate,2,visual,letters,16,13,end,P,L,1.0,0,L,1.0,0,
2026-09-14T15:27:05,Bert,free_recall,fast_rate,2,visual,letters,16,14,end,V,P,0.5,0,P,1.0,0,
2026-09-14T15:27:05,Bert,free_recall,fast_rate,2,visual,letters,16,15,end,H,A,0.5,0,A,1.0,0,
2026-09-14T15:27:05,Bert,free_recall,fast_rate,2,visual,letters,16,16,end,I,E,1.0,0,E,1.0,0,
2026-09-14T15:28:13,Bert,free_recall,fast_rate,3,visual,letters,16,1,start,G,C,1.0,0,C,1.0,0,
2026-09-14T15:28:13,Bert,free_recall,fast_rate,3,visual,letters,16,2,start,C,G,1.0,0,G,1.0,0,
2026-09-14T15:28:13,Bert,free_recall,fast_rate,3,visual,letters,16,3,start,Y,Y,1.0,1,,1.0,0,
2026-09-14T15:28:13,Bert,free_recall,fast_rate,3,visual,letters,16,4,start,H,H,1.0,1,,1.0,0,
2026-09-14T15:28:13,Bert,free_recall,fast_rate,3,visual,letters,16,5,start,A,A,1.0,1,,1.0,0,
2026-09-14T15:28:13,Bert,free_recall,fast_rate,3,visual,letters,16,6,start,Y,Y,1.0,1,,1.0,0,
2026-09-14T15:28:13,Bert,free_recall,fast_rate,3,visual,letters,16,7,middle,K,N,0.0,0,N,1.0,0,
2026-09-14T15:28:13,Bert,free_recall,fast_rate,3,visual,letters,16,8,middle,E,C,1.0,0,C,1.0,0,
2026-09-14T15:28:13,Bert,free_recall,fast_rate,3,visual,letters,16,9,middle,P,L,1.0,0,L,1.0,0,
2026-09-14T15:28:13,Bert,free_recall,fast_rate,3,visual,letters,16,10,middle,D,A,0.0,0,A,1.0,0,
2026-09-14T15:28:13,Bert,free_recall,fast_rate,3,visual,letters,16,11,middle,U,Y,0.0,0,Y,1.0,0,
2026-09-14T15:28:13,Bert,free_recall,fast_rate,3,visual,letters,16,12,end,Y,F,1.0,0,F,1.0,0,
2026-09-14T15:28:13,Bert,free_recall,fast_rate,3,visual,letters,16,13,end,Z,P,0.0,0,P,1.0,0,
2026-09-14T15:28:13,Bert,free_recall,fast_rate,3,visual,letters,16,14,end,N,E,1.0,0,E,1.0,0,
2026-09-14T15:28:13,Bert,free_recall,fast_rate,3,visual,letters,16,15,end,C,S,1.0,0,S,1.0,0,
2026-09-14T15:28:13,Bert,free_recall,fast_rate,3,visual,letters,16,16,end,L,L,1.0,1,,1.0,0,
2026-09-14T15:28:48,Bert,free_recall,fast_rate,4,visual,letters,16,1,start,C,L,1.0,0,L,1.0,0,
2026-09-14T15:28:48,Bert,free_recall,fast_rate,4,visual,letters,16,2,start,Z,M,1.0,0,M,1.0,0,
2026-09-14T15:28:48,Bert,free_recall,fast_rate,4,visual,letters,16,3,start,L,C,1.0,0,C,1.0,0,
2026-09-14T15:28:48,Bert,free_recall,fast_rate,4,visual,letters,16,4,start,M,Z,1.0,0,Z,1.0,0,
2026-09-14T15:28:48,Bert,free_recall,fast_rate,4,visual,letters,16,5,start,G,F,1.0,0,F,1.0,0,
2026-09-14T15:28:48,Bert,free_recall,fast_rate,4,visual,letters,16,6,start,E,O,1.0,0,O,1.0,0,
2026-09-14T15:28:48,Bert,free_recall,fast_rate,4,visual,letters,16,7,middle,I,Z,1.0,0,Z,1.0,0,
2026-09-14T15:28:48,Bert,free_recall,fast_rate,4,visual,letters,16,8,middle,J,B,1.0,0,B,1.0,0,
2026-09-14T15:28:48,Bert,free_recall,fast_rate,4,visual,letters,16,9,middle,S,J,1.0,0,J,1.0,0,
2026-09-14T15:28:48,Bert,free_recall,fast_rate,4,visual,letters,16,10,middle,T,G,1.0,0,G,1.0,0,
2026-09-14T15:28:48,Bert,free_recall,fast_rate,4,visual,letters,16,11,middle,F,G,1.0,0,G,1.0,0,
2026-09-14T15:28:48,Bert,free_recall,fast_rate,4,visual,letters,16,12,end,O,E,1.0,0,E,1.0,0,
2026-09-14T15:28:48,Bert,free_recall,fast_rate,4,visual,letters,16,13,end,Z,J,1.0,0,J,1.0,0,
2026-09-14T15:28:48,Bert,free_recall,fast_rate,4,visual,letters,16,14,end,B,S,1.0,0,S,1.0,0,
2026-09-14T15:28:48,Bert,free_recall,fast_rate,4,visual,letters,16,15,end,J,T,1.0,0,T,1.0,0,
2026-09-14T15:28:48,Bert,free_recall,fast_rate,4,visual,letters,16,16,end,G,I,1.0,0,I,1.0,0,
2026-09-14T15:29:28,Bert,free_recall,fast_rate,5,visual,letters,16,1,start,Y,W,0.0,0,W,1.0,0,
2026-09-14T15:29:28,Bert,free_recall,fast_rate,5,visual,letters,16,2,start,P,N,0.5,0,N,1.0,0,
2026-09-14T15:29:28,Bert,free_recall,fast_rate,5,visual,letters,16,3,start,C,A,1.0,0,A,1.0,0,
2026-09-14T15:29:28,Bert,free_recall,fast_rate,5,visual,letters,16,4,start,R,B,1.0,0,B,1.0,0,
2026-09-14T15:29:28,Bert,free_recall,fast_rate,5,visual,letters,16,5,start,D,L,0.0,0,L,1.0,0,
2026-09-14T15:29:28,Bert,free_recall,fast_rate,5,visual,letters,16,6,start,N,U,1.0,0,U,1.0,0,
2026-09-14T15:29:28,Bert,free_recall,fast_rate,5,visual,letters,16,7,middle,W,P,0.5,0,P,1.0,0,
2026-09-14T15:29:28,Bert,free_recall,fast_rate,5,visual,letters,16,8,middle,A,O,1.0,0,O,1.0,0,
2026-09-14T15:29:28,Bert,free_recall,fast_rate,5,visual,letters,16,9,middle,W,S,0.5,0,S,1.0,0,
2026-09-14T15:29:28,Bert,free_recall,fast_rate,5,visual,letters,16,10,middle,I,T,0.0,0,T,1.0,0,
2026-09-14T15:29:28,Bert,free_recall,fast_rate,5,visual,letters,16,11,middle,B,L,1.0,0,L,1.0,0,
2026-09-14T15:29:28,Bert,free_recall,fast_rate,5,visual,letters,16,12,end,L,A,1.0,0,A,1.0,0,
2026-09-14T15:29:28,Bert,free_recall,fast_rate,5,visual,letters,16,13,end,U,C,1.0,0,C,1.0,0,
2026-09-14T15:29:28,Bert,free_recall,fast_rate,5,visual,letters,16,14,end,P,J,0.5,0,J,1.0,0,
2026-09-14T15:29:28,Bert,free_recall,fast_rate,5,visual,letters,16,15,end,M,R,0.0,0,R,1.0,0,
2026-09-14T15:29:28,Bert,free_recall,fast_rate,5,visual,letters,16,16,end,V,U,0.0,0,U,1.0,0,
2026-09-14T15:33:17,Bert,free_recall,working_memory,1,visual,letters,16,1,start,A,N,1.0,0,N,3.0,0,
2026-09-14T15:33:17,Bert,free_recall,working_memory,1,visual,letters,16,2,start,A,K,1.0,0,K,3.0,0,
2026-09-14T15:33:17,Bert,free_recall,working_memory,1,visual,letters,16,3,start,B,N,0.666667,0,N,3.0,0,
2026-09-14T15:33:17,Bert,free_recall,working_memory,1,visual,letters,16,4,start,F,C,0.0,0,C,3.0,0,
2026-09-14T15:33:17,Bert,free_recall,working_memory,1,visual,letters,16,5,start,B,A,0.666667,0,A,3.0,0,
2026-09-14T15:33:17,Bert,free_recall,working_memory,1,visual,letters,16,6,start,D,B,1.0,0,B,3.0,0,
2026-09-14T15:33:17,Bert,free_recall,working_memory,1,visual,letters,16,7,middle,T,B,1.0,0,B,3.0,0,
2026-09-14T15:33:17,Bert,free_recall,working_memory,1,visual,letters,16,8,middle,B,A,0.666667,0,A,3.0,0,
2026-09-14T15:33:17,Bert,free_recall,working_memory,1,visual,letters,16,9,middle,W,K,1.0,0,K,3.0,0,
2026-09-14T15:33:17,Bert,free_recall,working_memory,1,visual,letters,16,10,middle,S,D,1.0,0,D,3.0,0,
2026-09-14T15:33:17,Bert,free_recall,working_memory,1,visual,letters,16,11,middle,N,T,1.0,0,T,3.0,0,
2026-09-14T15:33:17,Bert,free_recall,working_memory,1,visual,letters,16,12,end,E,H,0.0,0,H,3.0,0,
2026-09-14T15:33:17,Bert,free_recall,working_memory,1,visual,letters,16,13,end,K,W,1.0,0,W,3.0,0,
2026-09-14T15:33:17,Bert,free_recall,working_memory,1,visual,letters,16,14,end,N,Q,1.0,0,Q,3.0,0,
2026-09-14T15:33:17,Bert,free_recall,working_memory,1,visual,letters,16,15,end,G,P,0.0,0,P,3.0,0,
2026-09-14T15:33:17,Bert,free_recall,working_memory,1,visual,letters,16,16,end,C,S,1.0,0,S,3.0,0,
2026-09-14T15:35:24,Bert,free_recall,working_memory,2,visual,letters,16,1,start,N,N,0.5,1,,3.0,0,
2026-09-14T15:35:24,Bert,free_recall,working_memory,2,visual,letters,16,2,start,Z,Z,1.0,1,,3.0,0,
2026-09-14T15:35:24,Bert,free_recall,working_memory,2,visual,letters,16,3,start,N,K,0.5,0,K,3.0,0,
2026-09-14T15:35:24,Bert,free_recall,working_memory,2,visual,letters,16,4,start,D,D,1.0,1,,3.0,0,
2026-09-14T15:35:24,Bert,free_recall,working_memory,2,visual,letters,16,5,start,A,R,1.0,0,R,3.0,0,
2026-09-14T15:35:24,Bert,free_recall,working_memory,2,visual,letters,16,6,start,R,A,1.0,0,A,3.0,0,
2026-09-14T15:35:24,Bert,free_recall,working_memory,2,visual,letters,16,7,middle,J,R,1.0,0,R,3.0,0,
2026-09-14T15:35:24,Bert,free_recall,working_memory,2,visual,letters,16,8,middle,C,C,0.5,1,,3.0,0,
2026-09-14T15:35:24,Bert,free_recall,working_memory,2,visual,letters,16,9,middle,F,K,0.0,0,K,3.0,0,
2026-09-14T15:35:24,Bert,free_recall,working_memory,2,visual,letters,16,10,middle,D,J,1.0,0,J,3.0,0,
2026-09-14T15:35:24,Bert,free_recall,working_memory,2,visual,letters,16,11,middle,I,S,0.0,0,S,3.0,0,
2026-09-14T15:35:24,Bert,free_recall,working_memory,2,visual,letters,16,12,end,H,K,0.0,0,K,3.0,0,
2026-09-14T15:35:24,Bert,free_recall,working_memory,2,visual,letters,16,13,end,R,R,1.0,1,,3.0,0,
2026-09-14T15:35:24,Bert,free_recall,working_memory,2,visual,letters,16,14,end,U,T,0.0,0,T,3.0,0,
2026-09-14T15:35:24,Bert,free_recall,working_memory,2,visual,letters,16,15,end,K,P,1.0,0,P,3.0,0,
2026-09-14T15:35:24,Bert,free_recall,working_memory,2,visual,letters,16,16,end,C,D,0.5,0,D,3.0,0,
2026-09-14T15:38:25,Bert,free_recall,working_memory,3,visual,letters,16,1,start,J,M,1.0,0,M,3.0,0,
2026-09-14T15:38:25,Bert,free_recall,working_memory,3,visual,letters,16,2,start,U,F,1.0,0,F,3.0,0,
2026-09-14T15:38:25,Bert,free_recall,working_memory,3,visual,letters,16,3,start,H,M,0.5,0,M,3.0,0,
2026-09-14T15:38:25,Bert,free_recall,working_memory,3,visual,letters,16,4,start,U,Q,1.0,0,Q,3.0,0,
2026-09-14T15:38:25,Bert,free_recall,working_memory,3,visual,letters,16,5,start,F,M,0.5,0,M,3.0,0,
2026-09-14T15:38:25,Bert,free_recall,working_memory,3,visual,letters,16,6,start,D,H,1.0,0,H,3.0,0,
2026-09-14T15:38:25,Bert,free_recall,working_memory,3,visual,letters,16,7,middle,Y,U,0.0,0,U,3.0,0,
2026-09-14T15:38:25,Bert,free_recall,working_memory,3,visual,letters,16,8,middle,B,J,0.0,0,J,3.0,0,
2026-09-14T15:38:25,Bert,free_recall,working_memory,3,visual,letters,16,9,middle,T,U,0.0,0,U,3.0,0,
2026-09-14T15:38:25,Bert,free_recall,working_memory,3,visual,letters,16,10,middle,N,O,0.0,0,O,3.0,0,
2026-09-14T15:38:25,Bert,free_recall,working_memory,3,visual,letters,16,11,middle,H,P,0.5,0,P,3.0,0,
2026-09-14T15:38:25,Bert,free_recall,working_memory,3,visual,letters,16,12,end,M,I,1.0,0,I,3.0,0,
2026-09-14T15:38:25,Bert,free_recall,working_memory,3,visual,letters,16,13,end,M,D,1.0,0,D,3.0,0,
2026-09-14T15:38:25,Bert,free_recall,working_memory,3,visual,letters,16,14,end,F,S,0.5,0,S,3.0,0,
2026-09-14T15:38:25,Bert,free_recall,working_memory,3,visual,letters,16,15,end,Q,E,1.0,0,E,3.0,0,
2026-09-14T15:38:25,Bert,free_recall,working_memory,3,visual,letters,16,16,end,M,R,1.0,0,R,3.0,0,
2026-09-14T15:40:18,Bert,free_recall,working_memory,4,visual,letters,16,1,start,I,P,1.0,0,P,3.0,0,
2026-09-14T15:40:18,Bert,free_recall,working_memory,4,visual,letters,16,2,start,E,O,1.0,0,O,3.0,0,
2026-09-14T15:40:18,Bert,free_recall,working_memory,4,visual,letters,16,3,start,W,I,0.5,0,I,3.0,0,
2026-09-14T15:40:18,Bert,free_recall,working_memory,4,visual,letters,16,4,start,T,W,0.0,0,W,3.0,0,
2026-09-14T15:40:18,Bert,free_recall,working_memory,4,visual,letters,16,5,start,I,E,1.0,0,E,3.0,0,
2026-09-14T15:40:18,Bert,free_recall,working_memory,4,visual,letters,16,6,start,J,R,0.5,0,R,3.0,0,
2026-09-14T15:40:18,Bert,free_recall,working_memory,4,visual,letters,16,7,middle,J,I,0.5,0,I,3.0,0,
2026-09-14T15:40:18,Bert,free_recall,working_memory,4,visual,letters,16,8,middle,A,A,1.0,1,,3.0,0,
2026-09-14T15:40:18,Bert,free_recall,working_memory,4,visual,letters,16,9,middle,A,S,1.0,0,S,3.0,0,
2026-09-14T15:40:18,Bert,free_recall,working_memory,4,visual,letters,16,10,middle,P,D,1.0,0,D,3.0,0,
2026-09-14T15:40:18,Bert,free_recall,working_memory,4,visual,letters,16,11,middle,Z,A,1.0,0,A,3.0,0,
2026-09-14T15:40:18,Bert,free_recall,working_memory,4,visual,letters,16,12,end,Y,Z,0.0,0,Z,3.0,0,
2026-09-14T15:40:18,Bert,free_recall,working_memory,4,visual,letters,16,13,end,L,M,0.0,0,M,3.0,0,
2026-09-14T15:40:18,Bert,free_recall,working_memory,4,visual,letters,16,14,end,W,N,0.5,0,N,3.0,0,
2026-09-14T15:40:18,Bert,free_recall,working_memory,4,visual,letters,16,15,end,M,G,1.0,0,G,3.0,0,
2026-09-14T15:40:18,Bert,free_recall,working_memory,4,visual,letters,16,16,end,R,J,1.0,0,J,3.0,0,
2026-09-14T15:42:51,Bert,free_recall,working_memory,5,visual,letters,16,1,start,R,R,1.0,1,,3.0,0,
2026-09-14T15:42:51,Bert,free_recall,working_memory,5,visual,letters,16,2,start,N,U,1.0,0,U,3.0,0,
2026-09-14T15:42:51,Bert,free_recall,working_memory,5,visual,letters,16,3,start,U,N,1.0,0,N,3.0,0,
2026-09-14T15:42:51,Bert,free_recall,working_memory,5,visual,letters,16,4,start,F,F,1.0,1,,3.0,0,
2026-09-14T15:42:51,Bert,free_recall,working_memory,5,visual,letters,16,5,start,Z,I,1.0,0,I,3.0,0,
2026-09-14T15:42:51,Bert,free_recall,working_memory,5,visual,letters,16,6,start,I,Z,0.5,0,Z,3.0,0,
2026-09-14T15:42:51,Bert,free_recall,working_memory,5,visual,letters,16,7,middle,Q,M,1.0,0,M,3.0,0,
2026-09-14T15:42:51,Bert,free_recall,working_memory,5,visual,letters,16,8,middle,J,R,0.5,0,R,3.0,0,
2026-09-14T15:42:51,Bert,free_recall,working_memory,5,visual,letters,16,9,middle,J,J,0.5,1,,3.0,0,
2026-09-14T15:42:51,Bert,free_recall,working_memory,5,visual,letters,16,10,middle,E,Q,1.0,0,Q,3.0,0,
2026-09-14T15:42:51,Bert,free_recall,working_memory,5,visual,letters,16,11,middle,N,E,1.0,0,E,3.0,0,
2026-09-14T15:42:51,Bert,free_recall,working_memory,5,visual,letters,16,12,end,R,A,1.0,0,A,3.0,0,
2026-09-14T15:42:51,Bert,free_recall,working_memory,5,visual,letters,16,13,end,I,L,0.5,0,L,3.0,0,
2026-09-14T15:42:51,Bert,free_recall,working_memory,5,visual,letters,16,14,end,P,P,1.0,1,,3.0,0,
2026-09-14T15:42:51,Bert,free_recall,working_memory,5,visual,letters,16,15,end,M,W,1.0,0,W,3.0,0,
2026-09-14T15:42:51,Bert,free_recall,working_memory,5,visual,letters,16,16,end,L,N,1.0,0,N,3.0,0,
2026-09-14T15:51:04,Bert,serial_recall,baseline,1,visual,letters,12,1,start,X,X,1.0,1,,3.0,0,
2026-09-14T15:51:04,Bert,serial_recall,baseline,1,visual,letters,12,2,start,Z,P,0.0,0,P,3.0,0,
2026-09-14T15:51:04,Bert,serial_recall,baseline,1,visual,letters,12,3,start,O,O,1.0,1,,3.0,0,
2026-09-14T15:51:04,Bert,serial_recall,baseline,1,visual,letters,12,4,start,T,C,1.0,0,C,3.0,0,
2026-09-14T15:51:04,Bert,serial_recall,baseline,1,visual,letters,12,5,middle,Z,T,0.0,0,T,3.0,0,
2026-09-14T15:51:04,Bert,serial_recall,baseline,1,visual,letters,12,6,middle,K,P,1.0,0,P,3.0,0,
2026-09-14T15:51:04,Bert,serial_recall,baseline,1,visual,letters,12,7,middle,C,Q,1.0,0,Q,3.0,0,
2026-09-14T15:51:04,Bert,serial_recall,baseline,1,visual,letters,12,8,middle,W,K,0.0,0,K,3.0,0,
2026-09-14T15:51:04,Bert,serial_recall,baseline,1,visual,letters,12,9,end,B,,0.0,0,,3.0,0,
2026-09-14T15:51:04,Bert,serial_recall,baseline,1,visual,letters,12,10,end,Q,,1.0,0,,3.0,0,
2026-09-14T15:51:04,Bert,serial_recall,baseline,1,visual,letters,12,11,end,B,,0.0,0,,3.0,0,
2026-09-14T15:51:04,Bert,serial_recall,baseline,1,visual,letters,12,12,end,D,,0.0,0,,3.0,0,
2026-09-14T15:52:05,Bert,serial_recall,baseline,2,visual,letters,12,1,start,U,U,0.666667,1,,3.0,0,
2026-09-14T15:52:05,Bert,serial_recall,baseline,2,visual,letters,12,2,start,F,F,0.5,1,,3.0,0,
2026-09-14T15:52:05,Bert,serial_recall,baseline,2,visual,letters,12,3,start,P,P,1.0,1,,3.0,0,
2026-09-14T15:52:05,Bert,serial_recall,baseline,2,visual,letters,12,4,start,U,U,0.666667,1,,3.0,0,
2026-09-14T15:52:05,Bert,serial_recall,baseline,2,visual,letters,12,5,middle,I,I,1.0,1,,3.0,0,
2026-09-14T15:52:05,Bert,serial_recall,baseline,2,visual,letters,12,6,middle,D,J,1.0,0,J,3.0,0,
2026-09-14T15:52:05,Bert,serial_recall,baseline,2,visual,letters,12,7,middle,U,D,0.666667,0,D,3.0,0,
2026-09-14T15:52:05,Bert,serial_recall,baseline,2,visual,letters,12,8,middle,H,S,0.0,0,S,3.0,0,
2026-09-14T15:52:05,Bert,serial_recall,baseline,2,visual,letters,12,9,end,V,K,0.0,0,K,3.0,0,
2026-09-14T15:52:05,Bert,serial_recall,baseline,2,visual,letters,12,10,end,J,W,1.0,0,W,3.0,0,
2026-09-14T15:52:05,Bert,serial_recall,baseline,2,visual,letters,12,11,end,R,Q,1.0,0,Q,3.0,0,
2026-09-14T15:52:05,Bert,serial_recall,baseline,2,visual,letters,12,12,end,F,R,0.5,0,R,3.0,0,
2026-09-14T15:52:49,Bert,serial_recall,baseline,3,visual,letters,12,1,start,O,O,1.0,1,,3.0,0,
2026-09-14T15:52:49,Bert,serial_recall,baseline,3,visual,letters,12,2,start,X,X,1.0,1,,3.0,0,
2026-09-14T15:52:49,Bert,serial_recall,baseline,3,visual,letters,12,3,start,Q,Q,0.5,1,,3.0,0,
2026-09-14T15:52:49,Bert,serial_recall,baseline,3,visual,letters,12,4,start,L,L,1.0,1,,3.0,0,
2026-09-14T15:52:49,Bert,serial_recall,baseline,3,visual,letters,12,5,middle,Z,Z,1.0,1,,3.0,0,
2026-09-14T15:52:49,Bert,serial_recall,baseline,3,visual,letters,12,6,middle,G,Y,0.0,0,Y,3.0,0,
2026-09-14T15:52:49,Bert,serial_recall,baseline,3,visual,letters,12,7,middle,Y,R,1.0,0,R,3.0,0,
2026-09-14T15:52:49,Bert,serial_recall,baseline,3,visual,letters,12,8,middle,Q,P,0.5,0,P,3.0,0,
2026-09-14T15:52:49,Bert,serial_recall,baseline,3,visual,letters,12,9,end,I,,0.0,0,,3.0,0,
2026-09-14T15:52:49,Bert,serial_recall,baseline,3,visual,letters,12,10,end,V,,0.0,0,,3.0,0,
2026-09-14T15:52:49,Bert,serial_recall,baseline,3,visual,letters,12,11,end,W,,0.0,0,,3.0,0,
2026-09-14T15:52:49,Bert,serial_recall,baseline,3,visual,letters,12,12,end,P,,1.0,0,,3.0,0,
2026-09-14T15:54:04,Bert,serial_recall,baseline,4,visual,letters,12,1,start,N,N,1.0,1,,3.0,0,
2026-09-14T15:54:04,Bert,serial_recall,baseline,4,visual,letters,12,2,start,K,K,1.0,1,,3.0,0,
2026-09-14T15:54:04,Bert,serial_recall,baseline,4,visual,letters,12,3,start,H,H,1.0,1,,3.0,0,
2026-09-14T15:54:04,Bert,serial_recall,baseline,4,visual,letters,12,4,start,O,O,1.0,1,,3.0,0,
2026-09-14T15:54:04,Bert,serial_recall,baseline,4,visual,letters,12,5,middle,J,J,1.0,1,,3.0,0,
2026-09-14T15:54:04,Bert,serial_recall,baseline,4,visual,letters,12,6,middle,M,A,0.0,0,A,3.0,0,
2026-09-14T15:54:04,Bert,serial_recall,baseline,4,visual,letters,12,7,middle,A,I,1.0,0,I,3.0,0,
2026-09-14T15:54:04,Bert,serial_recall,baseline,4,visual,letters,12,8,middle,I,V,1.0,0,V,3.0,0,
2026-09-14T15:54:04,Bert,serial_recall,baseline,4,visual,letters,12,9,end,V,V,1.0,1,,3.0,0,
2026-09-14T15:54:04,Bert,serial_recall,baseline,4,visual,letters,12,10,end,V,,1.0,0,,3.0,0,
2026-09-14T15:54:04,Bert,serial_recall,baseline,4,visual,letters,12,11,end,L,,0.0,0,,3.0,0,
2026-09-14T15:54:04,Bert,serial_recall,baseline,4,visual,letters,12,12,end,E,,0.0,0,,3.0,0,
2026-09-14T15:55:11,Bert,serial_recall,baseline,5,visual,letters,12,1,start,U,U,1.0,1,,3.0,0,
2026-09-14T15:55:11,Bert,serial_recall,baseline,5,visual,letters,12,2,start,C,C,1.0,1,,3.0,0,
2026-09-14T15:55:11,Bert,serial_recall,baseline,5,visual,letters,12,3,start,T,T,1.0,1,,3.0,0,
2026-09-14T15:55:11,Bert,serial_recall,baseline,5,visual,letters,12,4,start,H,H,1.0,1,,3.0,0,
2026-09-14T15:55:11,Bert,serial_recall,baseline,5,visual,letters,12,5,middle,N,N,1.0,1,,3.0,0,
2026-09-14T15:55:11,Bert,serial_recall,baseline,5,visual,letters,12,6,middle,N,N,1.0,1,,3.0,0,
2026-09-14T15:55:11,Bert,serial_recall,baseline,5,visual,letters,12,7,middle,O,V,0.5,0,V,3.0,0,
2026-09-14T15:55:11,Bert,serial_recall,baseline,5,visual,letters,12,8,middle,V,O,1.0,0,O,3.0,0,
2026-09-14T15:55:11,Bert,serial_recall,baseline,5,visual,letters,12,9,end,J,J,0.5,1,,3.0,0,
2026-09-14T15:55:11,Bert,serial_recall,baseline,5,visual,letters,12,10,end,J,A,0.5,0,A,3.0,0,
2026-09-14T15:55:11,Bert,serial_recall,baseline,5,visual,letters,12,11,end,K,,0.0,0,,3.0,0,
2026-09-14T15:55:11,Bert,serial_recall,baseline,5,visual,letters,12,12,end,O,,0.5,0,,3.0,0,
2026-09-14T15:58:26,Bert,serial_recall,finger_tapping,1,visual,letters,12,1,start,I,I,1.0,1,,3.0,0,
2026-09-14T15:58:26,Bert,serial_recall,finger_tapping,1,visual,letters,12,2,start,N,N,1.0,1,,3.0,0,
2026-09-14T15:58:26,Bert,serial_recall,finger_tapping,1,visual,letters,12,3,start,B,B,1.0,1,,3.0,0,
2026-09-14T15:58:26,Bert,serial_recall,finger_tapping,1,visual,letters,12,4,start,Y,Y,0.5,1,,3.0,0,
2026-09-14T15:58:26,Bert,serial_recall,finger_tapping,1,visual,letters,12,5,middle,Q,Q,1.0,1,,3.0,0,
2026-09-14T15:58:26,Bert,serial_recall,finger_tapping,1,visual,letters,12,6,middle,C,C,1.0,1,,3.0,0,
2026-09-14T15:58:26,Bert,serial_recall,finger_tapping,1,visual,letters,12,7,middle,H,H,1.0,1,,3.0,0,
2026-09-14T15:58:26,Bert,serial_recall,finger_tapping,1,visual,letters,12,8,middle,I,I,1.0,1,,3.0,0,
2026-09-14T15:58:26,Bert,serial_recall,finger_tapping,1,visual,letters,12,9,end,Y,J,0.5,0,J,3.0,0,
2026-09-14T15:58:26,Bert,serial_recall,finger_tapping,1,visual,letters,12,10,end,W,C,0.0,0,C,3.0,0,
2026-09-14T15:58:26,Bert,serial_recall,finger_tapping,1,visual,letters,12,11,end,H,H,1.0,1,,3.0,0,
2026-09-14T15:58:26,Bert,serial_recall,finger_tapping,1,visual,letters,12,12,end,G,H,0.0,0,H,3.0,0,
2026-09-14T15:59:16,Bert,serial_recall,finger_tapping,2,visual,letters,12,1,start,A,A,1.0,1,,3.0,0,
2026-09-14T15:59:16,Bert,serial_recall,finger_tapping,2,visual,letters,12,2,start,L,L,1.0,1,,3.0,0,
2026-09-14T15:59:16,Bert,serial_recall,finger_tapping,2,visual,letters,12,3,start,F,F,1.0,1,,3.0,0,
2026-09-14T15:59:16,Bert,serial_recall,finger_tapping,2,visual,letters,12,4,start,C,C,1.0,1,,3.0,0,
2026-09-14T15:59:16,Bert,serial_recall,finger_tapping,2,visual,letters,12,5,middle,U,U,1.0,1,,3.0,0,
2026-09-14T15:59:16,Bert,serial_recall,finger_tapping,2,visual,letters,12,6,middle,X,X,1.0,1,,3.0,0,
2026-09-14T15:59:16,Bert,serial_recall,finger_tapping,2,visual,letters,12,7,middle,V,V,1.0,1,,3.0,0,
2026-09-14T15:59:16,Bert,serial_recall,finger_tapping,2,visual,letters,12,8,middle,D,D,1.0,1,,3.0,0,
2026-09-14T15:59:16,Bert,serial_recall,finger_tapping,2,visual,letters,12,9,end,D,D,1.0,1,,3.0,0,
2026-09-14T15:59:16,Bert,serial_recall,finger_tapping,2,visual,letters,12,10,end,O,U,0.0,0,U,3.0,0,
2026-09-14T15:59:16,Bert,serial_recall,finger_tapping,2,visual,letters,12,11,end,K,F,0.0,0,F,3.0,0,
2026-09-14T15:59:16,Bert,serial_recall,finger_tapping,2,visual,letters,12,12,end,U,C,1.0,0,C,3.0,0,
2026-09-14T16:00:31,Bert,serial_recall,finger_tapping,3,visual,letters,12,1,start,Y,U,0.0,0,U,3.0,0,
2026-09-14T16:00:31,Bert,serial_recall,finger_tapping,3,visual,letters,12,2,start,F,F,1.0,1,,3.0,0,
2026-09-14T16:00:31,Bert,serial_recall,finger_tapping,3,visual,letters,12,3,start,C,C,1.0,1,,3.0,0,
2026-09-14T16:00:31,Bert,serial_recall,finger_tapping,3,visual,letters,12,4,start,W,W,0.5,1,,3.0,0,
2026-09-14T16:00:31,Bert,serial_recall,finger_tapping,3,visual,letters,12,5,middle,O,O,0.5,1,,3.0,0,
2026-09-14T16:00:31,Bert,serial_recall,finger_tapping,3,visual,letters,12,6,middle,W,A,0.5,0,A,3.0,0,
2026-09-14T16:00:31,Bert,serial_recall,finger_tapping,3,visual,letters,12,7,middle,L,R,1.0,0,R,3.0,0,
2026-09-14T16:00:31,Bert,serial_recall,finger_tapping,3,visual,letters,12,8,middle,R,J,1.0,0,J,3.0,0,
2026-09-14T16:00:31,Bert,serial_recall,finger_tapping,3,visual,letters,12,9,end,A,H,1.0,0,H,3.0,0,
2026-09-14T16:00:31,Bert,serial_recall,finger_tapping,3,visual,letters,12,10,end,U,A,1.0,0,A,3.0,0,
2026-09-14T16:00:31,Bert,serial_recall,finger_tapping,3,visual,letters,12,11,end,N,R,0.0,0,R,3.0,0,
2026-09-14T16:00:31,Bert,serial_recall,finger_tapping,3,visual,letters,12,12,end,O,L,0.5,0,L,3.0,0,
2026-09-14T16:01:30,Bert,serial_recall,finger_tapping,4,visual,letters,12,1,start,P,P,1.0,1,,3.0,0,
2026-09-14T16:01:30,Bert,serial_recall,finger_tapping,4,visual,letters,12,2,start,E,E,1.0,1,,3.0,0,
2026-09-14T16:01:30,Bert,serial_recall,finger_tapping,4,visual,letters,12,3,start,C,C,1.0,1,,3.0,0,
2026-09-14T16:01:30,Bert,serial_recall,finger_tapping,4,visual,letters,12,4,start,D,D,1.0,1,,3.0,0,
2026-09-14T16:01:30,Bert,serial_recall,finger_tapping,4,visual,letters,12,5,middle,I,I,1.0,1,,3.0,0,
2026-09-14T16:01:30,Bert,serial_recall,finger_tapping,4,visual,letters,12,6,middle,T,T,0.5,1,,3.0,0,
2026-09-14T16:01:30,Bert,serial_recall,finger_tapping,4,visual,letters,12,7,middle,F,F,1.0,1,,3.0,0,
2026-09-14T16:01:30,Bert,serial_recall,finger_tapping,4,visual,letters,12,8,middle,V,V,0.5,1,,3.0,0,
2026-09-14T16:01:30,Bert,serial_recall,finger_tapping,4,visual,letters,12,9,end,T,C,0.5,0,C,3.0,0,
2026-09-14T16:01:30,Bert,serial_recall,finger_tapping,4,visual,letters,12,10,end,G,J,0.0,0,J,3.0,0,
2026-09-14T16:01:30,Bert,serial_recall,finger_tapping,4,visual,letters,12,11,end,V,Y,0.5,0,Y,3.0,0,
2026-09-14T16:01:30,Bert,serial_recall,finger_tapping,4,visual,letters,12,12,end,Y,Y,1.0,1,,3.0,0,
2026-09-14T16:03:03,Bert,serial_recall,finger_tapping,5,visual,letters,12,1,start,R,Q,1.0,0,Q,3.0,0,
2026-09-14T16:03:03,Bert,serial_recall,finger_tapping,5,visual,letters,12,2,start,C,W,0.0,0,W,3.0,0,
2026-09-14T16:03:03,Bert,serial_recall,finger_tapping,5,visual,letters,12,3,start,J,E,0.0,0,E,3.0,0,
2026-09-14T16:03:03,Bert,serial_recall,finger_tapping,5,visual,letters,12,4,start,X,R,0.0,0,R,3.0,0,
2026-09-14T16:03:03,Bert,serial_recall,finger_tapping,5,visual,letters,12,5,middle,S,T,0.333333,0,T,3.0,0,
2026-09-14T16:03:03,Bert,serial_recall,finger_tapping,5,visual,letters,12,6,middle,X,Y,0.0,0,Y,3.0,0,
2026-09-14T16:03:03,Bert,serial_recall,finger_tapping,5,visual,letters,12,7,middle,Z,U,0.0,0,U,3.0,0,
2026-09-14T16:03:03,Bert,serial_recall,finger_tapping,5,visual,letters,12,8,middle,B,I,0.0,0,I,3.0,0,
2026-09-14T16:03:03,Bert,serial_recall,finger_tapping,5,visual,letters,12,9,end,S,O,0.333333,0,O,3.0,0,
2026-09-14T16:03:03,Bert,serial_recall,finger_tapping,5,visual,letters,12,10,end,S,A,0.333333,0,A,3.0,0,
2026-09-14T16:03:03,Bert,serial_recall,finger_tapping,5,visual,letters,12,11,end,H,S,0.0,0,S,3.0,0,
2026-09-14T16:03:03,Bert,serial_recall,finger_tapping,5,visual,letters,12,12,end,U,D,1.0,0,D,3.0,0,
2026-09-14T16:07:15,Bert,serial_recall,articulatory_suppression,1,visual,letters,12,1,start,R,R,1.0,1,,3.0,0,
2026-09-14T16:07:15,Bert,serial_recall,articulatory_suppression,1,visual,letters,12,2,start,M,M,0.5,1,,3.0,0,
2026-09-14T16:07:15,Bert,serial_recall,articulatory_suppression,1,visual,letters,12,3,start,J,J,0.333333,1,,3.0,0,
2026-09-14T16:07:15,Bert,serial_recall,articulatory_suppression,1,visual,letters,12,4,start,F,Y,1.0,0,Y,3.0,0,
2026-09-14T16:07:15,Bert,serial_recall,articulatory_suppression,1,visual,letters,12,5,middle,H,F,0.0,0,F,3.0,0,
2026-09-14T16:07:15,Bert,serial_recall,articulatory_suppression,1,visual,letters,12,6,middle,I,Q,0.0,0,Q,3.0,0,
2026-09-14T16:07:15,Bert,serial_recall,articulatory_suppression,1,visual,letters,12,7,middle,J,S,0.333333,0,S,3.0,0,
2026-09-14T16:07:15,Bert,serial_recall,articulatory_suppression,1,visual,letters,12,8,middle,M,T,0.5,0,T,3.0,0,
2026-09-14T16:07:15,Bert,serial_recall,articulatory_suppression,1,visual,letters,12,9,end,O,P,1.0,0,P,3.0,0,
2026-09-14T16:07:15,Bert,serial_recall,articulatory_suppression,1,visual,letters,12,10,end,T,O,1.0,0,O,3.0,0,
2026-09-14T16:07:15,Bert,serial_recall,articulatory_suppression,1,visual,letters,12,11,end,W,R,0.0,0,R,3.0,0,
2026-09-14T16:07:15,Bert,serial_recall,articulatory_suppression,1,visual,letters,12,12,end,J,L,0.333333,0,L,3.0,0,
2026-09-14T16:08:23,Bert,serial_recall,articulatory_suppression,2,visual,letters,12,1,start,C,C,1.0,1,,3.0,0,
2026-09-14T16:08:23,Bert,serial_recall,articulatory_suppression,2,visual,letters,12,2,start,O,I,1.0,0,I,3.0,0,
2026-09-14T16:08:23,Bert,serial_recall,articulatory_suppression,2,visual,letters,12,3,start,I,J,1.0,0,J,3.0,0,
2026-09-14T16:08:23,Bert,serial_recall,articulatory_suppression,2,visual,letters,12,4,start,Z,O,1.0,0,O,3.0,0,
2026-09-14T16:08:23,Bert,serial_recall,articulatory_suppression,2,visual,letters,12,5,middle,J,M,0.5,0,M,3.0,0,
2026-09-14T16:08:23,Bert,serial_recall,articulatory_suppression,2,visual,letters,12,6,middle,W,Z,0.0,0,Z,3.0,0,
2026-09-14T16:08:23,Bert,serial_recall,articulatory_suppression,2,visual,letters,12,7,middle,J,A,0.5,0,A,3.0,0,
2026-09-14T16:08:23,Bert,serial_recall,articulatory_suppression,2,visual,letters,12,8,middle,B,R,0.0,0,R,3.0,0,
2026-09-14T16:08:23,Bert,serial_recall,articulatory_suppression,2,visual,letters,12,9,end,H,E,0.0,0,E,3.0,0,
2026-09-14T16:08:23,Bert,serial_recall,articulatory_suppression,2,visual,letters,12,10,end,Y,R,0.0,0,R,3.0,0,
2026-09-14T16:08:23,Bert,serial_recall,articulatory_suppression,2,visual,letters,12,11,end,C,C,1.0,1,,3.0,0,
2026-09-14T16:08:23,Bert,serial_recall,articulatory_suppression,2,visual,letters,12,12,end,M,M,1.0,1,,3.0,0,
2026-09-14T16:10:09,Bert,serial_recall,articulatory_suppression,3,visual,letters,12,1,start,K,K,1.0,1,,3.0,0,
2026-09-14T16:10:09,Bert,serial_recall,articulatory_suppression,3,visual,letters,12,2,start,B,B,0.5,1,,3.0,0,
2026-09-14T16:10:09,Bert,serial_recall,articulatory_suppression,3,visual,letters,12,3,start,A,A,0.5,1,,3.0,0,
2026-09-14T16:10:09,Bert,serial_recall,articulatory_suppression,3,visual,letters,12,4,start,R,R,1.0,1,,3.0,0,
2026-09-14T16:10:09,Bert,serial_recall,articulatory_suppression,3,visual,letters,12,5,middle,R,R,1.0,1,,3.0,0,
2026-09-14T16:10:09,Bert,serial_recall,articulatory_suppression,3,visual,letters,12,6,middle,B,J,0.5,0,J,3.0,0,
2026-09-14T16:10:09,Bert,serial_recall,articulatory_suppression,3,visual,letters,12,7,middle,J,E,1.0,0,E,3.0,0,
2026-09-14T16:10:09,Bert,serial_recall,articulatory_suppression,3,visual,letters,12,8,middle,H,R,0.0,0,R,3.0,0,
2026-09-14T16:10:09,Bert,serial_recall,articulatory_suppression,3,visual,letters,12,9,end,A,T,0.5,0,T,3.0,0,
2026-09-14T16:10:09,Bert,serial_recall,articulatory_suppression,3,visual,letters,12,10,end,H,S,0.0,0,S,3.0,0,
2026-09-14T16:10:09,Bert,serial_recall,articulatory_suppression,3,visual,letters,12,11,end,I,J,0.0,0,J,3.0,0,
2026-09-14T16:10:09,Bert,serial_recall,articulatory_suppression,3,visual,letters,12,12,end,J,L,1.0,0,L,3.0,0,
2026-09-14T16:11:05,Bert,serial_recall,articulatory_suppression,4,visual,letters,12,1,start,Z,Z,1.0,1,,3.0,0,
2026-09-14T16:11:05,Bert,serial_recall,articulatory_suppression,4,visual,letters,12,2,start,T,T,1.0,1,,3.0,0,
2026-09-14T16:11:05,Bert,serial_recall,articulatory_suppression,4,visual,letters,12,3,start,L,L,0.666667,1,,3.0,0,
2026-09-14T16:11:05,Bert,serial_recall,articulatory_suppression,4,visual,letters,12,4,start,L,L,0.666667,1,,3.0,0,
2026-09-14T16:11:05,Bert,serial_recall,articulatory_suppression,4,visual,letters,12,5,middle,D,D,1.0,1,,3.0,0,
2026-09-14T16:11:05,Bert,serial_recall,articulatory_suppression,4,visual,letters,12,6,middle,D,D,1.0,1,,3.0,0,
2026-09-14T16:11:05,Bert,serial_recall,articulatory_suppression,4,visual,letters,12,7,middle,O,Q,0.0,0,Q,3.0,0,
2026-09-14T16:11:05,Bert,serial_recall,articulatory_suppression,4,visual,letters,12,8,middle,E,U,0.0,0,U,3.0,0,
2026-09-14T16:11:05,Bert,serial_recall,articulatory_suppression,4,visual,letters,12,9,end,K,I,0.0,0,I,3.0,0,
2026-09-14T16:11:05,Bert,serial_recall,articulatory_suppression,4,visual,letters,12,10,end,L,T,0.666667,0,T,3.0,0,
2026-09-14T16:11:05,Bert,serial_recall,articulatory_suppression,4,visual,letters,12,11,end,H,M,0.0,0,M,3.0,0,
2026-09-14T16:11:05,Bert,serial_recall,articulatory_suppression,4,visual,letters,12,12,end,Q,S,1.0,0,S,3.0,0,
2026-09-14T16:11:58,Bert,serial_recall,articulatory_suppression,5,visual,letters,12,1,start,G,G,0.5,1,,3.0,0,
2026-09-14T16:11:58,Bert,serial_recall,articulatory_suppression,5,visual,letters,12,2,start,R,R,1.0,1,,3.0,0,
2026-09-14T16:11:58,Bert,serial_recall,articulatory_suppression,5,visual,letters,12,3,start,Z,Z,1.0,1,,3.0,0,
2026-09-14T16:11:58,Bert,serial_recall,articulatory_suppression,5,visual,letters,12,4,start,H,T,0.0,0,T,3.0,0,
2026-09-14T16:11:58,Bert,serial_recall,articulatory_suppression,5,visual,letters,12,5,middle,G,W,0.5,0,W,3.0,0,
2026-09-14T16:11:58,Bert,serial_recall,articulatory_suppression,5,visual,letters,12,6,middle,T,E,1.0,0,E,3.0,0,
2026-09-14T16:11:58,Bert,serial_recall,articulatory_suppression,5,visual,letters,12,7,middle,B,L,0.0,0,L,3.0,0,
2026-09-14T16:11:58,Bert,serial_recall,articulatory_suppression,5,visual,letters,12,8,middle,W,S,1.0,0,S,3.0,0,
2026-09-14T16:11:58,Bert,serial_recall,articulatory_suppression,5,visual,letters,12,9,end,K,K,1.0,1,,3.0,0,
2026-09-14T16:11:58,Bert,serial_recall,articulatory_suppression,5,visual,letters,12,10,end,H,W,0.0,0,W,3.0,0,
2026-09-14T16:11:58,Bert,serial_recall,articulatory_suppression,5,visual,letters,12,11,end,E,E,1.0,1,,3.0,0,
2026-09-14T16:11:58,Bert,serial_recall,articulatory_suppression,5,visual,letters,12,12,end,H,R,0.0,0,R,3.0,0,
2026-09-14T16:13:32,Bert,serial_recall,capacity_n4,1,visual,letters,4,1,start,C,C,1.0,1,,3.0,0,
2026-09-14T16:13:32,Bert,serial_recall,capacity_n4,1,visual,letters,4,2,start,X,X,1.0,1,,3.0,0,
2026-09-14T16:13:32,Bert,serial_recall,capacity_n4,1,visual,letters,4,3,middle,K,K,1.0,1,,3.0,0,
2026-09-14T16:13:32,Bert,serial_recall,capacity_n4,1,visual,letters,4,4,end,K,K,1.0,1,,3.0,0,
2026-09-14T16:13:49,Bert,serial_recall,capacity_n4,2,visual,letters,4,1,start,S,S,1.0,1,,3.0,0,
2026-09-14T16:13:49,Bert,serial_recall,capacity_n4,2,visual,letters,4,2,start,A,A,1.0,1,,3.0,0,
2026-09-14T16:13:49,Bert,serial_recall,capacity_n4,2,visual,letters,4,3,middle,S,S,1.0,1,,3.0,0,
2026-09-14T16:13:49,Bert,serial_recall,capacity_n4,2,visual,letters,4,4,end,L,L,1.0,1,,3.0,0,
2026-09-14T16:14:09,Bert,serial_recall,capacity_n5,3,visual,letters,5,1,start,X,X,1.0,1,,3.0,0,
2026-09-14T16:14:09,Bert,serial_recall,capacity_n5,3,visual,letters,5,2,start,H,H,1.0,1,,3.0,0,
2026-09-14T16:14:09,Bert,serial_recall,capacity_n5,3,visual,letters,5,3,middle,V,V,1.0,1,,3.0,0,
2026-09-14T16:14:09,Bert,serial_recall,capacity_n5,3,visual,letters,5,4,middle,Q,Q,1.0,1,,3.0,0,
2026-09-14T16:14:09,Bert,serial_recall,capacity_n5,3,visual,letters,5,5,end,K,K,1.0,1,,3.0,0,
2026-09-14T16:14:29,Bert,serial_recall,capacity_n5,4,visual,letters,5,1,start,N,N,1.0,1,,3.0,0,
2026-09-14T16:14:29,Bert,serial_recall,capacity_n5,4,visual,letters,5,2,start,X,X,1.0,1,,3.0,0,
2026-09-14T16:14:29,Bert,serial_recall,capacity_n5,4,visual,letters,5,3,middle,F,F,1.0,1,,3.0,0,
2026-09-14T16:14:29,Bert,serial_recall,capacity_n5,4,visual,letters,5,4,middle,H,H,1.0,1,,3.0,0,
2026-09-14T16:14:29,Bert,serial_recall,capacity_n5,4,visual,letters,5,5,end,B,B,1.0,1,,3.0,0,
2026-09-14T16:14:56,Bert,serial_recall,capacity_n6,5,visual,letters,6,1,start,M,M,1.0,1,,3.0,0,
2026-09-14T16:14:56,Bert,serial_recall,capacity_n6,5,visual,letters,6,2,start,B,B,1.0,1,,3.0,0,
2026-09-14T16:14:56,Bert,serial_recall,capacity_n6,5,visual,letters,6,3,middle,A,A,1.0,1,,3.0,0,
2026-09-14T16:14:56,Bert,serial_recall,capacity_n6,5,visual,letters,6,4,middle,J,J,1.0,1,,3.0,0,
2026-09-14T16:14:56,Bert,serial_recall,capacity_n6,5,visual,letters,6,5,end,S,S,1.0,1,,3.0,0,
2026-09-14T16:14:56,Bert,serial_recall,capacity_n6,5,visual,letters,6,6,end,Z,Z,1.0,1,,3.0,0,
2026-09-14T16:15:25,Bert,serial_recall,capacity_n6,6,visual,letters,6,1,start,O,O,0.5,1,,3.0,0,
2026-09-14T16:15:25,Bert,serial_recall,capacity_n6,6,visual,letters,6,2,start,H,H,1.0,1,,3.0,0,
2026-09-14T16:15:25,Bert,serial_recall,capacity_n6,6,visual,letters,6,3,middle,E,E,1.0,1,,3.0,0,
2026-09-14T16:15:25,Bert,serial_recall,capacity_n6,6,visual,letters,6,4,middle,H,H,1.0,1,,3.0,0,
2026-09-14T16:15:25,Bert,serial_recall,capacity_n6,6,visual,letters,6,5,end,Y,Y,1.0,1,,3.0,0,
2026-09-14T16:15:25,Bert,serial_recall,capacity_n6,6,visual,letters,6,6,end,O,M,0.5,0,M,3.0,0,
2026-09-14T16:15:52,Bert,serial_recall,capacity_n7,7,visual,letters,7,1,start,P,P,1.0,1,,3.0,0,
2026-09-14T16:15:52,Bert,serial_recall,capacity_n7,7,visual,letters,7,2,start,W,W,1.0,1,,3.0,0,
2026-09-14T16:15:52,Bert,serial_recall,capacity_n7,7,visual,letters,7,3,start,W,W,1.0,1,,3.0,0,
2026-09-14T16:15:52,Bert,serial_recall,capacity_n7,7,visual,letters,7,4,middle,X,X,1.0,1,,3.0,0,
2026-09-14T16:15:52,Bert,serial_recall,capacity_n7,7,visual,letters,7,5,middle,G,G,1.0,1,,3.0,0,
2026-09-14T16:15:52,Bert,serial_recall,capacity_n7,7,visual,letters,7,6,end,G,G,1.0,1,,3.0,0,
2026-09-14T16:15:52,Bert,serial_recall,capacity_n7,7,visual,letters,7,7,end,D,D,1.0,1,,3.0,0,
2026-09-14T16:16:19,Bert,serial_recall,capacity_n7,8,visual,letters,7,1,start,G,G,1.0,1,,3.0,0,
2026-09-14T16:16:19,Bert,serial_recall,capacity_n7,8,visual,letters,7,2,start,A,A,1.0,1,,3.0,0,
2026-09-14T16:16:19,Bert,serial_recall,capacity_n7,8,visual,letters,7,3,start,Y,Y,1.0,1,,3.0,0,
2026-09-14T16:16:19,Bert,serial_recall,capacity_n7,8,visual,letters,7,4,middle,H,H,1.0,1,,3.0,0,
2026-09-14T16:16:19,Bert,serial_recall,capacity_n7,8,visual,letters,7,5,middle,U,U,1.0,1,,3.0,0,
2026-09-14T16:16:19,Bert,serial_recall,capacity_n7,8,visual,letters,7,6,end,I,I,1.0,1,,3.0,0,
2026-09-14T16:16:19,Bert,serial_recall,capacity_n7,8,visual,letters,7,7,end,G,G,1.0,1,,3.0,0,
2026-09-14T16:16:50,Bert,serial_recall,capacity_n8,9,visual,letters,8,1,start,C,C,1.0,1,,3.0,0,
2026-09-14T16:16:50,Bert,serial_recall,capacity_n8,9,visual,letters,8,2,start,T,T,1.0,1,,3.0,0,
2026-09-14T16:16:50,Bert,serial_recall,capacity_n8,9,visual,letters,8,3,start,E,E,1.0,1,,3.0,0,
2026-09-14T16:16:50,Bert,serial_recall,capacity_n8,9,visual,letters,8,4,middle,C,C,1.0,1,,3.0,0,
2026-09-14T16:16:50,Bert,serial_recall,capacity_n8,9,visual,letters,8,5,middle,K,K,1.0,1,,3.0,0,
2026-09-14T16:16:50,Bert,serial_recall,capacity_n8,9,visual,letters,8,6,middle,Q,Q,1.0,1,,3.0,0,
2026-09-14T16:16:50,Bert,serial_recall,capacity_n8,9,visual,letters,8,7,end,C,C,1.0,1,,3.0,0,
2026-09-14T16:16:50,Bert,serial_recall,capacity_n8,9,visual,letters,8,8,end,H,H,1.0,1,,3.0,0,
2026-09-14T16:17:20,Bert,serial_recall,capacity_n8,10,visual,letters,8,1,start,M,M,1.0,1,,3.0,0,
2026-09-14T16:17:20,Bert,serial_recall,capacity_n8,10,visual,letters,8,2,start,A,A,1.0,1,,3.0,0,
2026-09-14T16:17:20,Bert,serial_recall,capacity_n8,10,visual,letters,8,3,start,I,I,1.0,1,,3.0,0,
2026-09-14T16:17:20,Bert,serial_recall,capacity_n8,10,visual,letters,8,4,middle,O,O,1.0,1,,3.0,0,
2026-09-14T16:17:20,Bert,serial_recall,capacity_n8,10,visual,letters,8,5,middle,I,I,1.0,1,,3.0,0,
2026-09-14T16:17:20,Bert,serial_recall,capacity_n8,10,visual,letters,8,6,middle,M,M,1.0,1,,3.0,0,
2026-09-14T16:17:20,Bert,serial_recall,capacity_n8,10,visual,letters,8,7,end,N,N,1.0,1,,3.0,0,
2026-09-14T16:17:20,Bert,serial_recall,capacity_n8,10,visual,letters,8,8,end,D,D,1.0,1,,3.0,0,
2026-09-14T16:18:20,Bert,serial_recall,capacity_n9,11,visual,letters,9,1,start,W,W,1.0,1,,3.0,0,
2026-09-14T16:18:20,Bert,serial_recall,capacity_n9,11,visual,letters,9,2,start,T,F,1.0,0,F,3.0,0,
2026-09-14T16:18:20,Bert,serial_recall,capacity_n9,11,visual,letters,9,3,start,H,H,1.0,1,,3.0,0,
2026-09-14T16:18:20,Bert,serial_recall,capacity_n9,11,visual,letters,9,4,middle,N,H,0.0,0,H,3.0,0,
2026-09-14T16:18:20,Bert,serial_recall,capacity_n9,11,visual,letters,9,5,middle,F,L,0.5,0,L,3.0,0,
2026-09-14T16:18:20,Bert,serial_recall,capacity_n9,11,visual,letters,9,6,middle,Z,E,0.0,0,E,3.0,0,
2026-09-14T16:18:20,Bert,serial_recall,capacity_n9,11,visual,letters,9,7,end,O,G,0.0,0,G,3.0,0,
2026-09-14T16:18:20,Bert,serial_recall,capacity_n9,11,visual,letters,9,8,end,O,X,0.0,0,X,3.0,0,
2026-09-14T16:18:20,Bert,serial_recall,capacity_n9,11,visual,letters,9,9,end,F,T,0.5,0,T,3.0,0,
2026-09-14T16:18:57,Bert,serial_recall,capacity_n9,12,visual,letters,9,1,start,H,H,1.0,1,,3.0,0,
2026-09-14T16:18:57,Bert,serial_recall,capacity_n9,12,visual,letters,9,2,start,J,J,1.0,1,,3.0,0,
2026-09-14T16:18:57,Bert,serial_recall,capacity_n9,12,visual,letters,9,3,start,U,U,1.0,1,,3.0,0,
2026-09-14T16:18:57,Bert,serial_recall,capacity_n9,12,visual,letters,9,4,middle,Z,Z,1.0,1,,3.0,0,
2026-09-14T16:18:57,Bert,serial_recall,capacity_n9,12,visual,letters,9,5,middle,W,W,1.0,1,,3.0,0,
2026-09-14T16:18:57,Bert,serial_recall,capacity_n9,12,visual,letters,9,6,middle,J,J,1.0,1,,3.0,0,
2026-09-14T16:18:57,Bert,serial_recall,capacity_n9,12,visual,letters,9,7,end,O,U,0.0,0,U,3.0,0,
2026-09-14T16:18:57,Bert,serial_recall,capacity_n9,12,visual,letters,9,8,end,R,R,1.0,1,,3.0,0,
2026-09-14T16:18:57,Bert,serial_recall,capacity_n9,12,visual,letters,9,9,end,Q,T,0.0,0,T,3.0,0,
2026-09-14T16:23:45,Bert,idiom_serial_recall,real_idioms,1,visual,phrases,12,1,start,at komme op i det roede felt,,0.0,0,,3.0,0,
2026-09-14T16:23:45,Bert,idiom_serial_recall,real_idioms,1,visual,phrases,12,2,start,at faa kolde foedder,,0.0,0,,3.0,0,
2026-09-14T16:23:45,Bert,idiom_serial_recall,real_idioms,1,visual,phrases,12,3,start,at male fanden paa vaeggen,,0.0,0,,3.0,0,
2026-09-14T16:23:45,Bert,idiom_serial_recall,real_idioms,1,visual,phrases,12,4,start,at have rent mel i posen,,0.0,0,,3.0,0,
2026-09-14T16:23:45,Bert,idiom_serial_recall,real_idioms,1,visual,phrases,12,5,middle,at staa med haaret i postkassen,,0.0,0,,3.0,0,
2026-09-14T16:23:45,Bert,idiom_serial_recall,real_idioms,1,visual,phrases,12,6,middle,at slaa to fluer med et smaek,,0.0,0,,3.0,0,
2026-09-14T16:23:45,Bert,idiom_serial_recall,real_idioms,1,visual,phrases,12,7,middle,at faa blod paa tanden,,0.0,0,,3.0,0,
2026-09-14T16:23:45,Bert,idiom_serial_recall,real_idioms,1,visual,phrases,12,8,middle,at faa en fjer i hatten,,0.0,0,,3.0,0,
2026-09-14T16:23:45,Bert,idiom_serial_recall,real_idioms,1,visual,phrases,12,9,end,at feje for egen doer,,0.0,0,,3.0,0,
2026-09-14T16:23:45,Bert,idiom_serial_recall,real_idioms,1,visual,phrases,12,10,end,at have is i maven,,0.0,0,,3.0,0,
2026-09-14T16:23:45,Bert,idiom_serial_recall,real_idioms,1,visual,phrases,12,11,end,at vende paa en tallerken,,0.0,0,,3.0,0,
2026-09-14T16:23:45,Bert,idiom_serial_recall,real_idioms,1,visual,phrases,12,12,end,at give den gas,,0.0,0,,3.0,0,
2026-09-14T22:33:24,Bert,idiom_serial_recall,real_idioms,1,visual,phrases,12,1,start,at holde tungen lige i munden,at holde tungen lige i munden,1.0,1,,3.0,0,
2026-09-14T22:33:24,Bert,idiom_serial_recall,real_idioms,1,visual,phrases,12,2,start,at gaa over gevind,at gaa over gevind,1.0,1,,3.0,0,
2026-09-14T22:33:24,Bert,idiom_serial_recall,real_idioms,1,visual,phrases,12,3,start,at gaa paa vandet,at gaa paa vandet,1.0,1,,3.0,0,
2026-09-14T22:33:24,Bert,idiom_serial_recall,real_idioms,1,visual,phrases,12,4,start,at bide i det sure aeble,at bide i det sure aeble,1.0,1,,3.0,0,
2026-09-14T22:33:24,Bert,idiom_serial_recall,real_idioms,1,visual,phrases,12,5,middle,at traekke det korteste straa,at faa blod paa tanden,0.0,0,at faa blod paa tanden,3.0,0,
2026-09-14T22:33:24,Bert,idiom_serial_recall,real_idioms,1,visual,phrases,12,6,middle,at komme op i det roede felt,at faa kolde foedder,0.0,0,at faa kolde foedder,3.0,0,
2026-09-14T22:33:24,Bert,idiom_serial_recall,real_idioms,1,visual,phrases,12,7,middle,at male fanden paa vaeggen,at gaa paa vandet,0.0,0,at gaa paa vandet,3.0,0,
2026-09-14T22:33:24,Bert,idiom_serial_recall,real_idioms,1,visual,phrases,12,8,middle,at tage det sure med det soede,at staa med haaret i postkassen,0.0,0,at staa med haaret i postkassen,3.0,0,
2026-09-14T22:33:24,Bert,idiom_serial_recall,real_idioms,1,visual,phrases,12,9,end,at faa en fjer i hatten,at tale frit fra leveren,0.0,0,at tale frit fra leveren,3.0,0,
2026-09-14T22:33:24,Bert,idiom_serial_recall,real_idioms,1,visual,phrases,12,10,end,at staa med haaret i postkassen,,1.0,0,,3.0,0,
2026-09-14T22:33:24,Bert,idiom_serial_recall,real_idioms,1,visual,phrases,12,11,end,at have oejne i nakken,,0.0,0,,3.0,0,
2026-09-14T22:33:24,Bert,idiom_serial_recall,real_idioms,1,visual,phrases,12,12,end,at feje for egen doer,,0.0,0,,3.0,0,
2026-09-14T22:36:02,Bert,idiom_serial_recall,real_idioms,2,visual,phrases,12,1,start,at vaere en strid banan,at vaere en strid banan,1.0,1,,3.0,0,
2026-09-14T22:36:02,Bert,idiom_serial_recall,real_idioms,2,visual,phrases,12,2,start,at loebe panden mod en mur,at loebe panden mod en mur,1.0,1,,3.0,0,
2026-09-14T22:36:02,Bert,idiom_serial_recall,real_idioms,2,visual,phrases,12,3,start,at slaa en streg i sandet,at slaa en streg i sandet,1.0,1,,3.0,0,
2026-09-14T22:36:02,Bert,idiom_serial_recall,real_idioms,2,visual,phrases,12,4,start,at gaa over gevind,at gaa over gevind,1.0,1,,3.0,0,
2026-09-14T22:36:02,Bert,idiom_serial_recall,real_idioms,2,visual,phrases,12,5,middle,at tabe ansigt,at have is i maven,0.0,0,at have is i maven,3.0,0,
2026-09-14T22:36:02,Bert,idiom_serial_recall,real_idioms,2,visual,phrases,12,6,middle,at have oejne i nakken,at faa blod paa tanden,0.0,0,at faa blod paa tanden,3.0,0,
2026-09-14T22:36:02,Bert,idiom_serial_recall,real_idioms,2,visual,phrases,12,7,middle,at have sommerfugle i maven,,0.0,0,,3.0,0,
2026-09-14T22:36:02,Bert,idiom_serial_recall,real_idioms,2,visual,phrases,12,8,middle,at traekke det korteste straa,,0.0,0,,3.0,0,
2026-09-14T22:36:02,Bert,idiom_serial_recall,real_idioms,2,visual,phrases,12,9,end,at have mange bolde i luften,,0.0,0,,3.0,0,
2026-09-14T22:36:02,Bert,idiom_serial_recall,real_idioms,2,visual,phrases,12,10,end,at have is i maven,,1.0,0,,3.0,0,
2026-09-14T22:36:02,Bert,idiom_serial_recall,real_idioms,2,visual,phrases,12,11,end,at faa blod paa tanden,,1.0,0,,3.0,0,
2026-09-14T22:36:02,Bert,idiom_serial_recall,real_idioms,2,visual,phrases,12,12,end,at gaa nedenom og hjem,at gaa nedenom og hjem,1.0,1,,3.0,0,
2026-09-14T22:38:11,Bert,idiom_serial_recall,real_idioms,3,visual,phrases,12,1,start,at traekke det korteste straa,at traekke det korteste straa,1.0,1,,3.0,0,
2026-09-14T22:38:11,Bert,idiom_serial_recall,real_idioms,3,visual,phrases,12,2,start,at tage tyren ved hornene,at tage tyren ved hornene,1.0,1,,3.0,0,
2026-09-14T22:38:11,Bert,idiom_serial_recall,real_idioms,3,visual,phrases,12,3,start,at gaa paa vandet,at gaa paa vandet,1.0,1,,3.0,0,
2026-09-14T22:38:11,Bert,idiom_serial_recall,real_idioms,3,visual,phrases,12,4,start,at faa kolde foedder,at gaa paa vandet,0.0,0,at gaa paa vandet,3.0,0,
2026-09-14T22:38:11,Bert,idiom_serial_recall,real_idioms,3,visual,phrases,12,5,middle,at gaa nedenom og hjem,,0.0,0,,3.0,0,
2026-09-14T22:38:11,Bert,idiom_serial_recall,real_idioms,3,visual,phrases,12,6,middle,at loebe panden mod en mur,,0.0,0,,3.0,0,
2026-09-14T22:38:11,Bert,idiom_serial_recall,real_idioms,3,visual,phrases,12,7,middle,at gaa agurk,,0.0,0,,3.0,0,
2026-09-14T22:38:11,Bert,idiom_serial_recall,real_idioms,3,visual,phrases,12,8,middle,at slaa to fluer med et smaek,,0.0,0,,3.0,0,
2026-09-14T22:38:11,Bert,idiom_serial_recall,real_idioms,3,visual,phrases,12,9,end,at tabe ansigt,,0.0,0,,3.0,0,
2026-09-14T22:38:11,Bert,idiom_serial_recall,real_idioms,3,visual,phrases,12,10,end,at vaere en strid banan,,0.0,0,,3.0,0,
2026-09-14T22:38:11,Bert,idiom_serial_recall,real_idioms,3,visual,phrases,12,11,end,at gaa over gevind,at gaa over gevind,1.0,1,,3.0,0,
2026-09-14T22:38:11,Bert,idiom_serial_recall,real_idioms,3,visual,phrases,12,12,end,at staa med haaret i postkassen,at staa med haaret i postkassen,1.0,1,,3.0,0,
2026-09-14T22:43:19,Bert,idiom_serial_recall,fake_idioms,1,visual,phrases,12,1,start,at traekke gardinet for tidligt,at traekke gardinet for tidligt,1.0,1,,3.0,0,
2026-09-14T22:43:19,Bert,idiom_serial_recall,fake_idioms,1,visual,phrases,12,2,start,at have for mange noegler i lommen,at have for mange noegler i lommen,1.0,1,,3.0,0,
2026-09-14T22:43:19,Bert,idiom_serial_recall,fake_idioms,1,visual,phrases,12,3,start,at slaa hul i sin egen paraply,,0.0,0,,3.0,0,
2026-09-14T22:43:19,Bert,idiom_serial_recall,fake_idioms,1,visual,phrases,12,4,start,at faa vand over stoevlekanten,,0.0,0,,3.0,0,
2026-09-14T22:43:19,Bert,idiom_serial_recall,fake_idioms,1,visual,phrases,12,5,middle,at have en raev i rygsaekken,,0.0,0,,3.0,0,
2026-09-14T22:43:19,Bert,idiom_serial_recall,fake_idioms,1,visual,phrases,12,6,middle,at have begge foedder paa samme trin,,0.0,0,,3.0,0,
2026-09-14T22:43:19,Bert,idiom_serial_recall,fake_idioms,1,visual,phrases,12,7,middle,at staa med naesen i postkassen,,0.0,0,,3.0,0,
2026-09-14T22:43:19,Bert,idiom_serial_recall,fake_idioms,1,visual,phrases,12,8,middle,at gaa med gaflen i suppen,,0.0,0,,3.0,0,
2026-09-14T22:43:19,Bert,idiom_serial_recall,fake_idioms,1,visual,phrases,12,9,end,at staa med begge ben i samme stoevle,,0.0,0,,3.0,0,
2026-09-14T22:43:19,Bert,idiom_serial_recall,fake_idioms,1,visual,phrases,12,10,end,at saette sejl i modvind,,1.0,0,,3.0,0,
2026-09-14T22:43:19,Bert,idiom_serial_recall,fake_idioms,1,visual,phrases,12,11,end,at faa grus under vingerne,at saette sejl i modvind,1.0,0,at saette sejl i modvind,3.0,0,
2026-09-14T22:43:19,Bert,idiom_serial_recall,fake_idioms,1,visual,phrases,12,12,end,at loebe efter sin egen skygge,at faa grus under vingerne,0.0,0,at faa grus under vingerne,3.0,0,
2026-09-14T22:46:02,Bert,idiom_serial_recall,fake_idioms,2,visual,phrases,12,1,start,at slaa hul i sin egen paraply,at slaa hul i sin egen paraply,1.0,1,,3.0,0,
2026-09-14T22:46:02,Bert,idiom_serial_recall,fake_idioms,2,visual,phrases,12,2,start,at have begge haender i honningkrukken,at have begge haender i honningkrukken,1.0,1,,3.0,0,
2026-09-14T22:46:02,Bert,idiom_serial_recall,fake_idioms,2,visual,phrases,12,3,start,at faa grus under vingerne,at have grus mellem taenderne,0.0,0,at have grus mellem taenderne,3.0,0,
2026-09-14T22:46:02,Bert,idiom_serial_recall,fake_idioms,2,visual,phrases,12,4,start,at kaste braende paa den forkerte baad,,0.0,0,,3.0,0,
2026-09-14T22:46:02,Bert,idiom_serial_recall,fake_idioms,2,visual,phrases,12,5,middle,at have sand mellem taenderne,,0.0,0,,3.0,0,
2026-09-14T22:46:02,Bert,idiom_serial_recall,fake_idioms,2,visual,phrases,12,6,middle,at loebe efter sin egen skygge,at slaa soem i taagen,0.0,0,at slaa soem i taagen,3.0,0,
2026-09-14T22:46:02,Bert,idiom_serial_recall,fake_idioms,2,visual,phrases,12,7,middle,at have maanen i baglommen,,0.0,0,,3.0,0,
2026-09-14T22:46:02,Bert,idiom_serial_recall,fake_idioms,2,visual,phrases,12,8,middle,at slaa soem i taagen,,1.0,0,,3.0,0,
2026-09-14T22:46:02,Bert,idiom_serial_recall,fake_idioms,2,visual,phrases,12,9,end,at gaa med gaflen i suppen,,0.0,0,,3.0,0,
2026-09-14T22:46:02,Bert,idiom_serial_recall,fake_idioms,2,visual,phrases,12,10,end,at staa med begge ben i samme stoevle,,0.0,0,,3.0,0,
2026-09-14T22:46:02,Bert,idiom_serial_recall,fake_idioms,2,visual,phrases,12,11,end,at have en raev i rygsaekken,at have en raev i rygsaekken,1.0,1,,3.0,0,
2026-09-14T22:46:02,Bert,idiom_serial_recall,fake_idioms,2,visual,phrases,12,12,end,at taende lampen i dagslys,at taende lampen i dagslys,1.0,1,,3.0,0,
2026-09-14T22:47:40,Bert,idiom_serial_recall,fake_idioms,3,visual,phrases,12,1,start,at gaa rundt om den samme sten,at gaa rundt om den samme sten,1.0,1,,3.0,0,
2026-09-14T22:47:40,Bert,idiom_serial_recall,fake_idioms,3,visual,phrases,12,2,start,at have grus i maskineriet,,0.0,0,,3.0,0,
2026-09-14T22:47:40,Bert,idiom_serial_recall,fake_idioms,3,visual,phrases,12,3,start,at vende koppen paa hovedet,,0.0,0,,3.0,0,
2026-09-14T22:47:40,Bert,idiom_serial_recall,fake_idioms,3,visual,phrases,12,4,start,at staa med begge ben i samme stoevle,,0.0,0,,3.0,0,
2026-09-14T22:47:40,Bert,idiom_serial_recall,fake_idioms,3,visual,phrases,12,5,middle,at holde doeren med albuen,,0.0,0,,3.0,0,
2026-09-14T22:47:40,Bert,idiom_serial_recall,fake_idioms,3,visual,phrases,12,6,middle,at gaa med hovedet under armen,,0.0,0,,3.0,0,
2026-09-14T22:47:40,Bert,idiom_serial_recall,fake_idioms,3,visual,phrases,12,7,middle,at slaa knude paa sin egen hale,,0.0,0,,3.0,0,
2026-09-14T22:47:40,Bert,idiom_serial_recall,fake_idioms,3,visual,phrases,12,8,middle,at gaa med gaflen i suppen,,0.0,0,,3.0,0,
2026-09-14T22:47:40,Bert,idiom_serial_recall,fake_idioms,3,visual,phrases,12,9,end,at saette sin hat efter vinden,,0.0,0,,3.0,0,
2026-09-14T22:47:40,Bert,idiom_serial_recall,fake_idioms,3,visual,phrases,12,10,end,at have for mange noegler i lommen,,0.0,0,,3.0,0,
2026-09-14T22:47:40,Bert,idiom_serial_recall,fake_idioms,3,visual,phrases,12,11,end,at have begge foedder paa samme trin,,0.0,0,,3.0,0,
2026-09-14T22:47:40,Bert,idiom_serial_recall,fake_idioms,3,visual,phrases,12,12,end,at taende lampen i dagslys,at taende lampen i dagslys,1.0,1,,3.0,0,
2026-09-15T09:36:51,Bert,idiom_serial_recall,fake_idioms,1,visual,phrases,12,1,start,at have begge foedder paa samme trin,at have begge foedder paa samme trin,1.0,1,,3.0,0,
2026-09-15T09:36:51,Bert,idiom_serial_recall,fake_idioms,1,visual,phrases,12,2,start,at have en sten under hatten,,0.0,0,,3.0,0,
2026-09-15T09:36:51,Bert,idiom_serial_recall,fake_idioms,1,visual,phrases,12,3,start,at traekke gardinet for tidligt,,0.0,0,,3.0,0,
2026-09-15T09:36:51,Bert,idiom_serial_recall,fake_idioms,1,visual,phrases,12,4,start,at gaa med hovedet under armen,,0.0,0,,3.0,0,
2026-09-15T09:36:51,Bert,idiom_serial_recall,fake_idioms,1,visual,phrases,12,5,middle,at saette stoevlerne i den forkerte groeft,,0.0,0,,3.0,0,
2026-09-15T09:36:51,Bert,idiom_serial_recall,fake_idioms,1,visual,phrases,12,6,middle,at have en raev i rygsaekken,,0.0,0,,3.0,0,
2026-09-15T09:36:51,Bert,idiom_serial_recall,fake_idioms,1,visual,phrases,12,7,middle,at holde doeren med albuen,at have grus i taenderne,0.0,0,at have grus i taenderne,3.0,0,
2026-09-15T09:36:51,Bert,idiom_serial_recall,fake_idioms,1,visual,phrases,12,8,middle,at haenge hatten paa den forkerte knage,,0.0,0,,3.0,0,
2026-09-15T09:36:51,Bert,idiom_serial_recall,fake_idioms,1,visual,phrases,12,9,end,at traekke taeppet over hovedet,,0.0,0,,3.0,0,
2026-09-15T09:36:51,Bert,idiom_serial_recall,fake_idioms,1,visual,phrases,12,10,end,at have grus i maskineriet,,0.0,0,,3.0,0,
2026-09-15T09:36:51,Bert,idiom_serial_recall,fake_idioms,1,visual,phrases,12,11,end,at kaste hatten foer festen,,0.0,0,,3.0,0,
2026-09-15T09:36:51,Bert,idiom_serial_recall,fake_idioms,1,visual,phrases,12,12,end,at vende koppen paa hovedet,at vende koppen paa hovedet,1.0,1,,3.0,0,
2026-09-15T09:39:10,Bert,idiom_serial_recall,fake_idioms,2,visual,phrases,12,1,start,at saette stoevlerne i den forkerte groeft,at have en sten under hatten,0.0,0,at have en sten under hatten,3.0,0,
2026-09-15T09:39:10,Bert,idiom_serial_recall,fake_idioms,2,visual,phrases,12,2,start,at have en sten under hatten,at saette sejl i modvind,1.0,0,at saette sejl i modvind,3.0,0,
2026-09-15T09:39:10,Bert,idiom_serial_recall,fake_idioms,2,visual,phrases,12,3,start,at kaste braende paa den forkerte baad,,0.0,0,,3.0,0,
2026-09-15T09:39:10,Bert,idiom_serial_recall,fake_idioms,2,visual,phrases,12,4,start,at faa vand over stoevlekanten,at staa med begge ben i samme stoevle,0.0,0,at staa med begge ben i samme stoevle,3.0,0,
2026-09-15T09:39:10,Bert,idiom_serial_recall,fake_idioms,2,visual,phrases,12,5,middle,at haenge hatten paa den forkerte knage,,0.0,0,,3.0,0,
2026-09-15T09:39:10,Bert,idiom_serial_recall,fake_idioms,2,visual,phrases,12,6,middle,at slaa knude paa sin egen hale,,0.0,0,,3.0,0,
2026-09-15T09:39:10,Bert,idiom_serial_recall,fake_idioms,2,visual,phrases,12,7,middle,at saette sejl i modvind,,1.0,0,,3.0,0,
2026-09-15T09:39:10,Bert,idiom_serial_recall,fake_idioms,2,visual,phrases,12,8,middle,at traekke gardinet for tidligt,,0.0,0,,3.0,0,
2026-09-15T09:39:10,Bert,idiom_serial_recall,fake_idioms,2,visual,phrases,12,9,end,at saette sin hat efter vinden,at have vinden i lommen,0.0,0,at have vinden i lommen,3.0,0,
2026-09-15T09:39:10,Bert,idiom_serial_recall,fake_idioms,2,visual,phrases,12,10,end,at staa med begge ben i samme stoevle,,1.0,0,,3.0,0,
2026-09-15T09:39:10,Bert,idiom_serial_recall,fake_idioms,2,visual,phrases,12,11,end,at have vinden under skjorten,,0.0,0,,3.0,0,
2026-09-15T09:39:10,Bert,idiom_serial_recall,fake_idioms,2,visual,phrases,12,12,end,at gaa med gaflen i suppen,at gaa med gaflen i suppen,1.0,1,,3.0,0,
2026-09-15T09:41:01,Bert,idiom_serial_recall,fake_idioms,3,visual,phrases,12,1,start,at faa grus under vingerne,at have sand mellem taenderne,0.0,0,at have sand mellem taenderne,3.0,0,
2026-09-15T09:41:01,Bert,idiom_serial_recall,fake_idioms,3,visual,phrases,12,2,start,at faa regn i stoevlerne,,0.0,0,,3.0,0,
2026-09-15T09:41:01,Bert,idiom_serial_recall,fake_idioms,3,visual,phrases,12,3,start,at traekke taeppet over hovedet,,0.0,0,,3.0,0,
2026-09-15T09:41:01,Bert,idiom_serial_recall,fake_idioms,3,visual,phrases,12,4,start,at slaa knude paa sin egen hale,,0.0,0,,3.0,0,
2026-09-15T09:41:01,Bert,idiom_serial_recall,fake_idioms,3,visual,phrases,12,5,middle,at kaste braende paa den forkerte baad,,0.0,0,,3.0,0,
2026-09-15T09:41:01,Bert,idiom_serial_recall,fake_idioms,3,visual,phrases,12,6,middle,at saette ild til sin egen stige,at braende sin egen stige,0.0,0,at braende sin egen stige,3.0,0,
2026-09-15T09:41:01,Bert,idiom_serial_recall,fake_idioms,3,visual,phrases,12,7,middle,at gaa med gaflen i suppen,,0.0,0,,3.0,0,
2026-09-15T09:41:01,Bert,idiom_serial_recall,fake_idioms,3,visual,phrases,12,8,middle,at gaa med skeen i den forkerte gryde,,0.0,0,,3.0,0,
2026-09-15T09:41:01,Bert,idiom_serial_recall,fake_idioms,3,visual,phrases,12,9,end,at traekke stigen op foer man er paa taget,,0.0,0,,3.0,0,
2026-09-15T09:41:01,Bert,idiom_serial_recall,fake_idioms,3,visual,phrases,12,10,end,at staa med naesen i postkassen,at staa med haaret i postkassen,0.0,0,at staa med haaret i postkassen,3.0,0,
2026-09-15T09:41:01,Bert,idiom_serial_recall,fake_idioms,3,visual,phrases,12,11,end,at saette sin hat efter vinden,,0.0,0,,3.0,0,
2026-09-15T09:41:01,Bert,idiom_serial_recall,fake_idioms,3,visual,phrases,12,12,end,at gaa med vinden i lommen,at gaa med vinden i lommen,1.0,1,,3.0,0,
2026-09-19T13:38:52,Bert,free_recall,baseline,1,visual,letters,16,1,start,B,T,1.0,0,T,3.0,0,
2026-09-19T13:38:52,Bert,free_recall,baseline,1,visual,letters,16,2,start,J,U,1.0,0,U,3.0,0,
2026-09-19T13:38:52,Bert,free_recall,baseline,1,visual,letters,16,3,start,G,I,1.0,0,I,3.0,0,
2026-09-19T13:38:52,Bert,free_recall,baseline,1,visual,letters,16,4,start,D,M,1.0,0,M,3.0,0,
2026-09-19T13:38:52,Bert,free_recall,baseline,1,visual,letters,16,5,start,C,F,1.0,0,F,3.0,0,
2026-09-19T13:38:52,Bert,free_recall,baseline,1,visual,letters,16,6,start,B,F,1.0,0,F,3.0,0,
2026-09-19T13:38:52,Bert,free_recall,baseline,1,visual,letters,16,7,middle,Y,B,0.0,0,B,3.0,0,
2026-09-19T13:38:52,Bert,free_recall,baseline,1,visual,letters,16,8,middle,F,J,1.0,0,J,3.0,0,
2026-09-19T13:38:52,Bert,free_recall,baseline,1,visual,letters,16,9,middle,M,G,1.0,0,G,3.0,0,
2026-09-19T13:38:52,Bert,free_recall,baseline,1,visual,letters,16,10,middle,F,D,1.0,0,D,3.0,0,
2026-09-19T13:38:52,Bert,free_recall,baseline,1,visual,letters,16,11,middle,X,C,1.0,0,C,3.0,0,
2026-09-19T13:38:52,Bert,free_recall,baseline,1,visual,letters,16,12,end,R,B,1.0,0,B,3.0,0,
2026-09-19T13:38:52,Bert,free_recall,baseline,1,visual,letters,16,13,end,R,X,1.0,0,X,3.0,0,
2026-09-19T13:38:52,Bert,free_recall,baseline,1,visual,letters,16,14,end,U,R,1.0,0,R,3.0,0,
2026-09-19T13:38:52,Bert,free_recall,baseline,1,visual,letters,16,15,end,I,R,1.0,0,R,3.0,0,
2026-09-19T13:38:52,Bert,free_recall,baseline,1,visual,letters,16,16,end,T,,1.0,0,,3.0,0,
2026-09-19T13:40:33,Bert,free_recall,baseline,2,visual,letters,16,1,start,L,F,1.0,0,F,3.0,0,
2026-09-19T13:40:33,Bert,free_recall,baseline,2,visual,letters,16,2,start,E,K,1.0,0,K,3.0,0,
2026-09-19T13:40:33,Bert,free_recall,baseline,2,visual,letters,16,3,start,T,D,1.0,0,D,3.0,0,
2026-09-19T13:40:33,Bert,free_recall,baseline,2,visual,letters,16,4,start,N,K,0.5,0,K,3.0,0,
2026-09-19T13:40:33,Bert,free_recall,baseline,2,visual,letters,16,5,start,B,N,0.0,0,N,3.0,0,
2026-09-19T13:40:33,Bert,free_recall,baseline,2,visual,letters,16,6,start,U,F,1.0,0,F,3.0,0,
2026-09-19T13:40:33,Bert,free_recall,baseline,2,visual,letters,16,7,middle,F,I,1.0,0,I,3.0,0,
2026-09-19T13:40:33,Bert,free_recall,baseline,2,visual,letters,16,8,middle,D,W,1.0,0,W,3.0,0,
2026-09-19T13:40:33,Bert,free_recall,baseline,2,visual,letters,16,9,middle,B,W,0.0,0,W,3.0,0,
2026-09-19T13:40:33,Bert,free_recall,baseline,2,visual,letters,16,10,middle,K,V,1.0,0,V,3.0,0,
2026-09-19T13:40:33,Bert,free_recall,baseline,2,visual,letters,16,11,middle,N,L,0.5,0,L,3.0,0,
2026-09-19T13:40:33,Bert,free_recall,baseline,2,visual,letters,16,12,end,W,E,1.0,0,E,3.0,0,
2026-09-19T13:40:33,Bert,free_recall,baseline,2,visual,letters,16,13,end,W,T,1.0,0,T,3.0,0,
2026-09-19T13:40:33,Bert,free_recall,baseline,2,visual,letters,16,14,end,V,G,1.0,0,G,3.0,0,
2026-09-19T13:40:33,Bert,free_recall,baseline,2,visual,letters,16,15,end,F,U,1.0,0,U,3.0,0,
2026-09-19T13:40:33,Bert,free_recall,baseline,2,visual,letters,16,16,end,I,S,1.0,0,S,3.0,0,
2026-09-19T13:43:02,Bert,free_recall,baseline,3,visual,letters,16,1,start,F,S,1.0,0,S,3.0,0,
2026-09-19T13:43:02,Bert,free_recall,baseline,3,visual,letters,16,2,start,J,F,0.0,0,F,3.0,0,
2026-09-19T13:43:02,Bert,free_recall,baseline,3,visual,letters,16,3,start,V,K,1.0,0,K,3.0,0,
2026-09-19T13:43:02,Bert,free_recall,baseline,3,visual,letters,16,4,start,K,N,1.0,0,N,3.0,0,
2026-09-19T13:43:02,Bert,free_recall,baseline,3,visual,letters,16,5,start,N,Y,1.0,0,Y,3.0,0,
2026-09-19T13:43:02,Bert,free_recall,baseline,3,visual,letters,16,6,start,X,M,0.0,0,M,3.0,0,
2026-09-19T13:43:02,Bert,free_recall,baseline,3,visual,letters,16,7,middle,U,N,0.0,0,N,3.0,0,
2026-09-19T13:43:02,Bert,free_recall,baseline,3,visual,letters,16,8,middle,N,O,1.0,0,O,3.0,0,
2026-09-19T13:43:02,Bert,free_recall,baseline,3,visual,letters,16,9,middle,A,A,1.0,1,,3.0,0,
2026-09-19T13:43:02,Bert,free_recall,baseline,3,visual,letters,16,10,middle,Z,E,0.0,0,E,3.0,0,
2026-09-19T13:43:02,Bert,free_recall,baseline,3,visual,letters,16,11,middle,Y,R,1.0,0,R,3.0,0,
2026-09-19T13:43:02,Bert,free_recall,baseline,3,visual,letters,16,12,end,M,N,1.0,0,N,3.0,0,
2026-09-19T13:43:02,Bert,free_recall,baseline,3,visual,letters,16,13,end,H,M,0.0,0,M,3.0,0,
2026-09-19T13:43:02,Bert,free_recall,baseline,3,visual,letters,16,14,end,Z,V,0.0,0,V,3.0,0,
2026-09-19T13:43:02,Bert,free_recall,baseline,3,visual,letters,16,15,end,W,W,1.0,1,,3.0,0,
2026-09-19T13:43:02,Bert,free_recall,baseline,3,visual,letters,16,16,end,S,T,1.0,0,T,3.0,0,
2026-09-19T13:49:21,Bert,free_recall,unfilled_delay,1,visual,letters,16,1,start,S,S,1.0,1,,3.0,60,
2026-09-19T13:49:21,Bert,free_recall,unfilled_delay,1,visual,letters,16,2,start,V,V,1.0,1,,3.0,60,
2026-09-19T13:49:21,Bert,free_recall,unfilled_delay,1,visual,letters,16,3,start,U,W,1.0,0,W,3.0,60,
2026-09-19T13:49:21,Bert,free_recall,unfilled_delay,1,visual,letters,16,4,start,H,X,0.0,0,X,3.0,60,
2026-09-19T13:49:21,Bert,free_recall,unfilled_delay,1,visual,letters,16,5,start,E,G,0.0,0,G,3.0,60,
2026-09-19T13:49:21,Bert,free_recall,unfilled_delay,1,visual,letters,16,6,start,K,G,0.0,0,G,3.0,60,
2026-09-19T13:49:21,Bert,free_recall,unfilled_delay,1,visual,letters,16,7,middle,X,D,1.0,0,D,3.0,60,
2026-09-19T13:49:21,Bert,free_recall,unfilled_delay,1,visual,letters,16,8,middle,K,O,0.0,0,O,3.0,60,
2026-09-19T13:49:21,Bert,free_recall,unfilled_delay,1,visual,letters,16,9,middle,D,P,0.5,0,P,3.0,60,
2026-09-19T13:49:21,Bert,free_recall,unfilled_delay,1,visual,letters,16,10,middle,G,G,1.0,1,,3.0,60,
2026-09-19T13:49:21,Bert,free_recall,unfilled_delay,1,visual,letters,16,11,middle,D,O,0.5,0,O,3.0,60,
2026-09-19T13:49:21,Bert,free_recall,unfilled_delay,1,visual,letters,16,12,end,W,T,1.0,0,T,3.0,60,
2026-09-19T13:49:21,Bert,free_recall,unfilled_delay,1,visual,letters,16,13,end,G,U,1.0,0,U,3.0,60,
2026-09-19T13:49:21,Bert,free_recall,unfilled_delay,1,visual,letters,16,14,end,O,C,1.0,0,C,3.0,60,
2026-09-19T13:49:21,Bert,free_recall,unfilled_delay,1,visual,letters,16,15,end,T,T,1.0,1,,3.0,60,
2026-09-19T13:49:21,Bert,free_recall,unfilled_delay,1,visual,letters,16,16,end,P,,1.0,0,,3.0,60,
2026-09-19T13:52:12,Bert,free_recall,unfilled_delay,2,visual,letters,16,1,start,J,K,1.0,0,K,3.0,60,
2026-09-19T13:52:12,Bert,free_recall,unfilled_delay,2,visual,letters,16,2,start,H,V,0.5,0,V,3.0,60,
2026-09-19T13:52:12,Bert,free_recall,unfilled_delay,2,visual,letters,16,3,start,G,Y,1.0,0,Y,3.0,60,
2026-09-19T13:52:12,Bert,free_recall,unfilled_delay,2,visual,letters,16,4,start,M,H,1.0,0,H,3.0,60,
2026-09-19T13:52:12,Bert,free_recall,unfilled_delay,2,visual,letters,16,5,start,K,A,1.0,0,A,3.0,60,
2026-09-19T13:52:12,Bert,free_recall,unfilled_delay,2,visual,letters,16,6,start,L,X,1.0,0,X,3.0,60,
2026-09-19T13:52:12,Bert,free_recall,unfilled_delay,2,visual,letters,16,7,middle,T,D,1.0,0,D,3.0,60,
2026-09-19T13:52:12,Bert,free_recall,unfilled_delay,2,visual,letters,16,8,middle,P,L,0.0,0,L,3.0,60,
2026-09-19T13:52:12,Bert,free_recall,unfilled_delay,2,visual,letters,16,9,middle,K,T,1.0,0,T,3.0,60,
2026-09-19T13:52:12,Bert,free_recall,unfilled_delay,2,visual,letters,16,10,middle,X,M,1.0,0,M,3.0,60,
2026-09-19T13:52:12,Bert,free_recall,unfilled_delay,2,visual,letters,16,11,middle,D,K,1.0,0,K,3.0,60,
2026-09-19T13:52:12,Bert,free_recall,unfilled_delay,2,visual,letters,16,12,end,K,G,1.0,0,G,3.0,60,
2026-09-19T13:52:12,Bert,free_recall,unfilled_delay,2,visual,letters,16,13,end,V,K,1.0,0,K,3.0,60,
2026-09-19T13:52:12,Bert,free_recall,unfilled_delay,2,visual,letters,16,14,end,Y,J,1.0,0,J,3.0,60,
2026-09-19T13:52:12,Bert,free_recall,unfilled_delay,2,visual,letters,16,15,end,H,G,0.5,0,G,3.0,60,
2026-09-19T13:52:12,Bert,free_recall,unfilled_delay,2,visual,letters,16,16,end,A,,1.0,0,,3.0,60,
2026-09-19T13:54:55,Bert,free_recall,unfilled_delay,3,visual,letters,16,1,start,F,M,0.0,0,M,3.0,60,
2026-09-19T13:54:55,Bert,free_recall,unfilled_delay,3,visual,letters,16,2,start,B,H,0.0,0,H,3.0,60,
2026-09-19T13:54:55,Bert,free_recall,unfilled_delay,3,visual,letters,16,3,start,V,L,0.0,0,L,3.0,60,
2026-09-19T13:54:55,Bert,free_recall,unfilled_delay,3,visual,letters,16,4,start,U,I,1.0,0,I,3.0,60,
2026-09-19T13:54:55,Bert,free_recall,unfilled_delay,3,visual,letters,16,5,start,C,C,0.666667,1,,3.0,60,
2026-09-19T13:54:55,Bert,free_recall,unfilled_delay,3,visual,letters,16,6,start,A,C,1.0,0,C,3.0,60,
2026-09-19T13:54:55,Bert,free_recall,unfilled_delay,3,visual,letters,16,7,middle,M,A,1.0,0,A,3.0,60,
2026-09-19T13:54:55,Bert,free_recall,unfilled_delay,3,visual,letters,16,8,middle,P,L,1.0,0,L,3.0,60,
2026-09-19T13:54:55,Bert,free_recall,unfilled_delay,3,visual,letters,16,9,middle,D,I,1.0,0,I,3.0,60,
2026-09-19T13:54:55,Bert,free_recall,unfilled_delay,3,visual,letters,16,10,middle,I,M,1.0,0,M,3.0,60,
2026-09-19T13:54:55,Bert,free_recall,unfilled_delay,3,visual,letters,16,11,middle,L,D,1.0,0,D,3.0,60,
2026-09-19T13:54:55,Bert,free_recall,unfilled_delay,3,visual,letters,16,12,end,C,U,0.666667,0,U,3.0,60,
2026-09-19T13:54:55,Bert,free_recall,unfilled_delay,3,visual,letters,16,13,end,M,P,1.0,0,P,3.0,60,
2026-09-19T13:54:55,Bert,free_recall,unfilled_delay,3,visual,letters,16,14,end,H,K,1.0,0,K,3.0,60,
2026-09-19T13:54:55,Bert,free_recall,unfilled_delay,3,visual,letters,16,15,end,C,T,0.666667,0,T,3.0,60,
2026-09-19T13:54:55,Bert,free_recall,unfilled_delay,3,visual,letters,16,16,end,F,J,0.0,0,J,3.0,60,
2026-09-19T13:55:57,Bert,free_recall,fast_rate,1,visual,letters,16,1,start,Z,Y,0.666667,0,Y,1.0,0,
2026-09-19T13:55:57,Bert,free_recall,fast_rate,1,visual,letters,16,2,start,V,T,1.0,0,T,1.0,0,
2026-09-19T13:55:57,Bert,free_recall,fast_rate,1,visual,letters,16,3,start,O,B,1.0,0,B,1.0,0,
2026-09-19T13:55:57,Bert,free_recall,fast_rate,1,visual,letters,16,4,start,I,I,0.25,1,,1.0,0,
2026-09-19T13:55:57,Bert,free_recall,fast_rate,1,visual,letters,16,5,start,I,Z,0.25,0,Z,1.0,0,
2026-09-19T13:55:57,Bert,free_recall,fast_rate,1,visual,letters,16,6,start,Y,Z,1.0,0,Z,1.0,0,
2026-09-19T13:55:57,Bert,free_recall,fast_rate,1,visual,letters,16,7,middle,T,E,1.0,0,E,1.0,0,
2026-09-19T13:55:57,Bert,free_recall,fast_rate,1,visual,letters,16,8,middle,B,J,1.0,0,J,1.0,0,
2026-09-19T13:55:57,Bert,free_recall,fast_rate,1,visual,letters,16,9,middle,E,K,1.0,0,K,1.0,0,
2026-09-19T13:55:57,Bert,free_recall,fast_rate,1,visual,letters,16,10,middle,Z,V,0.666667,0,V,1.0,0,
2026-09-19T13:55:57,Bert,free_recall,fast_rate,1,visual,letters,16,11,middle,Z,O,0.666667,0,O,1.0,0,
2026-09-19T13:55:57,Bert,free_recall,fast_rate,1,visual,letters,16,12,end,M,C,0.0,0,C,1.0,0,
2026-09-19T13:55:57,Bert,free_recall,fast_rate,1,visual,letters,16,13,end,I,W,0.25,0,W,1.0,0,
2026-09-19T13:55:57,Bert,free_recall,fast_rate,1,visual,letters,16,14,end,J,E,1.0,0,E,1.0,0,
2026-09-19T13:55:57,Bert,free_recall,fast_rate,1,visual,letters,16,15,end,I,P,0.25,0,P,1.0,0,
2026-09-19T13:55:57,Bert,free_recall,fast_rate,1,visual,letters,16,16,end,K,,1.0,0,,1.0,0,
2026-09-19T13:56:29,Bert,free_recall,fast_rate,2,visual,letters,16,1,start,J,H,1.0,0,H,1.0,0,
2026-09-19T13:56:29,Bert,free_recall,fast_rate,2,visual,letters,16,2,start,U,Y,1.0,0,Y,1.0,0,
2026-09-19T13:56:29,Bert,free_recall,fast_rate,2,visual,letters,16,3,start,N,A,1.0,0,A,1.0,0,
2026-09-19T13:56:29,Bert,free_recall,fast_rate,2,visual,letters,16,4,start,G,W,1.0,0,W,1.0,0,
2026-09-19T13:56:29,Bert,free_recall,fast_rate,2,visual,letters,16,5,start,G,E,1.0,0,E,1.0,0,
2026-09-19T13:56:29,Bert,free_recall,fast_rate,2,visual,letters,16,6,start,H,X,1.0,0,X,1.0,0,
2026-09-19T13:56:29,Bert,free_recall,fast_rate,2,visual,letters,16,7,middle,G,C,1.0,0,C,1.0,0,
2026-09-19T13:56:29,Bert,free_recall,fast_rate,2,visual,letters,16,8,middle,Y,D,1.0,0,D,1.0,0,
2026-09-19T13:56:29,Bert,free_recall,fast_rate,2,visual,letters,16,9,middle,A,P,1.0,0,P,1.0,0,
2026-09-19T13:56:29,Bert,free_recall,fast_rate,2,visual,letters,16,10,middle,G,J,1.0,0,J,1.0,0,
2026-09-19T13:56:29,Bert,free_recall,fast_rate,2,visual,letters,16,11,middle,E,U,1.0,0,U,1.0,0,
2026-09-19T13:56:29,Bert,free_recall,fast_rate,2,visual,letters,16,12,end,W,N,1.0,0,N,1.0,0,
2026-09-19T13:56:29,Bert,free_recall,fast_rate,2,visual,letters,16,13,end,Z,G,0.0,0,G,1.0,0,
2026-09-19T13:56:29,Bert,free_recall,fast_rate,2,visual,letters,16,14,end,C,G,1.0,0,G,1.0,0,
2026-09-19T13:56:29,Bert,free_recall,fast_rate,2,visual,letters,16,15,end,D,G,1.0,0,G,1.0,0,
2026-09-19T13:56:29,Bert,free_recall,fast_rate,2,visual,letters,16,16,end,P,G,1.0,0,G,1.0,0,
2026-09-19T13:57:05,Bert,free_recall,fast_rate,3,visual,letters,16,1,start,Z,V,1.0,0,V,1.0,0,
2026-09-19T13:57:05,Bert,free_recall,fast_rate,3,visual,letters,16,2,start,H,H,1.0,1,,1.0,0,
2026-09-19T13:57:05,Bert,free_recall,fast_rate,3,visual,letters,16,3,start,U,Q,1.0,0,Q,1.0,0,
2026-09-19T13:57:05,Bert,free_recall,fast_rate,3,visual,letters,16,4,start,L,S,1.0,0,S,1.0,0,
2026-09-19T13:57:05,Bert,free_recall,fast_rate,3,visual,letters,16,5,start,Z,F,1.0,0,F,1.0,0,
2026-09-19T13:57:05,Bert,free_recall,fast_rate,3,visual,letters,16,6,start,M,V,1.0,0,V,1.0,0,
2026-09-19T13:57:05,Bert,free_recall,fast_rate,3,visual,letters,16,7,middle,U,I,1.0,0,I,1.0,0,
2026-09-19T13:57:05,Bert,free_recall,fast_rate,3,visual,letters,16,8,middle,I,H,1.0,0,H,1.0,0,
2026-09-19T13:57:05,Bert,free_recall,fast_rate,3,visual,letters,16,9,middle,D,U,1.0,0,U,1.0,0,
2026-09-19T13:57:05,Bert,free_recall,fast_rate,3,visual,letters,16,10,middle,Q,Z,1.0,0,Z,1.0,0,
2026-09-19T13:57:05,Bert,free_recall,fast_rate,3,visual,letters,16,11,middle,F,Z,1.0,0,Z,1.0,0,
2026-09-19T13:57:05,Bert,free_recall,fast_rate,3,visual,letters,16,12,end,S,L,1.0,0,L,1.0,0,
2026-09-19T13:57:05,Bert,free_recall,fast_rate,3,visual,letters,16,13,end,I,U,1.0,0,U,1.0,0,
2026-09-19T13:57:05,Bert,free_recall,fast_rate,3,visual,letters,16,14,end,T,M,0.0,0,M,1.0,0,
2026-09-19T13:57:05,Bert,free_recall,fast_rate,3,visual,letters,16,15,end,V,I,1.0,0,I,1.0,0,
2026-09-19T13:57:05,Bert,free_recall,fast_rate,3,visual,letters,16,16,end,H,D,1.0,0,D,1.0,0,
2026-09-19T14:00:21,Bert,free_recall,working_memory,1,visual,letters,16,1,start,T,S,0.0,0,S,3.0,0,
2026-09-19T14:00:21,Bert,free_recall,working_memory,1,visual,letters,16,2,start,F,N,1.0,0,N,3.0,0,
2026-09-19T14:00:21,Bert,free_recall,working_memory,1,visual,letters,16,3,start,F,S,1.0,0,S,3.0,0,
2026-09-19T14:00:21,Bert,free_recall,working_memory,1,visual,letters,16,4,start,Y,H,1.0,0,H,3.0,0,
2026-09-19T14:00:21,Bert,free_recall,working_memory,1,visual,letters,16,5,start,V,V,1.0,1,,3.0,0,
2026-09-19T14:00:21,Bert,free_recall,working_memory,1,visual,letters,16,6,start,N,E,1.0,0,E,3.0,0,
2026-09-19T14:00:21,Bert,free_recall,working_memory,1,visual,letters,16,7,middle,S,F,1.0,0,F,3.0,0,
2026-09-19T14:00:21,Bert,free_recall,working_memory,1,visual,letters,16,8,middle,S,Y,1.0,0,Y,3.0,0,
2026-09-19T14:00:21,Bert,free_recall,working_memory,1,visual,letters,16,9,middle,H,F,1.0,0,F,3.0,0,
2026-09-19T14:00:21,Bert,free_recall,working_memory,1,visual,letters,16,10,middle,T,O,0.0,0,O,3.0,0,
2026-09-19T14:00:21,Bert,free_recall,working_memory,1,visual,letters,16,11,middle,E,Q,1.0,0,Q,3.0,0,
2026-09-19T14:00:21,Bert,free_recall,working_memory,1,visual,letters,16,12,end,U,O,0.0,0,O,3.0,0,
2026-09-19T14:00:21,Bert,free_recall,working_memory,1,visual,letters,16,13,end,Q,G,1.0,0,G,3.0,0,
2026-09-19T14:00:21,Bert,free_recall,working_memory,1,visual,letters,16,14,end,O,I,1.0,0,I,3.0,0,
2026-09-19T14:00:21,Bert,free_recall,working_memory,1,visual,letters,16,15,end,O,D,1.0,0,D,3.0,0,
2026-09-19T14:00:21,Bert,free_recall,working_memory,1,visual,letters,16,16,end,G,V,1.0,0,V,3.0,0,
2026-09-19T14:02:58,Bert,free_recall,working_memory,2,visual,letters,16,1,start,U,Q,0.5,0,Q,3.0,0,
2026-09-19T14:02:58,Bert,free_recall,working_memory,2,visual,letters,16,2,start,E,U,1.0,0,U,3.0,0,
2026-09-19T14:02:58,Bert,free_recall,working_memory,2,visual,letters,16,3,start,Q,E,1.0,0,E,3.0,0,
2026-09-19T14:02:58,Bert,free_recall,working_memory,2,visual,letters,16,4,start,O,O,1.0,1,,3.0,0,
2026-09-19T14:02:58,Bert,free_recall,working_memory,2,visual,letters,16,5,start,K,K,1.0,1,,3.0,0,
2026-09-19T14:02:58,Bert,free_recall,working_memory,2,visual,letters,16,6,start,I,I,0.5,1,,3.0,0,
2026-09-19T14:02:58,Bert,free_recall,working_memory,2,visual,letters,16,7,middle,B,N,1.0,0,N,3.0,0,
2026-09-19T14:02:58,Bert,free_recall,working_memory,2,visual,letters,16,8,middle,G,K,0.0,0,K,3.0,0,
2026-09-19T14:02:58,Bert,free_recall,working_memory,2,visual,letters,16,9,middle,H,B,0.0,0,B,3.0,0,
2026-09-19T14:02:58,Bert,free_recall,working_memory,2,visual,letters,16,10,middle,P,K,0.5,0,K,3.0,0,
2026-09-19T14:02:58,Bert,free_recall,working_memory,2,visual,letters,16,11,middle,N,Y,1.0,0,Y,3.0,0,
2026-09-19T14:02:58,Bert,free_recall,working_memory,2,visual,letters,16,12,end,H,R,0.0,0,R,3.0,0,
2026-09-19T14:02:58,Bert,free_recall,working_memory,2,visual,letters,16,13,end,I,E,0.5,0,E,3.0,0,
2026-09-19T14:02:58,Bert,free_recall,working_memory,2,visual,letters,16,14,end,P,D,0.5,0,D,3.0,0,
2026-09-19T14:02:58,Bert,free_recall,working_memory,2,visual,letters,16,15,end,K,R,1.0,0,R,3.0,0,
2026-09-19T14:02:58,Bert,free_recall,working_memory,2,visual,letters,16,16,end,U,P,0.5,0,P,3.0,0,
2026-09-19T14:04:58,Bert,free_recall,working_memory,3,visual,letters,16,1,start,S,S,1.0,1,,3.0,0,
2026-09-19T14:04:58,Bert,free_recall,working_memory,3,visual,letters,16,2,start,C,C,1.0,1,,3.0,0,
2026-09-19T14:04:58,Bert,free_recall,working_memory,3,visual,letters,16,3,start,B,B,1.0,1,,3.0,0,
2026-09-19T14:04:58,Bert,free_recall,working_memory,3,visual,letters,16,4,start,K,G,1.0,0,G,3.0,0,
2026-09-19T14:04:58,Bert,free_recall,working_memory,3,visual,letters,16,5,start,S,J,1.0,0,J,3.0,0,
2026-09-19T14:04:58,Bert,free_recall,working_memory,3,visual,letters,16,6,start,F,U,0.0,0,U,3.0,0,
2026-09-19T14:04:58,Bert,free_recall,working_memory,3,visual,letters,16,7,middle,K,B,1.0,0,B,3.0,0,
2026-09-19T14:04:58,Bert,free_recall,working_memory,3,visual,letters,16,8,middle,P,Z,1.0,0,Z,3.0,0,
2026-09-19T14:04:58,Bert,free_recall,working_memory,3,visual,letters,16,9,middle,Z,S,1.0,0,S,3.0,0,
2026-09-19T14:04:58,Bert,free_recall,working_memory,3,visual,letters,16,10,middle,G,K,1.0,0,K,3.0,0,
2026-09-19T14:04:58,Bert,free_recall,working_memory,3,visual,letters,16,11,middle,F,R,0.0,0,R,3.0,0,
2026-09-19T14:04:58,Bert,free_recall,working_memory,3,visual,letters,16,12,end,J,T,1.0,0,T,3.0,0,
2026-09-19T14:04:58,Bert,free_recall,working_memory,3,visual,letters,16,13,end,U,E,1.0,0,E,3.0,0,
2026-09-19T14:04:58,Bert,free_recall,working_memory,3,visual,letters,16,14,end,A,P,0.0,0,P,3.0,0,
2026-09-19T14:04:58,Bert,free_recall,working_memory,3,visual,letters,16,15,end,M,K,0.0,0,K,3.0,0,
2026-09-19T14:04:58,Bert,free_recall,working_memory,3,visual,letters,16,16,end,B,K,1.0,0,K,3.0,0,
2026-09-19T15:08:50,Bert,serial_recall,capacity_n4,1,visual,letters,4,1,start,J,J,1.0,1,,3.0,0,
2026-09-19T15:08:50,Bert,serial_recall,capacity_n4,1,visual,letters,4,2,start,H,H,1.0,1,,3.0,0,
2026-09-19T15:08:50,Bert,serial_recall,capacity_n4,1,visual,letters,4,3,middle,L,L,1.0,1,,3.0,0,
2026-09-19T15:08:50,Bert,serial_recall,capacity_n4,1,visual,letters,4,4,end,L,L,1.0,1,,3.0,0,
2026-09-19T15:09:24,Bert,serial_recall,capacity_n4,2,visual,letters,4,1,start,C,C,1.0,1,,3.0,0,
2026-09-19T15:09:24,Bert,serial_recall,capacity_n4,2,visual,letters,4,2,start,Q,Q,1.0,1,,3.0,0,
2026-09-19T15:09:24,Bert,serial_recall,capacity_n4,2,visual,letters,4,3,middle,U,U,1.0,1,,3.0,0,
2026-09-19T15:09:24,Bert,serial_recall,capacity_n4,2,visual,letters,4,4,end,H,H,1.0,1,,3.0,0,
2026-09-19T15:09:44,Bert,serial_recall,capacity_n4,3,visual,letters,4,1,start,F,F,1.0,1,,3.0,0,
2026-09-19T15:09:44,Bert,serial_recall,capacity_n4,3,visual,letters,4,2,start,H,H,1.0,1,,3.0,0,
2026-09-19T15:09:44,Bert,serial_recall,capacity_n4,3,visual,letters,4,3,middle,F,F,1.0,1,,3.0,0,
2026-09-19T15:09:44,Bert,serial_recall,capacity_n4,3,visual,letters,4,4,end,P,P,1.0,1,,3.0,0,
2026-09-19T15:10:02,Bert,serial_recall,capacity_n4,4,visual,letters,4,1,start,Y,Y,1.0,1,,3.0,0,
2026-09-19T15:10:02,Bert,serial_recall,capacity_n4,4,visual,letters,4,2,start,V,V,1.0,1,,3.0,0,
2026-09-19T15:10:02,Bert,serial_recall,capacity_n4,4,visual,letters,4,3,middle,O,O,1.0,1,,3.0,0,
2026-09-19T15:10:02,Bert,serial_recall,capacity_n4,4,visual,letters,4,4,end,C,C,1.0,1,,3.0,0,
2026-09-19T15:10:19,Bert,serial_recall,capacity_n4,5,visual,letters,4,1,start,U,U,1.0,1,,3.0,0,
2026-09-19T15:10:19,Bert,serial_recall,capacity_n4,5,visual,letters,4,2,start,V,V,1.0,1,,3.0,0,
2026-09-19T15:10:19,Bert,serial_recall,capacity_n4,5,visual,letters,4,3,middle,L,L,1.0,1,,3.0,0,
2026-09-19T15:10:19,Bert,serial_recall,capacity_n4,5,visual,letters,4,4,end,J,J,1.0,1,,3.0,0,
2026-09-19T15:10:35,Bert,serial_recall,capacity_n4,6,visual,letters,4,1,start,F,F,1.0,1,,3.0,0,
2026-09-19T15:10:35,Bert,serial_recall,capacity_n4,6,visual,letters,4,2,start,I,I,1.0,1,,3.0,0,
2026-09-19T15:10:35,Bert,serial_recall,capacity_n4,6,visual,letters,4,3,middle,U,U,1.0,1,,3.0,0,
2026-09-19T15:10:35,Bert,serial_recall,capacity_n4,6,visual,letters,4,4,end,T,T,1.0,1,,3.0,0,
2026-09-19T15:10:56,Bert,serial_recall,capacity_n5,7,visual,letters,5,1,start,Q,Q,1.0,1,,3.0,0,
2026-09-19T15:10:56,Bert,serial_recall,capacity_n5,7,visual,letters,5,2,start,D,D,1.0,1,,3.0,0,
2026-09-19T15:10:56,Bert,serial_recall,capacity_n5,7,visual,letters,5,3,middle,Z,C,0.0,0,C,3.0,0,
2026-09-19T15:10:56,Bert,serial_recall,capacity_n5,7,visual,letters,5,4,middle,M,M,1.0,1,,3.0,0,
2026-09-19T15:10:56,Bert,serial_recall,capacity_n5,7,visual,letters,5,5,end,J,J,1.0,1,,3.0,0,
2026-09-19T15:11:16,Bert,serial_recall,capacity_n5,8,visual,letters,5,1,start,L,L,1.0,1,,3.0,0,
2026-09-19T15:11:16,Bert,serial_recall,capacity_n5,8,visual,letters,5,2,start,T,T,1.0,1,,3.0,0,
2026-09-19T15:11:16,Bert,serial_recall,capacity_n5,8,visual,letters,5,3,middle,M,M,1.0,1,,3.0,0,
2026-09-19T15:11:16,Bert,serial_recall,capacity_n5,8,visual,letters,5,4,middle,Z,Z,1.0,1,,3.0,0,
2026-09-19T15:11:16,Bert,serial_recall,capacity_n5,8,visual,letters,5,5,end,V,V,1.0,1,,3.0,0,
2026-09-19T15:11:37,Bert,serial_recall,capacity_n5,9,visual,letters,5,1,start,P,P,1.0,1,,3.0,0,
2026-09-19T15:11:37,Bert,serial_recall,capacity_n5,9,visual,letters,5,2,start,I,I,1.0,1,,3.0,0,
2026-09-19T15:11:37,Bert,serial_recall,capacity_n5,9,visual,letters,5,3,middle,I,I,1.0,1,,3.0,0,
2026-09-19T15:11:37,Bert,serial_recall,capacity_n5,9,visual,letters,5,4,middle,D,D,1.0,1,,3.0,0,
2026-09-19T15:11:37,Bert,serial_recall,capacity_n5,9,visual,letters,5,5,end,O,O,1.0,1,,3.0,0,
2026-09-19T15:11:59,Bert,serial_recall,capacity_n5,10,visual,letters,5,1,start,B,B,1.0,1,,3.0,0,
2026-09-19T15:11:59,Bert,serial_recall,capacity_n5,10,visual,letters,5,2,start,U,U,1.0,1,,3.0,0,
2026-09-19T15:11:59,Bert,serial_recall,capacity_n5,10,visual,letters,5,3,middle,Z,Z,1.0,1,,3.0,0,
2026-09-19T15:11:59,Bert,serial_recall,capacity_n5,10,visual,letters,5,4,middle,C,C,1.0,1,,3.0,0,
2026-09-19T15:11:59,Bert,serial_recall,capacity_n5,10,visual,letters,5,5,end,B,B,1.0,1,,3.0,0,
2026-09-19T15:12:20,Bert,serial_recall,capacity_n5,11,visual,letters,5,1,start,J,J,1.0,1,,3.0,0,
2026-09-19T15:12:20,Bert,serial_recall,capacity_n5,11,visual,letters,5,2,start,D,D,1.0,1,,3.0,0,
2026-09-19T15:12:20,Bert,serial_recall,capacity_n5,11,visual,letters,5,3,middle,D,D,1.0,1,,3.0,0,
2026-09-19T15:12:20,Bert,serial_recall,capacity_n5,11,visual,letters,5,4,middle,D,D,1.0,1,,3.0,0,
2026-09-19T15:12:20,Bert,serial_recall,capacity_n5,11,visual,letters,5,5,end,J,J,1.0,1,,3.0,0,
2026-09-19T15:12:43,Bert,serial_recall,capacity_n5,12,visual,letters,5,1,start,D,D,1.0,1,,3.0,0,
2026-09-19T15:12:43,Bert,serial_recall,capacity_n5,12,visual,letters,5,2,start,D,D,1.0,1,,3.0,0,
2026-09-19T15:12:43,Bert,serial_recall,capacity_n5,12,visual,letters,5,3,middle,R,R,1.0,1,,3.0,0,
2026-09-19T15:12:43,Bert,serial_recall,capacity_n5,12,visual,letters,5,4,middle,Y,Y,1.0,1,,3.0,0,
2026-09-19T15:12:43,Bert,serial_recall,capacity_n5,12,visual,letters,5,5,end,I,I,1.0,1,,3.0,0,
2026-09-19T15:13:08,Bert,serial_recall,capacity_n6,13,visual,letters,6,1,start,A,A,1.0,1,,3.0,0,
2026-09-19T15:13:08,Bert,serial_recall,capacity_n6,13,visual,letters,6,2,start,J,J,1.0,1,,3.0,0,
2026-09-19T15:13:08,Bert,serial_recall,capacity_n6,13,visual,letters,6,3,middle,E,E,1.0,1,,3.0,0,
2026-09-19T15:13:08,Bert,serial_recall,capacity_n6,13,visual,letters,6,4,middle,K,K,1.0,1,,3.0,0,
2026-09-19T15:13:08,Bert,serial_recall,capacity_n6,13,visual,letters,6,5,end,E,E,1.0,1,,3.0,0,
2026-09-19T15:13:08,Bert,serial_recall,capacity_n6,13,visual,letters,6,6,end,G,G,1.0,1,,3.0,0,
2026-09-19T15:13:35,Bert,serial_recall,capacity_n6,14,visual,letters,6,1,start,Q,Q,1.0,1,,3.0,0,
2026-09-19T15:13:35,Bert,serial_recall,capacity_n6,14,visual,letters,6,2,start,E,E,1.0,1,,3.0,0,
2026-09-19T15:13:35,Bert,serial_recall,capacity_n6,14,visual,letters,6,3,middle,V,V,1.0,1,,3.0,0,
2026-09-19T15:13:35,Bert,serial_recall,capacity_n6,14,visual,letters,6,4,middle,Y,Y,1.0,1,,3.0,0,
2026-09-19T15:13:35,Bert,serial_recall,capacity_n6,14,visual,letters,6,5,end,E,E,1.0,1,,3.0,0,
2026-09-19T15:13:35,Bert,serial_recall,capacity_n6,14,visual,letters,6,6,end,J,J,1.0,1,,3.0,0,
2026-09-19T15:14:02,Bert,serial_recall,capacity_n6,15,visual,letters,6,1,start,P,P,1.0,1,,3.0,0,
2026-09-19T15:14:02,Bert,serial_recall,capacity_n6,15,visual,letters,6,2,start,G,G,1.0,1,,3.0,0,
2026-09-19T15:14:02,Bert,serial_recall,capacity_n6,15,visual,letters,6,3,middle,O,O,1.0,1,,3.0,0,
2026-09-19T15:14:02,Bert,serial_recall,capacity_n6,15,visual,letters,6,4,middle,N,N,1.0,1,,3.0,0,
2026-09-19T15:14:02,Bert,serial_recall,capacity_n6,15,visual,letters,6,5,end,T,T,1.0,1,,3.0,0,
2026-09-19T15:14:02,Bert,serial_recall,capacity_n6,15,visual,letters,6,6,end,Y,Y,1.0,1,,3.0,0,
2026-09-19T15:14:27,Bert,serial_recall,capacity_n6,16,visual,letters,6,1,start,X,X,1.0,1,,3.0,0,
2026-09-19T15:14:27,Bert,serial_recall,capacity_n6,16,visual,letters,6,2,start,C,C,1.0,1,,3.0,0,
2026-09-19T15:14:27,Bert,serial_recall,capacity_n6,16,visual,letters,6,3,middle,V,V,1.0,1,,3.0,0,
2026-09-19T15:14:27,Bert,serial_recall,capacity_n6,16,visual,letters,6,4,middle,C,C,1.0,1,,3.0,0,
2026-09-19T15:14:27,Bert,serial_recall,capacity_n6,16,visual,letters,6,5,end,M,M,1.0,1,,3.0,0,
2026-09-19T15:14:27,Bert,serial_recall,capacity_n6,16,visual,letters,6,6,end,W,W,1.0,1,,3.0,0,
2026-09-19T15:14:52,Bert,serial_recall,capacity_n6,17,visual,letters,6,1,start,W,W,1.0,1,,3.0,0,
2026-09-19T15:14:52,Bert,serial_recall,capacity_n6,17,visual,letters,6,2,start,S,S,1.0,1,,3.0,0,
2026-09-19T15:14:52,Bert,serial_recall,capacity_n6,17,visual,letters,6,3,middle,D,D,1.0,1,,3.0,0,
2026-09-19T15:14:52,Bert,serial_recall,capacity_n6,17,visual,letters,6,4,middle,J,J,1.0,1,,3.0,0,
2026-09-19T15:14:52,Bert,serial_recall,capacity_n6,17,visual,letters,6,5,end,P,P,1.0,1,,3.0,0,
2026-09-19T15:14:52,Bert,serial_recall,capacity_n6,17,visual,letters,6,6,end,Q,Q,1.0,1,,3.0,0,
2026-09-19T15:15:42,Bert,serial_recall,capacity_n6,18,visual,letters,6,1,start,Y,Y,1.0,1,,3.0,0,
2026-09-19T15:15:42,Bert,serial_recall,capacity_n6,18,visual,letters,6,2,start,Q,Q,1.0,1,,3.0,0,
2026-09-19T15:15:42,Bert,serial_recall,capacity_n6,18,visual,letters,6,3,middle,P,P,1.0,1,,3.0,0,
2026-09-19T15:15:42,Bert,serial_recall,capacity_n6,18,visual,letters,6,4,middle,S,S,1.0,1,,3.0,0,
2026-09-19T15:15:42,Bert,serial_recall,capacity_n6,18,visual,letters,6,5,end,Z,Z,1.0,1,,3.0,0,
2026-09-19T15:15:42,Bert,serial_recall,capacity_n6,18,visual,letters,6,6,end,E,E,1.0,1,,3.0,0,
2026-09-19T15:16:26,Bert,serial_recall,capacity_n7,19,visual,letters,7,1,start,T,T,1.0,1,,3.0,0,
2026-09-19T15:16:26,Bert,serial_recall,capacity_n7,19,visual,letters,7,2,start,L,L,1.0,1,,3.0,0,
2026-09-19T15:16:26,Bert,serial_recall,capacity_n7,19,visual,letters,7,3,start,O,O,1.0,1,,3.0,0,
2026-09-19T15:16:26,Bert,serial_recall,capacity_n7,19,visual,letters,7,4,middle,G,G,1.0,1,,3.0,0,
2026-09-19T15:16:26,Bert,serial_recall,capacity_n7,19,visual,letters,7,5,middle,M,M,1.0,1,,3.0,0,
2026-09-19T15:16:26,Bert,serial_recall,capacity_n7,19,visual,letters,7,6,end,I,I,1.0,1,,3.0,0,
2026-09-19T15:16:26,Bert,serial_recall,capacity_n7,19,visual,letters,7,7,end,L,L,1.0,1,,3.0,0,
2026-09-19T15:16:59,Bert,serial_recall,capacity_n7,20,visual,letters,7,1,start,P,P,1.0,1,,3.0,0,
2026-09-19T15:16:59,Bert,serial_recall,capacity_n7,20,visual,letters,7,2,start,D,D,1.0,1,,3.0,0,
2026-09-19T15:16:59,Bert,serial_recall,capacity_n7,20,visual,letters,7,3,start,Y,Y,1.0,1,,3.0,0,
2026-09-19T15:16:59,Bert,serial_recall,capacity_n7,20,visual,letters,7,4,middle,X,X,1.0,1,,3.0,0,
2026-09-19T15:16:59,Bert,serial_recall,capacity_n7,20,visual,letters,7,5,middle,Y,Y,1.0,1,,3.0,0,
2026-09-19T15:16:59,Bert,serial_recall,capacity_n7,20,visual,letters,7,6,end,H,H,1.0,1,,3.0,0,
2026-09-19T15:16:59,Bert,serial_recall,capacity_n7,20,visual,letters,7,7,end,Q,Q,1.0,1,,3.0,0,
2026-09-19T15:17:29,Bert,serial_recall,capacity_n7,21,visual,letters,7,1,start,W,W,1.0,1,,3.0,0,
2026-09-19T15:17:29,Bert,serial_recall,capacity_n7,21,visual,letters,7,2,start,J,J,1.0,1,,3.0,0,
2026-09-19T15:17:29,Bert,serial_recall,capacity_n7,21,visual,letters,7,3,start,A,A,1.0,1,,3.0,0,
2026-09-19T15:17:29,Bert,serial_recall,capacity_n7,21,visual,letters,7,4,middle,Z,Z,1.0,1,,3.0,0,
2026-09-19T15:17:29,Bert,serial_recall,capacity_n7,21,visual,letters,7,5,middle,F,F,1.0,1,,3.0,0,
2026-09-19T15:17:29,Bert,serial_recall,capacity_n7,21,visual,letters,7,6,end,S,S,1.0,1,,3.0,0,
2026-09-19T15:17:29,Bert,serial_recall,capacity_n7,21,visual,letters,7,7,end,S,S,1.0,1,,3.0,0,
2026-09-19T15:18:01,Bert,serial_recall,capacity_n7,22,visual,letters,7,1,start,H,H,1.0,1,,3.0,0,
2026-09-19T15:18:01,Bert,serial_recall,capacity_n7,22,visual,letters,7,2,start,O,O,1.0,1,,3.0,0,
2026-09-19T15:18:01,Bert,serial_recall,capacity_n7,22,visual,letters,7,3,start,M,M,1.0,1,,3.0,0,
2026-09-19T15:18:01,Bert,serial_recall,capacity_n7,22,visual,letters,7,4,middle,Y,Y,1.0,1,,3.0,0,
2026-09-19T15:18:01,Bert,serial_recall,capacity_n7,22,visual,letters,7,5,middle,R,R,1.0,1,,3.0,0,
2026-09-19T15:18:01,Bert,serial_recall,capacity_n7,22,visual,letters,7,6,end,Z,Z,1.0,1,,3.0,0,
2026-09-19T15:18:01,Bert,serial_recall,capacity_n7,22,visual,letters,7,7,end,M,M,1.0,1,,3.0,0,
2026-09-19T15:18:35,Bert,serial_recall,capacity_n7,23,visual,letters,7,1,start,A,A,1.0,1,,3.0,0,
2026-09-19T15:18:35,Bert,serial_recall,capacity_n7,23,visual,letters,7,2,start,W,W,1.0,1,,3.0,0,
2026-09-19T15:18:35,Bert,serial_recall,capacity_n7,23,visual,letters,7,3,start,M,M,1.0,1,,3.0,0,
2026-09-19T15:18:35,Bert,serial_recall,capacity_n7,23,visual,letters,7,4,middle,W,W,1.0,1,,3.0,0,
2026-09-19T15:18:35,Bert,serial_recall,capacity_n7,23,visual,letters,7,5,middle,T,T,1.0,1,,3.0,0,
2026-09-19T15:18:35,Bert,serial_recall,capacity_n7,23,visual,letters,7,6,end,I,I,1.0,1,,3.0,0,
2026-09-19T15:18:35,Bert,serial_recall,capacity_n7,23,visual,letters,7,7,end,C,C,1.0,1,,3.0,0,
2026-09-19T15:19:11,Bert,serial_recall,capacity_n7,24,visual,letters,7,1,start,Q,Q,1.0,1,,3.0,0,
2026-09-19T15:19:11,Bert,serial_recall,capacity_n7,24,visual,letters,7,2,start,U,U,1.0,1,,3.0,0,
2026-09-19T15:19:11,Bert,serial_recall,capacity_n7,24,visual,letters,7,3,start,U,U,1.0,1,,3.0,0,
2026-09-19T15:19:11,Bert,serial_recall,capacity_n7,24,visual,letters,7,4,middle,K,K,1.0,1,,3.0,0,
2026-09-19T15:19:11,Bert,serial_recall,capacity_n7,24,visual,letters,7,5,middle,G,G,1.0,1,,3.0,0,
2026-09-19T15:19:11,Bert,serial_recall,capacity_n7,24,visual,letters,7,6,end,L,L,1.0,1,,3.0,0,
2026-09-19T15:19:11,Bert,serial_recall,capacity_n7,24,visual,letters,7,7,end,K,K,1.0,1,,3.0,0,
2026-09-19T15:19:44,Bert,serial_recall,capacity_n8,25,visual,letters,8,1,start,E,E,1.0,1,,3.0,0,
2026-09-19T15:19:44,Bert,serial_recall,capacity_n8,25,visual,letters,8,2,start,Q,Q,1.0,1,,3.0,0,
2026-09-19T15:19:44,Bert,serial_recall,capacity_n8,25,visual,letters,8,3,start,Q,Q,1.0,1,,3.0,0,
2026-09-19T15:19:44,Bert,serial_recall,capacity_n8,25,visual,letters,8,4,middle,C,C,1.0,1,,3.0,0,
2026-09-19T15:19:44,Bert,serial_recall,capacity_n8,25,visual,letters,8,5,middle,C,C,1.0,1,,3.0,0,
2026-09-19T15:19:44,Bert,serial_recall,capacity_n8,25,visual,letters,8,6,middle,W,W,1.0,1,,3.0,0,
2026-09-19T15:19:44,Bert,serial_recall,capacity_n8,25,visual,letters,8,7,end,K,K,1.0,1,,3.0,0,
2026-09-19T15:19:44,Bert,serial_recall,capacity_n8,25,visual,letters,8,8,end,D,D,1.0,1,,3.0,0,
2026-09-19T15:20:23,Bert,serial_recall,capacity_n8,26,visual,letters,8,1,start,L,L,1.0,1,,3.0,0,
2026-09-19T15:20:23,Bert,serial_recall,capacity_n8,26,visual,letters,8,2,start,O,O,1.0,1,,3.0,0,
2026-09-19T15:20:23,Bert,serial_recall,capacity_n8,26,visual,letters,8,3,start,K,K,1.0,1,,3.0,0,
2026-09-19T15:20:23,Bert,serial_recall,capacity_n8,26,visual,letters,8,4,middle,V,V,1.0,1,,3.0,0,
2026-09-19T15:20:23,Bert,serial_recall,capacity_n8,26,visual,letters,8,5,middle,G,G,1.0,1,,3.0,0,
2026-09-19T15:20:23,Bert,serial_recall,capacity_n8,26,visual,letters,8,6,middle,J,J,1.0,1,,3.0,0,
2026-09-19T15:20:23,Bert,serial_recall,capacity_n8,26,visual,letters,8,7,end,J,J,1.0,1,,3.0,0,
2026-09-19T15:20:23,Bert,serial_recall,capacity_n8,26,visual,letters,8,8,end,K,K,1.0,1,,3.0,0,
2026-09-19T15:20:58,Bert,serial_recall,capacity_n8,27,visual,letters,8,1,start,T,T,1.0,1,,3.0,0,
2026-09-19T15:20:58,Bert,serial_recall,capacity_n8,27,visual,letters,8,2,start,D,D,1.0,1,,3.0,0,
2026-09-19T15:20:58,Bert,serial_recall,capacity_n8,27,visual,letters,8,3,start,F,F,1.0,1,,3.0,0,
2026-09-19T15:20:58,Bert,serial_recall,capacity_n8,27,visual,letters,8,4,middle,G,G,1.0,1,,3.0,0,
2026-09-19T15:20:58,Bert,serial_recall,capacity_n8,27,visual,letters,8,5,middle,A,A,1.0,1,,3.0,0,
2026-09-19T15:20:58,Bert,serial_recall,capacity_n8,27,visual,letters,8,6,middle,J,J,1.0,1,,3.0,0,
2026-09-19T15:20:58,Bert,serial_recall,capacity_n8,27,visual,letters,8,7,end,T,T,1.0,1,,3.0,0,
2026-09-19T15:20:58,Bert,serial_recall,capacity_n8,27,visual,letters,8,8,end,W,W,1.0,1,,3.0,0,
2026-09-19T15:22:52,Bert,serial_recall,capacity_n8,28,visual,letters,8,1,start,H,H,1.0,1,,3.0,0,
2026-09-19T15:22:52,Bert,serial_recall,capacity_n8,28,visual,letters,8,2,start,Q,Q,1.0,1,,3.0,0,
2026-09-19T15:22:52,Bert,serial_recall,capacity_n8,28,visual,letters,8,3,start,U,Y,1.0,0,Y,3.0,0,
2026-09-19T15:22:52,Bert,serial_recall,capacity_n8,28,visual,letters,8,4,middle,Y,Q,1.0,0,Q,3.0,0,
2026-09-19T15:22:52,Bert,serial_recall,capacity_n8,28,visual,letters,8,5,middle,Q,Q,1.0,1,,3.0,0,
2026-09-19T15:22:52,Bert,serial_recall,capacity_n8,28,visual,letters,8,6,middle,Q,U,1.0,0,U,3.0,0,
2026-09-19T15:22:52,Bert,serial_recall,capacity_n8,28,visual,letters,8,7,end,S,S,1.0,1,,3.0,0,
2026-09-19T15:22:52,Bert,serial_recall,capacity_n8,28,visual,letters,8,8,end,E,E,1.0,1,,3.0,0,
2026-09-19T15:23:38,Bert,serial_recall,capacity_n8,29,visual,letters,8,1,start,W,W,1.0,1,,3.0,0,
2026-09-19T15:23:38,Bert,serial_recall,capacity_n8,29,visual,letters,8,2,start,V,V,1.0,1,,3.0,0,
2026-09-19T15:23:38,Bert,serial_recall,capacity_n8,29,visual,letters,8,3,start,G,G,1.0,1,,3.0,0,
2026-09-19T15:23:38,Bert,serial_recall,capacity_n8,29,visual,letters,8,4,middle,N,N,1.0,1,,3.0,0,
2026-09-19T15:23:38,Bert,serial_recall,capacity_n8,29,visual,letters,8,5,middle,S,S,1.0,1,,3.0,0,
2026-09-19T15:23:38,Bert,serial_recall,capacity_n8,29,visual,letters,8,6,middle,A,A,1.0,1,,3.0,0,
2026-09-19T15:23:38,Bert,serial_recall,capacity_n8,29,visual,letters,8,7,end,Z,Z,1.0,1,,3.0,0,
2026-09-19T15:23:38,Bert,serial_recall,capacity_n8,29,visual,letters,8,8,end,T,T,1.0,1,,3.0,0,
2026-09-19T15:24:17,Bert,serial_recall,capacity_n8,30,visual,letters,8,1,start,A,A,1.0,1,,3.0,0,
2026-09-19T15:24:17,Bert,serial_recall,capacity_n8,30,visual,letters,8,2,start,X,X,1.0,1,,3.0,0,
2026-09-19T15:24:17,Bert,serial_recall,capacity_n8,30,visual,letters,8,3,start,M,M,1.0,1,,3.0,0,
2026-09-19T15:24:17,Bert,serial_recall,capacity_n8,30,visual,letters,8,4,middle,S,S,1.0,1,,3.0,0,
2026-09-19T15:24:17,Bert,serial_recall,capacity_n8,30,visual,letters,8,5,middle,N,N,1.0,1,,3.0,0,
2026-09-19T15:24:17,Bert,serial_recall,capacity_n8,30,visual,letters,8,6,middle,P,P,1.0,1,,3.0,0,
2026-09-19T15:24:17,Bert,serial_recall,capacity_n8,30,visual,letters,8,7,end,S,S,1.0,1,,3.0,0,
2026-09-19T15:24:17,Bert,serial_recall,capacity_n8,30,visual,letters,8,8,end,G,G,1.0,1,,3.0,0,
2026-09-19T15:25:21,Bert,serial_recall,capacity_n9,31,visual,letters,9,1,start,Y,Y,1.0,1,,3.0,0,
2026-09-19T15:25:21,Bert,serial_recall,capacity_n9,31,visual,letters,9,2,start,E,E,1.0,1,,3.0,0,
2026-09-19T15:25:21,Bert,serial_recall,capacity_n9,31,visual,letters,9,3,start,C,N,0.0,0,N,3.0,0,
2026-09-19T15:25:21,Bert,serial_recall,capacity_n9,31,visual,letters,9,4,middle,W,Q,1.0,0,Q,3.0,0,
2026-09-19T15:25:21,Bert,serial_recall,capacity_n9,31,visual,letters,9,5,middle,N,S,1.0,0,S,3.0,0,
2026-09-19T15:25:21,Bert,serial_recall,capacity_n9,31,visual,letters,9,6,middle,Q,W,1.0,0,W,3.0,0,
2026-09-19T15:25:21,Bert,serial_recall,capacity_n9,31,visual,letters,9,7,end,K,N,0.0,0,N,3.0,0,
2026-09-19T15:25:21,Bert,serial_recall,capacity_n9,31,visual,letters,9,8,end,S,T,1.0,0,T,3.0,0,
2026-09-19T15:25:21,Bert,serial_recall,capacity_n9,31,visual,letters,9,9,end,F,S,0.0,0,S,3.0,0,
2026-09-19T15:26:13,Bert,serial_recall,capacity_n9,32,visual,letters,9,1,start,C,C,1.0,1,,3.0,0,
2026-09-19T15:26:13,Bert,serial_recall,capacity_n9,32,visual,letters,9,2,start,Y,Y,1.0,1,,3.0,0,
2026-09-19T15:26:13,Bert,serial_recall,capacity_n9,32,visual,letters,9,3,start,G,G,1.0,1,,3.0,0,
2026-09-19T15:26:13,Bert,serial_recall,capacity_n9,32,visual,letters,9,4,middle,I,I,1.0,1,,3.0,0,
2026-09-19T15:26:13,Bert,serial_recall,capacity_n9,32,visual,letters,9,5,middle,S,S,1.0,1,,3.0,0,
2026-09-19T15:26:13,Bert,serial_recall,capacity_n9,32,visual,letters,9,6,middle,X,X,1.0,1,,3.0,0,
2026-09-19T15:26:13,Bert,serial_recall,capacity_n9,32,visual,letters,9,7,end,Q,Q,1.0,1,,3.0,0,
2026-09-19T15:26:13,Bert,serial_recall,capacity_n9,32,visual,letters,9,8,end,L,L,1.0,1,,3.0,0,
2026-09-19T15:26:13,Bert,serial_recall,capacity_n9,32,visual,letters,9,9,end,O,O,1.0,1,,3.0,0,
2026-09-19T15:27:00,Bert,serial_recall,capacity_n9,33,visual,letters,9,1,start,C,C,1.0,1,,3.0,0,
2026-09-19T15:27:00,Bert,serial_recall,capacity_n9,33,visual,letters,9,2,start,F,F,1.0,1,,3.0,0,
2026-09-19T15:27:00,Bert,serial_recall,capacity_n9,33,visual,letters,9,3,start,R,R,1.0,1,,3.0,0,
2026-09-19T15:27:00,Bert,serial_recall,capacity_n9,33,visual,letters,9,4,middle,I,I,1.0,1,,3.0,0,
2026-09-19T15:27:00,Bert,serial_recall,capacity_n9,33,visual,letters,9,5,middle,O,O,1.0,1,,3.0,0,
2026-09-19T15:27:00,Bert,serial_recall,capacity_n9,33,visual,letters,9,6,middle,M,M,1.0,1,,3.0,0,
2026-09-19T15:27:00,Bert,serial_recall,capacity_n9,33,visual,letters,9,7,end,X,X,1.0,1,,3.0,0,
2026-09-19T15:27:00,Bert,serial_recall,capacity_n9,33,visual,letters,9,8,end,Y,Y,1.0,1,,3.0,0,
2026-09-19T15:27:00,Bert,serial_recall,capacity_n9,33,visual,letters,9,9,end,U,U,1.0,1,,3.0,0,
2026-09-19T15:27:47,Bert,serial_recall,capacity_n9,34,visual,letters,9,1,start,A,A,1.0,1,,3.0,0,
2026-09-19T15:27:47,Bert,serial_recall,capacity_n9,34,visual,letters,9,2,start,M,M,1.0,1,,3.0,0,
2026-09-19T15:27:47,Bert,serial_recall,capacity_n9,34,visual,letters,9,3,start,Y,Y,1.0,1,,3.0,0,
2026-09-19T15:27:47,Bert,serial_recall,capacity_n9,34,visual,letters,9,4,middle,T,T,1.0,1,,3.0,0,
2026-09-19T15:27:47,Bert,serial_recall,capacity_n9,34,visual,letters,9,5,middle,X,X,1.0,1,,3.0,0,
2026-09-19T15:27:47,Bert,serial_recall,capacity_n9,34,visual,letters,9,6,middle,F,F,1.0,1,,3.0,0,
2026-09-19T15:27:47,Bert,serial_recall,capacity_n9,34,visual,letters,9,7,end,T,T,1.0,1,,3.0,0,
2026-09-19T15:27:47,Bert,serial_recall,capacity_n9,34,visual,letters,9,8,end,P,P,1.0,1,,3.0,0,
2026-09-19T15:27:47,Bert,serial_recall,capacity_n9,34,visual,letters,9,9,end,R,R,1.0,1,,3.0,0,
2026-09-19T15:28:41,Bert,serial_recall,capacity_n9,35,visual,letters,9,1,start,F,F,1.0,1,,3.0,0,
2026-09-19T15:28:41,Bert,serial_recall,capacity_n9,35,visual,letters,9,2,start,C,C,1.0,1,,3.0,0,
2026-09-19T15:28:41,Bert,serial_recall,capacity_n9,35,visual,letters,9,3,start,D,D,1.0,1,,3.0,0,
2026-09-19T15:28:41,Bert,serial_recall,capacity_n9,35,visual,letters,9,4,middle,R,R,1.0,1,,3.0,0,
2026-09-19T15:28:41,Bert,serial_recall,capacity_n9,35,visual,letters,9,5,middle,E,E,1.0,1,,3.0,0,
2026-09-19T15:28:41,Bert,serial_recall,capacity_n9,35,visual,letters,9,6,middle,F,F,1.0,1,,3.0,0,
2026-09-19T15:28:41,Bert,serial_recall,capacity_n9,35,visual,letters,9,7,end,W,W,1.0,1,,3.0,0,
2026-09-19T15:28:41,Bert,serial_recall,capacity_n9,35,visual,letters,9,8,end,V,V,1.0,1,,3.0,0,
2026-09-19T15:28:41,Bert,serial_recall,capacity_n9,35,visual,letters,9,9,end,W,W,1.0,1,,3.0,0,
2026-09-19T15:30:08,Bert,serial_recall,capacity_n9,36,visual,letters,9,1,start,P,P,1.0,1,,3.0,0,
2026-09-19T15:30:08,Bert,serial_recall,capacity_n9,36,visual,letters,9,2,start,D,D,1.0,1,,3.0,0,
2026-09-19T15:30:08,Bert,serial_recall,capacity_n9,36,visual,letters,9,3,start,F,F,1.0,1,,3.0,0,
2026-09-19T15:30:08,Bert,serial_recall,capacity_n9,36,visual,letters,9,4,middle,V,V,0.5,1,,3.0,0,
2026-09-19T15:30:08,Bert,serial_recall,capacity_n9,36,visual,letters,9,5,middle,U,N,0.0,0,N,3.0,0,
2026-09-19T15:30:08,Bert,serial_recall,capacity_n9,36,visual,letters,9,6,middle,V,E,0.5,0,E,3.0,0,
2026-09-19T15:30:08,Bert,serial_recall,capacity_n9,36,visual,letters,9,7,end,N,N,1.0,1,,3.0,0,
2026-09-19T15:30:08,Bert,serial_recall,capacity_n9,36,visual,letters,9,8,end,L,L,1.0,1,,3.0,0,
2026-09-19T15:30:08,Bert,serial_recall,capacity_n9,36,visual,letters,9,9,end,B,B,1.0,1,,3.0,0,
2026-09-19T15:31:11,Bert,serial_recall,capacity_n10,37,visual,letters,10,1,start,D,D,1.0,1,,3.0,0,
2026-09-19T15:31:11,Bert,serial_recall,capacity_n10,37,visual,letters,10,2,start,R,R,1.0,1,,3.0,0,
2026-09-19T15:31:11,Bert,serial_recall,capacity_n10,37,visual,letters,10,3,start,H,H,1.0,1,,3.0,0,
2026-09-19T15:31:11,Bert,serial_recall,capacity_n10,37,visual,letters,10,4,start,M,M,1.0,1,,3.0,0,
2026-09-19T15:31:11,Bert,serial_recall,capacity_n10,37,visual,letters,10,5,middle,R,R,1.0,1,,3.0,0,
2026-09-19T15:31:11,Bert,serial_recall,capacity_n10,37,visual,letters,10,6,middle,R,R,1.0,1,,3.0,0,
2026-09-19T15:31:11,Bert,serial_recall,capacity_n10,37,visual,letters,10,7,middle,J,J,1.0,1,,3.0,0,
2026-09-19T15:31:11,Bert,serial_recall,capacity_n10,37,visual,letters,10,8,end,K,K,1.0,1,,3.0,0,
2026-09-19T15:31:11,Bert,serial_recall,capacity_n10,37,visual,letters,10,9,end,C,C,1.0,1,,3.0,0,
2026-09-19T15:31:11,Bert,serial_recall,capacity_n10,37,visual,letters,10,10,end,H,H,1.0,1,,3.0,0,
2026-09-19T15:32:08,Bert,serial_recall,capacity_n10,38,visual,letters,10,1,start,H,H,1.0,1,,3.0,0,
2026-09-19T15:32:08,Bert,serial_recall,capacity_n10,38,visual,letters,10,2,start,C,C,1.0,1,,3.0,0,
2026-09-19T15:32:08,Bert,serial_recall,capacity_n10,38,visual,letters,10,3,start,L,L,1.0,1,,3.0,0,
2026-09-19T15:32:08,Bert,serial_recall,capacity_n10,38,visual,letters,10,4,start,G,V,0.0,0,V,3.0,0,
2026-09-19T15:32:08,Bert,serial_recall,capacity_n10,38,visual,letters,10,5,middle,B,B,1.0,1,,3.0,0,
2026-09-19T15:32:08,Bert,serial_recall,capacity_n10,38,visual,letters,10,6,middle,S,W,0.0,0,W,3.0,0,
2026-09-19T15:32:08,Bert,serial_recall,capacity_n10,38,visual,letters,10,7,middle,W,C,1.0,0,C,3.0,0,
2026-09-19T15:32:08,Bert,serial_recall,capacity_n10,38,visual,letters,10,8,end,I,I,1.0,1,,3.0,0,
2026-09-19T15:32:08,Bert,serial_recall,capacity_n10,38,visual,letters,10,9,end,M,M,1.0,1,,3.0,0,
2026-09-19T15:32:08,Bert,serial_recall,capacity_n10,38,visual,letters,10,10,end,E,E,1.0,1,,3.0,0,
2026-09-19T15:32:54,Bert,serial_recall,capacity_n10,39,visual,letters,10,1,start,H,H,1.0,1,,3.0,0,
2026-09-19T15:32:54,Bert,serial_recall,capacity_n10,39,visual,letters,10,2,start,I,I,1.0,1,,3.0,0,
2026-09-19T15:32:54,Bert,serial_recall,capacity_n10,39,visual,letters,10,3,start,P,P,1.0,1,,3.0,0,
2026-09-19T15:32:54,Bert,serial_recall,capacity_n10,39,visual,letters,10,4,start,B,W,0.0,0,W,3.0,0,
2026-09-19T15:32:54,Bert,serial_recall,capacity_n10,39,visual,letters,10,5,middle,C,C,1.0,1,,3.0,0,
2026-09-19T15:32:54,Bert,serial_recall,capacity_n10,39,visual,letters,10,6,middle,D,D,1.0,1,,3.0,0,
2026-09-19T15:32:54,Bert,serial_recall,capacity_n10,39,visual,letters,10,7,middle,W,W,1.0,1,,3.0,0,
2026-09-19T15:32:54,Bert,serial_recall,capacity_n10,39,visual,letters,10,8,end,P,P,1.0,1,,3.0,0,
2026-09-19T15:32:54,Bert,serial_recall,capacity_n10,39,visual,letters,10,9,end,X,X,1.0,1,,3.0,0,
2026-09-19T15:32:54,Bert,serial_recall,capacity_n10,39,visual,letters,10,10,end,A,A,1.0,1,,3.0,0,
2026-09-19T15:33:56,Bert,serial_recall,capacity_n10,40,visual,letters,10,1,start,B,B,1.0,1,,3.0,0,
2026-09-19T15:33:56,Bert,serial_recall,capacity_n10,40,visual,letters,10,2,start,V,I,1.0,0,I,3.0,0,
2026-09-19T15:33:56,Bert,serial_recall,capacity_n10,40,visual,letters,10,3,start,W,H,1.0,0,H,3.0,0,
2026-09-19T15:33:56,Bert,serial_recall,capacity_n10,40,visual,letters,10,4,start,I,V,1.0,0,V,3.0,0,
2026-09-19T15:33:56,Bert,serial_recall,capacity_n10,40,visual,letters,10,5,middle,H,W,1.0,0,W,3.0,0,
2026-09-19T15:33:56,Bert,serial_recall,capacity_n10,40,visual,letters,10,6,middle,N,V,0.0,0,V,3.0,0,
2026-09-19T15:33:56,Bert,serial_recall,capacity_n10,40,visual,letters,10,7,middle,N,W,0.0,0,W,3.0,0,
2026-09-19T15:33:56,Bert,serial_recall,capacity_n10,40,visual,letters,10,8,end,A,A,1.0,1,,3.0,0,
2026-09-19T15:33:56,Bert,serial_recall,capacity_n10,40,visual,letters,10,9,end,U,U,1.0,1,,3.0,0,
2026-09-19T15:33:56,Bert,serial_recall,capacity_n10,40,visual,letters,10,10,end,L,L,1.0,1,,3.0,0,
2026-09-19T15:34:47,Bert,serial_recall,capacity_n10,41,visual,letters,10,1,start,V,V,1.0,1,,3.0,0,
2026-09-19T15:34:47,Bert,serial_recall,capacity_n10,41,visual,letters,10,2,start,U,U,1.0,1,,3.0,0,
2026-09-19T15:34:47,Bert,serial_recall,capacity_n10,41,visual,letters,10,3,start,U,U,1.0,1,,3.0,0,
2026-09-19T15:34:47,Bert,serial_recall,capacity_n10,41,visual,letters,10,4,start,M,M,1.0,1,,3.0,0,
2026-09-19T15:34:47,Bert,serial_recall,capacity_n10,41,visual,letters,10,5,middle,O,O,1.0,1,,3.0,0,
2026-09-19T15:34:47,Bert,serial_recall,capacity_n10,41,visual,letters,10,6,middle,X,X,1.0,1,,3.0,0,
2026-09-19T15:34:47,Bert,serial_recall,capacity_n10,41,visual,letters,10,7,middle,X,X,1.0,1,,3.0,0,
2026-09-19T15:34:47,Bert,serial_recall,capacity_n10,41,visual,letters,10,8,end,T,T,1.0,1,,3.0,0,
2026-09-19T15:34:47,Bert,serial_recall,capacity_n10,41,visual,letters,10,9,end,L,L,1.0,1,,3.0,0,
2026-09-19T15:34:47,Bert,serial_recall,capacity_n10,41,visual,letters,10,10,end,F,F,1.0,1,,3.0,0,
2026-09-19T15:35:54,Bert,serial_recall,capacity_n10,42,visual,letters,10,1,start,Z,H,0.0,0,H,3.0,0,
2026-09-19T15:35:54,Bert,serial_recall,capacity_n10,42,visual,letters,10,2,start,L,U,1.0,0,U,3.0,0,
2026-09-19T15:35:54,Bert,serial_recall,capacity_n10,42,visual,letters,10,3,start,X,L,1.0,0,L,3.0,0,
2026-09-19T15:35:54,Bert,serial_recall,capacity_n10,42,visual,letters,10,4,start,P,X,0.0,0,X,3.0,0,
2026-09-19T15:35:54,Bert,serial_recall,capacity_n10,42,visual,letters,10,5,middle,I,I,1.0,1,,3.0,0,
2026-09-19T15:35:54,Bert,serial_recall,capacity_n10,42,visual,letters,10,6,middle,F,F,1.0,1,,3.0,0,
2026-09-19T15:35:54,Bert,serial_recall,capacity_n10,42,visual,letters,10,7,middle,Y,Y,1.0,1,,3.0,0,
2026-09-19T15:35:54,Bert,serial_recall,capacity_n10,42,visual,letters,10,8,end,C,C,1.0,1,,3.0,0,
2026-09-19T15:35:54,Bert,serial_recall,capacity_n10,42,visual,letters,10,9,end,C,C,1.0,1,,3.0,0,
2026-09-19T15:35:54,Bert,serial_recall,capacity_n10,42,visual,letters,10,10,end,T,T,1.0,1,,3.0,0,
2026-09-19T15:36:41,Bert,serial_recall,capacity_n10,43,visual,letters,10,1,start,R,R,1.0,1,,3.0,0,
2026-09-19T15:36:41,Bert,serial_recall,capacity_n10,43,visual,letters,10,2,start,B,B,1.0,1,,3.0,0,
2026-09-19T15:36:41,Bert,serial_recall,capacity_n10,43,visual,letters,10,3,start,I,I,1.0,1,,3.0,0,
2026-09-19T15:36:41,Bert,serial_recall,capacity_n10,43,visual,letters,10,4,start,S,S,1.0,1,,3.0,0,
2026-09-19T15:36:41,Bert,serial_recall,capacity_n10,43,visual,letters,10,5,middle,X,X,1.0,1,,3.0,0,
2026-09-19T15:36:41,Bert,serial_recall,capacity_n10,43,visual,letters,10,6,middle,H,H,1.0,1,,3.0,0,
2026-09-19T15:36:41,Bert,serial_recall,capacity_n10,43,visual,letters,10,7,middle,J,J,1.0,1,,3.0,0,
2026-09-19T15:36:41,Bert,serial_recall,capacity_n10,43,visual,letters,10,8,end,P,P,1.0,1,,3.0,0,
2026-09-19T15:36:41,Bert,serial_recall,capacity_n10,43,visual,letters,10,9,end,D,D,1.0,1,,3.0,0,
2026-09-19T15:36:41,Bert,serial_recall,capacity_n10,43,visual,letters,10,10,end,P,P,1.0,1,,3.0,0,
2026-09-19T15:37:55,Bert,serial_recall,capacity_n10,44,visual,letters,10,1,start,J,J,1.0,1,,3.0,0,
2026-09-19T15:37:55,Bert,serial_recall,capacity_n10,44,visual,letters,10,2,start,Q,Q,1.0,1,,3.0,0,
2026-09-19T15:37:55,Bert,serial_recall,capacity_n10,44,visual,letters,10,3,start,M,M,1.0,1,,3.0,0,
2026-09-19T15:37:55,Bert,serial_recall,capacity_n10,44,visual,letters,10,4,start,U,U,1.0,1,,3.0,0,
2026-09-19T15:37:55,Bert,serial_recall,capacity_n10,44,visual,letters,10,5,middle,D,E,0.0,0,E,3.0,0,
2026-09-19T15:37:55,Bert,serial_recall,capacity_n10,44,visual,letters,10,6,middle,E,X,1.0,0,X,3.0,0,
2026-09-19T15:37:55,Bert,serial_recall,capacity_n10,44,visual,letters,10,7,middle,V,X,0.0,0,X,3.0,0,
2026-09-19T15:37:55,Bert,serial_recall,capacity_n10,44,visual,letters,10,8,end,X,W,1.0,0,W,3.0,0,
2026-09-19T15:37:55,Bert,serial_recall,capacity_n10,44,visual,letters,10,9,end,W,W,1.0,1,,3.0,0,
2026-09-19T15:37:55,Bert,serial_recall,capacity_n10,44,visual,letters,10,10,end,S,S,1.0,1,,3.0,0,
2026-09-19T15:39:13,Bert,serial_recall,capacity_n11,45,visual,letters,11,1,start,X,X,1.0,1,,3.0,0,
2026-09-19T15:39:13,Bert,serial_recall,capacity_n11,45,visual,letters,11,2,start,X,X,1.0,1,,3.0,0,
2026-09-19T15:39:13,Bert,serial_recall,capacity_n11,45,visual,letters,11,3,start,Q,Q,1.0,1,,3.0,0,
2026-09-19T15:39:13,Bert,serial_recall,capacity_n11,45,visual,letters,11,4,start,F,F,1.0,1,,3.0,0,
2026-09-19T15:39:13,Bert,serial_recall,capacity_n11,45,visual,letters,11,5,middle,Y,Y,1.0,1,,3.0,0,
2026-09-19T15:39:13,Bert,serial_recall,capacity_n11,45,visual,letters,11,6,middle,P,P,1.0,1,,3.0,0,
2026-09-19T15:39:13,Bert,serial_recall,capacity_n11,45,visual,letters,11,7,middle,D,S,1.0,0,S,3.0,0,
2026-09-19T15:39:13,Bert,serial_recall,capacity_n11,45,visual,letters,11,8,middle,S,D,1.0,0,D,3.0,0,
2026-09-19T15:39:13,Bert,serial_recall,capacity_n11,45,visual,letters,11,9,end,I,U,0.0,0,U,3.0,0,
2026-09-19T15:39:13,Bert,serial_recall,capacity_n11,45,visual,letters,11,10,end,T,T,1.0,1,,3.0,0,
2026-09-19T15:39:13,Bert,serial_recall,capacity_n11,45,visual,letters,11,11,end,J,J,1.0,1,,3.0,0,
2026-09-19T15:40:25,Bert,serial_recall,capacity_n11,46,visual,letters,11,1,start,E,E,1.0,1,,3.0,0,
2026-09-19T15:40:25,Bert,serial_recall,capacity_n11,46,visual,letters,11,2,start,Z,Z,1.0,1,,3.0,0,
2026-09-19T15:40:25,Bert,serial_recall,capacity_n11,46,visual,letters,11,3,start,L,L,1.0,1,,3.0,0,
2026-09-19T15:40:25,Bert,serial_recall,capacity_n11,46,visual,letters,11,4,start,A,I,1.0,0,I,3.0,0,
2026-09-19T15:40:25,Bert,serial_recall,capacity_n11,46,visual,letters,11,5,middle,I,A,1.0,0,A,3.0,0,
2026-09-19T15:40:25,Bert,serial_recall,capacity_n11,46,visual,letters,11,6,middle,G,A,0.5,0,A,3.0,0,
2026-09-19T15:40:25,Bert,serial_recall,capacity_n11,46,visual,letters,11,7,middle,W,G,1.0,0,G,3.0,0,
2026-09-19T15:40:25,Bert,serial_recall,capacity_n11,46,visual,letters,11,8,middle,G,W,0.5,0,W,3.0,0,
2026-09-19T15:40:25,Bert,serial_recall,capacity_n11,46,visual,letters,11,9,end,G,G,0.5,1,,3.0,0,
2026-09-19T15:40:25,Bert,serial_recall,capacity_n11,46,visual,letters,11,10,end,G,W,0.5,0,W,3.0,0,
2026-09-19T15:40:25,Bert,serial_recall,capacity_n11,46,visual,letters,11,11,end,W,W,1.0,1,,3.0,0,
2026-09-19T15:41:40,Bert,serial_recall,capacity_n11,47,visual,letters,11,1,start,A,A,1.0,1,,3.0,0,
2026-09-19T15:41:40,Bert,serial_recall,capacity_n11,47,visual,letters,11,2,start,N,N,1.0,1,,3.0,0,
2026-09-19T15:41:40,Bert,serial_recall,capacity_n11,47,visual,letters,11,3,start,T,T,0.5,1,,3.0,0,
2026-09-19T15:41:40,Bert,serial_recall,capacity_n11,47,visual,letters,11,4,start,S,J,0.0,0,J,3.0,0,
2026-09-19T15:41:40,Bert,serial_recall,capacity_n11,47,visual,letters,11,5,middle,P,C,1.0,0,C,3.0,0,
2026-09-19T15:41:40,Bert,serial_recall,capacity_n11,47,visual,letters,11,6,middle,C,C,1.0,1,,3.0,0,
2026-09-19T15:41:40,Bert,serial_recall,capacity_n11,47,visual,letters,11,7,middle,J,P,1.0,0,P,3.0,0,
2026-09-19T15:41:40,Bert,serial_recall,capacity_n11,47,visual,letters,11,8,middle,C,J,1.0,0,J,3.0,0,
2026-09-19T15:41:40,Bert,serial_recall,capacity_n11,47,visual,letters,11,9,end,Y,U,0.0,0,U,3.0,0,
2026-09-19T15:41:40,Bert,serial_recall,capacity_n11,47,visual,letters,11,10,end,T,L,0.5,0,L,3.0,0,
2026-09-19T15:41:40,Bert,serial_recall,capacity_n11,47,visual,letters,11,11,end,W,W,1.0,1,,3.0,0,
2026-09-19T15:42:47,Bert,serial_recall,capacity_n11,48,visual,letters,11,1,start,W,W,1.0,1,,3.0,0,
2026-09-19T15:42:47,Bert,serial_recall,capacity_n11,48,visual,letters,11,2,start,A,A,1.0,1,,3.0,0,
2026-09-19T15:42:47,Bert,serial_recall,capacity_n11,48,visual,letters,11,3,start,K,K,1.0,1,,3.0,0,
2026-09-19T15:42:47,Bert,serial_recall,capacity_n11,48,visual,letters,11,4,start,J,J,1.0,1,,3.0,0,
2026-09-19T15:42:47,Bert,serial_recall,capacity_n11,48,visual,letters,11,5,middle,B,B,1.0,1,,3.0,0,
2026-09-19T15:42:47,Bert,serial_recall,capacity_n11,48,visual,letters,11,6,middle,P,P,1.0,1,,3.0,0,
2026-09-19T15:42:47,Bert,serial_recall,capacity_n11,48,visual,letters,11,7,middle,O,O,1.0,1,,3.0,0,
2026-09-19T15:42:47,Bert,serial_recall,capacity_n11,48,visual,letters,11,8,middle,G,G,1.0,1,,3.0,0,
2026-09-19T15:42:47,Bert,serial_recall,capacity_n11,48,visual,letters,11,9,end,L,L,1.0,1,,3.0,0,
2026-09-19T15:42:47,Bert,serial_recall,capacity_n11,48,visual,letters,11,10,end,Q,Q,1.0,1,,3.0,0,
2026-09-19T15:42:47,Bert,serial_recall,capacity_n11,48,visual,letters,11,11,end,P,P,1.0,1,,3.0,0,
2026-09-19T15:43:44,Bert,serial_recall,capacity_n11,49,visual,letters,11,1,start,G,G,1.0,1,,3.0,0,
2026-09-19T15:43:44,Bert,serial_recall,capacity_n11,49,visual,letters,11,2,start,R,R,1.0,1,,3.0,0,
2026-09-19T15:43:44,Bert,serial_recall,capacity_n11,49,visual,letters,11,3,start,X,Z,0.5,0,Z,3.0,0,
2026-09-19T15:43:44,Bert,serial_recall,capacity_n11,49,visual,letters,11,4,start,F,F,1.0,1,,3.0,0,
2026-09-19T15:43:44,Bert,serial_recall,capacity_n11,49,visual,letters,11,5,middle,T,T,1.0,1,,3.0,0,
2026-09-19T15:43:44,Bert,serial_recall,capacity_n11,49,visual,letters,11,6,middle,S,S,1.0,1,,3.0,0,
2026-09-19T15:43:44,Bert,serial_recall,capacity_n11,49,visual,letters,11,7,middle,D,D,1.0,1,,3.0,0,
2026-09-19T15:43:44,Bert,serial_recall,capacity_n11,49,visual,letters,11,8,middle,H,H,1.0,1,,3.0,0,
2026-09-19T15:43:44,Bert,serial_recall,capacity_n11,49,visual,letters,11,9,end,X,X,0.5,1,,3.0,0,
2026-09-19T15:43:44,Bert,serial_recall,capacity_n11,49,visual,letters,11,10,end,J,J,1.0,1,,3.0,0,
2026-09-19T15:43:44,Bert,serial_recall,capacity_n11,49,visual,letters,11,11,end,Z,Z,1.0,1,,3.0,0,
2026-09-19T15:44:42,Bert,serial_recall,capacity_n11,50,visual,letters,11,1,start,H,G,0.0,0,G,3.0,0,
2026-09-19T15:44:42,Bert,serial_recall,capacity_n11,50,visual,letters,11,2,start,V,R,0.0,0,R,3.0,0,
2026-09-19T15:44:42,Bert,serial_recall,capacity_n11,50,visual,letters,11,3,start,O,W,1.0,0,W,3.0,0,
2026-09-19T15:44:42,Bert,serial_recall,capacity_n11,50,visual,letters,11,4,start,W,C,1.0,0,C,3.0,0,
2026-09-19T15:44:42,Bert,serial_recall,capacity_n11,50,visual,letters,11,5,middle,C,A,1.0,0,A,3.0,0,
2026-09-19T15:44:42,Bert,serial_recall,capacity_n11,50,visual,letters,11,6,middle,R,O,1.0,0,O,3.0,0,
2026-09-19T15:44:42,Bert,serial_recall,capacity_n11,50,visual,letters,11,7,middle,I,I,1.0,1,,3.0,0,
2026-09-19T15:44:42,Bert,serial_recall,capacity_n11,50,visual,letters,11,8,middle,M,M,1.0,1,,3.0,0,
2026-09-19T15:44:42,Bert,serial_recall,capacity_n11,50,visual,letters,11,9,end,O,O,1.0,1,,3.0,0,
2026-09-19T15:44:42,Bert,serial_recall,capacity_n11,50,visual,letters,11,10,end,U,U,1.0,1,,3.0,0,
2026-09-19T15:44:42,Bert,serial_recall,capacity_n11,50,visual,letters,11,11,end,W,W,1.0,1,,3.0,0,
2026-09-19T15:45:51,Bert,serial_recall,capacity_n11,51,visual,letters,11,1,start,N,A,0.5,0,A,3.0,0,
2026-09-19T15:45:51,Bert,serial_recall,capacity_n11,51,visual,letters,11,2,start,O,O,1.0,1,,3.0,0,
2026-09-19T15:45:51,Bert,serial_recall,capacity_n11,51,visual,letters,11,3,start,W,W,1.0,1,,3.0,0,
2026-09-19T15:45:51,Bert,serial_recall,capacity_n11,51,visual,letters,11,4,start,W,O,1.0,0,O,3.0,0,
2026-09-19T15:45:51,Bert,serial_recall,capacity_n11,51,visual,letters,11,5,middle,X,W,0.0,0,W,3.0,0,
2026-09-19T15:45:51,Bert,serial_recall,capacity_n11,51,visual,letters,11,6,middle,W,W,1.0,1,,3.0,0,
2026-09-19T15:45:51,Bert,serial_recall,capacity_n11,51,visual,letters,11,7,middle,O,O,1.0,1,,3.0,0,
2026-09-19T15:45:51,Bert,serial_recall,capacity_n11,51,visual,letters,11,8,middle,C,C,1.0,1,,3.0,0,
2026-09-19T15:45:51,Bert,serial_recall,capacity_n11,51,visual,letters,11,9,end,N,N,0.5,1,,3.0,0,
2026-09-19T15:45:51,Bert,serial_recall,capacity_n11,51,visual,letters,11,10,end,U,U,1.0,1,,3.0,0,
2026-09-19T15:45:51,Bert,serial_recall,capacity_n11,51,visual,letters,11,11,end,P,P,1.0,1,,3.0,0,
2026-09-19T15:46:44,Bert,serial_recall,capacity_n11,52,visual,letters,11,1,start,L,L,1.0,1,,3.0,0,
2026-09-19T15:46:44,Bert,serial_recall,capacity_n11,52,visual,letters,11,2,start,Q,Q,1.0,1,,3.0,0,
2026-09-19T15:46:44,Bert,serial_recall,capacity_n11,52,visual,letters,11,3,start,K,K,1.0,1,,3.0,0,
2026-09-19T15:46:44,Bert,serial_recall,capacity_n11,52,visual,letters,11,4,start,I,I,1.0,1,,3.0,0,
2026-09-19T15:46:44,Bert,serial_recall,capacity_n11,52,visual,letters,11,5,middle,R,R,1.0,1,,3.0,0,
2026-09-19T15:46:44,Bert,serial_recall,capacity_n11,52,visual,letters,11,6,middle,S,S,1.0,1,,3.0,0,
2026-09-19T15:46:44,Bert,serial_recall,capacity_n11,52,visual,letters,11,7,middle,O,O,1.0,1,,3.0,0,
2026-09-19T15:46:44,Bert,serial_recall,capacity_n11,52,visual,letters,11,8,middle,D,D,1.0,1,,3.0,0,
2026-09-19T15:46:44,Bert,serial_recall,capacity_n11,52,visual,letters,11,9,end,I,I,1.0,1,,3.0,0,
2026-09-19T15:46:44,Bert,serial_recall,capacity_n11,52,visual,letters,11,10,end,G,G,1.0,1,,3.0,0,
2026-09-19T15:46:44,Bert,serial_recall,capacity_n11,52,visual,letters,11,11,end,S,S,1.0,1,,3.0,0,
2026-09-19T15:48:25,Bert,serial_recall,baseline,1,visual,letters,12,1,start,F,F,1.0,1,,3.0,0,
2026-09-19T15:48:25,Bert,serial_recall,baseline,1,visual,letters,12,2,start,Y,Y,1.0,1,,3.0,0,
2026-09-19T15:48:25,Bert,serial_recall,baseline,1,visual,letters,12,3,start,C,M,0.0,0,M,3.0,0,
2026-09-19T15:48:25,Bert,serial_recall,baseline,1,visual,letters,12,4,start,X,X,1.0,1,,3.0,0,
2026-09-19T15:48:25,Bert,serial_recall,baseline,1,visual,letters,12,5,middle,Y,Y,1.0,1,,3.0,0,
2026-09-19T15:48:25,Bert,serial_recall,baseline,1,visual,letters,12,6,middle,A,Y,1.0,0,Y,3.0,0,
2026-09-19T15:48:25,Bert,serial_recall,baseline,1,visual,letters,12,7,middle,M,A,1.0,0,A,3.0,0,
2026-09-19T15:48:25,Bert,serial_recall,baseline,1,visual,letters,12,8,middle,D,M,0.0,0,M,3.0,0,
2026-09-19T15:48:25,Bert,serial_recall,baseline,1,visual,letters,12,9,end,T,T,1.0,1,,3.0,0,
2026-09-19T15:48:25,Bert,serial_recall,baseline,1,visual,letters,12,10,end,Q,Q,1.0,1,,3.0,0,
2026-09-19T15:48:25,Bert,serial_recall,baseline,1,visual,letters,12,11,end,B,B,1.0,1,,3.0,0,
2026-09-19T15:48:25,Bert,serial_recall,baseline,1,visual,letters,12,12,end,U,U,1.0,1,,3.0,0,
2026-09-19T15:49:55,Bert,serial_recall,baseline,2,visual,letters,12,1,start,Q,Q,1.0,1,,3.0,0,
2026-09-19T15:49:55,Bert,serial_recall,baseline,2,visual,letters,12,2,start,W,W,1.0,1,,3.0,0,
2026-09-19T15:49:55,Bert,serial_recall,baseline,2,visual,letters,12,3,start,N,N,1.0,1,,3.0,0,
2026-09-19T15:49:55,Bert,serial_recall,baseline,2,visual,letters,12,4,start,W,W,1.0,1,,3.0,0,
2026-09-19T15:49:55,Bert,serial_recall,baseline,2,visual,letters,12,5,middle,P,P,1.0,1,,3.0,0,
2026-09-19T15:49:55,Bert,serial_recall,baseline,2,visual,letters,12,6,middle,M,M,1.0,1,,3.0,0,
2026-09-19T15:49:55,Bert,serial_recall,baseline,2,visual,letters,12,7,middle,N,X,1.0,0,X,3.0,0,
2026-09-19T15:49:55,Bert,serial_recall,baseline,2,visual,letters,12,8,middle,X,Y,1.0,0,Y,3.0,0,
2026-09-19T15:49:55,Bert,serial_recall,baseline,2,visual,letters,12,9,end,Y,Q,1.0,0,Q,3.0,0,
2026-09-19T15:49:55,Bert,serial_recall,baseline,2,visual,letters,12,10,end,Q,K,1.0,0,K,3.0,0,
2026-09-19T15:49:55,Bert,serial_recall,baseline,2,visual,letters,12,11,end,K,N,1.0,0,N,3.0,0,
2026-09-19T15:49:55,Bert,serial_recall,baseline,2,visual,letters,12,12,end,W,W,1.0,1,,3.0,0,
2026-09-19T15:50:59,Bert,serial_recall,baseline,3,visual,letters,12,1,start,D,A,0.0,0,A,3.0,0,
2026-09-19T15:50:59,Bert,serial_recall,baseline,3,visual,letters,12,2,start,S,S,1.0,1,,3.0,0,
2026-09-19T15:50:59,Bert,serial_recall,baseline,3,visual,letters,12,3,start,C,E,0.5,0,E,3.0,0,
2026-09-19T15:50:59,Bert,serial_recall,baseline,3,visual,letters,12,4,start,O,O,1.0,1,,3.0,0,
2026-09-19T15:50:59,Bert,serial_recall,baseline,3,visual,letters,12,5,middle,V,O,1.0,0,O,3.0,0,
2026-09-19T15:50:59,Bert,serial_recall,baseline,3,visual,letters,12,6,middle,K,V,1.0,0,V,3.0,0,
2026-09-19T15:50:59,Bert,serial_recall,baseline,3,visual,letters,12,7,middle,J,K,1.0,0,K,3.0,0,
2026-09-19T15:50:59,Bert,serial_recall,baseline,3,visual,letters,12,8,middle,M,J,0.5,0,J,3.0,0,
2026-09-19T15:50:59,Bert,serial_recall,baseline,3,visual,letters,12,9,end,M,M,0.5,1,,3.0,0,
2026-09-19T15:50:59,Bert,serial_recall,baseline,3,visual,letters,12,10,end,J,J,1.0,1,,3.0,0,
2026-09-19T15:50:59,Bert,serial_recall,baseline,3,visual,letters,12,11,end,J,J,1.0,1,,3.0,0,
2026-09-19T15:50:59,Bert,serial_recall,baseline,3,visual,letters,12,12,end,C,C,0.5,1,,3.0,0,
2026-09-19T16:22:08,Bert,serial_recall,finger_tapping,1,visual,letters,12,1,start,V,V,1.0,1,,3.0,0,
2026-09-19T16:22:08,Bert,serial_recall,finger_tapping,1,visual,letters,12,2,start,G,G,0.5,1,,3.0,0,
2026-09-19T16:22:08,Bert,serial_recall,finger_tapping,1,visual,letters,12,3,start,L,L,1.0,1,,3.0,0,
2026-09-19T16:22:08,Bert,serial_recall,finger_tapping,1,visual,letters,12,4,start,T,E,1.0,0,E,3.0,0,
2026-09-19T16:22:08,Bert,serial_recall,finger_tapping,1,visual,letters,12,5,middle,G,T,0.5,0,T,3.0,0,
2026-09-19T16:22:08,Bert,serial_recall,finger_tapping,1,visual,letters,12,6,middle,J,J,1.0,1,,3.0,0,
2026-09-19T16:22:08,Bert,serial_recall,finger_tapping,1,visual,letters,12,7,middle,K,K,1.0,1,,3.0,0,
2026-09-19T16:22:08,Bert,serial_recall,finger_tapping,1,visual,letters,12,8,middle,P,P,1.0,1,,3.0,0,
2026-09-19T16:22:08,Bert,serial_recall,finger_tapping,1,visual,letters,12,9,end,U,U,1.0,1,,3.0,0,
2026-09-19T16:22:08,Bert,serial_recall,finger_tapping,1,visual,letters,12,10,end,H,H,1.0,1,,3.0,0,
2026-09-19T16:22:08,Bert,serial_recall,finger_tapping,1,visual,letters,12,11,end,O,O,1.0,1,,3.0,0,
2026-09-19T16:22:08,Bert,serial_recall,finger_tapping,1,visual,letters,12,12,end,X,X,1.0,1,,3.0,0,
2026-09-19T16:23:16,Bert,serial_recall,finger_tapping,2,visual,letters,12,1,start,F,F,1.0,1,,3.0,0,
2026-09-19T16:23:16,Bert,serial_recall,finger_tapping,2,visual,letters,12,2,start,F,F,1.0,1,,3.0,0,
2026-09-19T16:23:16,Bert,serial_recall,finger_tapping,2,visual,letters,12,3,start,P,P,1.0,1,,3.0,0,
2026-09-19T16:23:16,Bert,serial_recall,finger_tapping,2,visual,letters,12,4,start,E,E,1.0,1,,3.0,0,
2026-09-19T16:23:16,Bert,serial_recall,finger_tapping,2,visual,letters,12,5,middle,Z,Z,1.0,1,,3.0,0,
2026-09-19T16:23:16,Bert,serial_recall,finger_tapping,2,visual,letters,12,6,middle,R,R,1.0,1,,3.0,0,
2026-09-19T16:23:16,Bert,serial_recall,finger_tapping,2,visual,letters,12,7,middle,Z,Z,1.0,1,,3.0,0,
2026-09-19T16:23:16,Bert,serial_recall,finger_tapping,2,visual,letters,12,8,middle,R,R,1.0,1,,3.0,0,
2026-09-19T16:23:16,Bert,serial_recall,finger_tapping,2,visual,letters,12,9,end,Z,Z,1.0,1,,3.0,0,
2026-09-19T16:23:16,Bert,serial_recall,finger_tapping,2,visual,letters,12,10,end,H,H,1.0,1,,3.0,0,
2026-09-19T16:23:16,Bert,serial_recall,finger_tapping,2,visual,letters,12,11,end,X,X,1.0,1,,3.0,0,
2026-09-19T16:23:16,Bert,serial_recall,finger_tapping,2,visual,letters,12,12,end,I,I,1.0,1,,3.0,0,
2026-09-19T16:24:41,Bert,serial_recall,finger_tapping,3,visual,letters,12,1,start,O,O,0.5,1,,3.0,0,
2026-09-19T16:24:41,Bert,serial_recall,finger_tapping,3,visual,letters,12,2,start,M,M,1.0,1,,3.0,0,
2026-09-19T16:24:41,Bert,serial_recall,finger_tapping,3,visual,letters,12,3,start,V,D,0.0,0,D,3.0,0,
2026-09-19T16:24:41,Bert,serial_recall,finger_tapping,3,visual,letters,12,4,start,O,U,0.5,0,U,3.0,0,
2026-09-19T16:24:41,Bert,serial_recall,finger_tapping,3,visual,letters,12,5,middle,G,R,0.0,0,R,3.0,0,
2026-09-19T16:24:41,Bert,serial_recall,finger_tapping,3,visual,letters,12,6,middle,G,E,0.0,0,E,3.0,0,
2026-09-19T16:24:41,Bert,serial_recall,finger_tapping,3,visual,letters,12,7,middle,J,A,0.5,0,A,3.0,0,
2026-09-19T16:24:41,Bert,serial_recall,finger_tapping,3,visual,letters,12,8,middle,G,W,0.0,0,W,3.0,0,
2026-09-19T16:24:41,Bert,serial_recall,finger_tapping,3,visual,letters,12,9,end,W,W,1.0,1,,3.0,0,
2026-09-19T16:24:41,Bert,serial_recall,finger_tapping,3,visual,letters,12,10,end,E,E,1.0,1,,3.0,0,
2026-09-19T16:24:41,Bert,serial_recall,finger_tapping,3,visual,letters,12,11,end,A,A,1.0,1,,3.0,0,
2026-09-19T16:24:41,Bert,serial_recall,finger_tapping,3,visual,letters,12,12,end,J,J,0.5,1,,3.0,0,
2026-09-19T16:26:07,Bert,serial_recall,articulatory_suppression,1,visual,letters,12,1,start,D,D,0.5,1,,3.0,0,
2026-09-19T16:26:07,Bert,serial_recall,articulatory_suppression,1,visual,letters,12,2,start,E,E,1.0,1,,3.0,0,
2026-09-19T16:26:07,Bert,serial_recall,articulatory_suppression,1,visual,letters,12,3,start,P,P,1.0,1,,3.0,0,
2026-09-19T16:26:07,Bert,serial_recall,articulatory_suppression,1,visual,letters,12,4,start,A,A,1.0,1,,3.0,0,
2026-09-19T16:26:07,Bert,serial_recall,articulatory_suppression,1,visual,letters,12,5,middle,H,C,0.0,0,C,3.0,0,
2026-09-19T16:26:07,Bert,serial_recall,articulatory_suppression,1,visual,letters,12,6,middle,Y,V,0.0,0,V,3.0,0,
2026-09-19T16:26:07,Bert,serial_recall,articulatory_suppression,1,visual,letters,12,7,middle,H,J,0.0,0,J,3.0,0,
2026-09-19T16:26:07,Bert,serial_recall,articulatory_suppression,1,visual,letters,12,8,middle,F,K,0.0,0,K,3.0,0,
2026-09-19T16:26:07,Bert,serial_recall,articulatory_suppression,1,visual,letters,12,9,end,D,C,0.5,0,C,3.0,0,
2026-09-19T16:26:07,Bert,serial_recall,articulatory_suppression,1,visual,letters,12,10,end,K,K,1.0,1,,3.0,0,
2026-09-19T16:26:07,Bert,serial_recall,articulatory_suppression,1,visual,letters,12,11,end,H,A,0.0,0,A,3.0,0,
2026-09-19T16:26:07,Bert,serial_recall,articulatory_suppression,1,visual,letters,12,12,end,V,E,1.0,0,E,3.0,0,
2026-09-19T16:27:11,Bert,serial_recall,articulatory_suppression,2,visual,letters,12,1,start,N,N,1.0,1,,3.0,0,
2026-09-19T16:27:11,Bert,serial_recall,articulatory_suppression,2,visual,letters,12,2,start,V,V,0.333333,1,,3.0,0,
2026-09-19T16:27:11,Bert,serial_recall,articulatory_suppression,2,visual,letters,12,3,start,P,P,1.0,1,,3.0,0,
2026-09-19T16:27:11,Bert,serial_recall,articulatory_suppression,2,visual,letters,12,4,start,L,L,1.0,1,,3.0,0,
2026-09-19T16:27:11,Bert,serial_recall,articulatory_suppression,2,visual,letters,12,5,middle,Q,Q,1.0,1,,3.0,0,
2026-09-19T16:27:11,Bert,serial_recall,articulatory_suppression,2,visual,letters,12,6,middle,R,T,1.0,0,T,3.0,0,
2026-09-19T16:27:11,Bert,serial_recall,articulatory_suppression,2,visual,letters,12,7,middle,V,R,0.333333,0,R,3.0,0,
2026-09-19T16:27:11,Bert,serial_recall,articulatory_suppression,2,visual,letters,12,8,middle,V,L,0.333333,0,L,3.0,0,
2026-09-19T16:27:11,Bert,serial_recall,articulatory_suppression,2,visual,letters,12,9,end,I,A,0.0,0,A,3.0,0,
2026-09-19T16:27:11,Bert,serial_recall,articulatory_suppression,2,visual,letters,12,10,end,G,J,0.0,0,J,3.0,0,
2026-09-19T16:27:11,Bert,serial_recall,articulatory_suppression,2,visual,letters,12,11,end,F,O,0.0,0,O,3.0,0,
2026-09-19T16:27:11,Bert,serial_recall,articulatory_suppression,2,visual,letters,12,12,end,G,R,0.0,0,R,3.0,0,
2026-09-19T16:28:04,Bert,serial_recall,articulatory_suppression,3,visual,letters,12,1,start,B,B,1.0,1,,3.0,0,
2026-09-19T16:28:04,Bert,serial_recall,articulatory_suppression,3,visual,letters,12,2,start,R,R,1.0,1,,3.0,0,
2026-09-19T16:28:04,Bert,serial_recall,articulatory_suppression,3,visual,letters,12,3,start,B,B,1.0,1,,3.0,0,
2026-09-19T16:28:04,Bert,serial_recall,articulatory_suppression,3,visual,letters,12,4,start,D,A,0.0,0,A,3.0,0,
2026-09-19T16:28:04,Bert,serial_recall,articulatory_suppression,3,visual,letters,12,5,middle,D,Q,0.0,0,Q,3.0,0,
2026-09-19T16:28:04,Bert,serial_recall,articulatory_suppression,3,visual,letters,12,6,middle,O,E,0.0,0,E,3.0,0,
2026-09-19T16:28:04,Bert,serial_recall,articulatory_suppression,3,visual,letters,12,7,middle,L,R,0.0,0,R,3.0,0,
2026-09-19T16:28:04,Bert,serial_recall,articulatory_suppression,3,visual,letters,12,8,middle,D,T,0.0,0,T,3.0,0,
2026-09-19T16:28:04,Bert,serial_recall,articulatory_suppression,3,visual,letters,12,9,end,S,R,0.0,0,R,3.0,0,
2026-09-19T16:28:04,Bert,serial_recall,articulatory_suppression,3,visual,letters,12,10,end,Q,E,1.0,0,E,3.0,0,
2026-09-19T16:28:04,Bert,serial_recall,articulatory_suppression,3,visual,letters,12,11,end,A,T,1.0,0,T,3.0,0,
2026-09-19T16:28:04,Bert,serial_recall,articulatory_suppression,3,visual,letters,12,12,end,R,R,1.0,1,,3.0,0,
2026-09-19T16:31:06,Bert,idiom_serial_recall,real_idioms,1,visual,phrases,8,1,start,at holde tungen lige i munden,at have tungen lige i munden,0.0,0,at have tungen lige i munden,3.0,0,
2026-09-19T16:31:06,Bert,idiom_serial_recall,real_idioms,1,visual,phrases,8,2,start,at faa blod paa tanden,at skyde papegoejen,0.0,0,at skyde papegoejen,3.0,0,
2026-09-19T16:31:06,Bert,idiom_serial_recall,real_idioms,1,visual,phrases,8,3,start,at gaa agurk,at gaa agurk,1.0,1,,3.0,0,
2026-09-19T16:31:06,Bert,idiom_serial_recall,real_idioms,1,visual,phrases,8,4,middle,at skyde papegoejen,at faa en fjer i hatten,1.0,0,at faa en fjer i hatten,3.0,0,
2026-09-19T16:31:06,Bert,idiom_serial_recall,real_idioms,1,visual,phrases,8,5,middle,at faa en fjer i hatten,at tage tyren ved hornene,1.0,0,at tage tyren ved hornene,3.0,0,
2026-09-19T16:31:06,Bert,idiom_serial_recall,real_idioms,1,visual,phrases,8,6,middle,at tage tyren ved hornene,,1.0,0,,3.0,0,
2026-09-19T16:31:06,Bert,idiom_serial_recall,real_idioms,1,visual,phrases,8,7,end,at gaa ned med flaget,,0.0,0,,3.0,0,
2026-09-19T16:31:06,Bert,idiom_serial_recall,real_idioms,1,visual,phrases,8,8,end,at traekke det korteste straa,at traekke det korteste straa,1.0,1,,3.0,0,
2026-09-19T16:33:11,Bert,idiom_serial_recall,real_idioms,2,visual,phrases,8,1,start,at have mange bolde i luften,at slaa to fluer med et smaek,0.0,0,at slaa to fluer med et smaek,3.0,0,
2026-09-19T16:33:11,Bert,idiom_serial_recall,real_idioms,2,visual,phrases,8,2,start,at vende paa en tallerken,at vende paa en tallerken,1.0,1,,3.0,0,
2026-09-19T16:33:11,Bert,idiom_serial_recall,real_idioms,2,visual,phrases,8,3,start,at gaa over gevind,at give den gas,0.0,0,at give den gas,3.0,0,
2026-09-19T16:33:11,Bert,idiom_serial_recall,real_idioms,2,visual,phrases,8,4,middle,at give den gas,,1.0,0,,3.0,0,
2026-09-19T16:33:11,Bert,idiom_serial_recall,real_idioms,2,visual,phrases,8,5,middle,at gaa paa vandet,at gaa paa vandet,1.0,1,,3.0,0,
2026-09-19T16:33:11,Bert,idiom_serial_recall,real_idioms,2,visual,phrases,8,6,middle,at have sommerfugle i maven,at have sommerfugle i maven,1.0,1,,3.0,0,
2026-09-19T16:33:11,Bert,idiom_serial_recall,real_idioms,2,visual,phrases,8,7,end,at skyde papegoejen,at skyde papegoejen,1.0,1,,3.0,0,
2026-09-19T16:33:11,Bert,idiom_serial_recall,real_idioms,2,visual,phrases,8,8,end,at tabe ansigt,at tabe ansigt,1.0,1,,3.0,0,
2026-09-19T16:35:37,Bert,idiom_serial_recall,real_idioms,3,visual,phrases,8,1,start,at holde tungen lige i munden,at holde tungen lige i munden,1.0,1,,3.0,0,
2026-09-19T16:35:37,Bert,idiom_serial_recall,real_idioms,3,visual,phrases,8,2,start,at faa kolde foedder,at gaa agurk,0.0,0,at gaa agurk,3.0,0,
2026-09-19T16:35:37,Bert,idiom_serial_recall,real_idioms,3,visual,phrases,8,3,start,at vaere paa boelgelaengde,at vaere paa boelgelaengde,1.0,1,,3.0,0,
2026-09-19T16:35:37,Bert,idiom_serial_recall,real_idioms,3,visual,phrases,8,4,middle,at vaere en strid banan,at vaere en strid banan,1.0,1,,3.0,0,
2026-09-19T16:35:37,Bert,idiom_serial_recall,real_idioms,3,visual,phrases,8,5,middle,at tabe ansigt,at tabe ansigt,1.0,1,,3.0,0,
2026-09-19T16:35:37,Bert,idiom_serial_recall,real_idioms,3,visual,phrases,8,6,middle,at male fanden paa vaeggen,,0.0,0,,3.0,0,
2026-09-19T16:35:37,Bert,idiom_serial_recall,real_idioms,3,visual,phrases,8,7,end,at faa en fjer i hatten,at faa en fjer i hatten,1.0,1,,3.0,0,
2026-09-19T16:35:37,Bert,idiom_serial_recall,real_idioms,3,visual,phrases,8,8,end,at bide i det sure aeble,at bide i det sure aeble,1.0,1,,3.0,0,
2026-09-19T16:37:16,Bert,idiom_serial_recall,real_idioms,4,visual,phrases,8,1,start,at faa blod paa tanden,at faa blod paa tanden,1.0,1,,3.0,0,
2026-09-19T16:37:16,Bert,idiom_serial_recall,real_idioms,4,visual,phrases,8,2,start,at staa med haaret i postkassen,at staa med haaret i postkassen,1.0,1,,3.0,0,
2026-09-19T16:37:16,Bert,idiom_serial_recall,real_idioms,4,visual,phrases,8,3,start,at have en finger med i spillet,,0.0,0,,3.0,0,
2026-09-19T16:37:16,Bert,idiom_serial_recall,real_idioms,4,visual,phrases,8,4,middle,at slaa to fluer med et smaek,,0.0,0,,3.0,0,
2026-09-19T16:37:16,Bert,idiom_serial_recall,real_idioms,4,visual,phrases,8,5,middle,at gaa paa vandet,,0.0,0,,3.0,0,
2026-09-19T16:37:16,Bert,idiom_serial_recall,real_idioms,4,visual,phrases,8,6,middle,at skyde papegoejen,,0.0,0,,3.0,0,
2026-09-19T16:37:16,Bert,idiom_serial_recall,real_idioms,4,visual,phrases,8,7,end,at have is i maven,at have is i maven,1.0,1,,3.0,0,
2026-09-19T16:37:16,Bert,idiom_serial_recall,real_idioms,4,visual,phrases,8,8,end,at give den gas,at give den gas,1.0,1,,3.0,0,
2026-09-19T16:40:26,Bert,idiom_serial_recall,real_idioms,5,visual,phrases,8,1,start,at vende paa en tallerken,at vende paa en tallerken,1.0,1,,3.0,0,
2026-09-19T16:40:26,Bert,idiom_serial_recall,real_idioms,5,visual,phrases,8,2,start,at feje for egen doer,at gaa ned med flaget,0.0,0,at gaa ned med flaget,3.0,0,
2026-09-19T16:40:26,Bert,idiom_serial_recall,real_idioms,5,visual,phrases,8,3,start,at sidde paa den hoeje hest,,0.0,0,,3.0,0,
2026-09-19T16:40:26,Bert,idiom_serial_recall,real_idioms,5,visual,phrases,8,4,middle,at vaere paa boelgelaengde,,0.0,0,,3.0,0,
2026-09-19T16:40:26,Bert,idiom_serial_recall,real_idioms,5,visual,phrases,8,5,middle,at male fanden paa vaeggen,,0.0,0,,3.0,0,
2026-09-19T16:40:26,Bert,idiom_serial_recall,real_idioms,5,visual,phrases,8,6,middle,at staa med haaret i postkassen,,0.0,0,,3.0,0,
2026-09-19T16:40:26,Bert,idiom_serial_recall,real_idioms,5,visual,phrases,8,7,end,at have en finger med i spillet,at have en finger med i spillen,0.0,0,at have en finger med i spillen,3.0,0,
2026-09-19T16:40:26,Bert,idiom_serial_recall,real_idioms,5,visual,phrases,8,8,end,at skyde papegoejen,at skyde papegoejen,1.0,1,,3.0,0,
2026-09-19T16:41:25,Bert,idiom_serial_recall,real_idioms,6,visual,phrases,8,1,start,at faa en fjer i hatten,at faa en fjer i hatten,1.0,1,,3.0,0,
2026-09-19T16:41:25,Bert,idiom_serial_recall,real_idioms,6,visual,phrases,8,2,start,at tabe ansigt,at tabe ansigt,1.0,1,,3.0,0,
2026-09-19T16:41:25,Bert,idiom_serial_recall,real_idioms,6,visual,phrases,8,3,start,at give den gas,at gaa agurk,0.0,0,at gaa agurk,3.0,0,
2026-09-19T16:41:25,Bert,idiom_serial_recall,real_idioms,6,visual,phrases,8,4,middle,at gaa agurk,,1.0,0,,3.0,0,
2026-09-19T16:41:25,Bert,idiom_serial_recall,real_idioms,6,visual,phrases,8,5,middle,at traekke det korteste straa,,0.0,0,,3.0,0,
2026-09-19T16:41:25,Bert,idiom_serial_recall,real_idioms,6,visual,phrases,8,6,middle,at vaere paa boelgelaengde,,0.0,0,,3.0,0,
2026-09-19T16:41:25,Bert,idiom_serial_recall,real_idioms,6,visual,phrases,8,7,end,at vende paa en tallerken,at vende paa en tallerken,1.0,1,,3.0,0,
2026-09-19T16:41:25,Bert,idiom_serial_recall,real_idioms,6,visual,phrases,8,8,end,at bide i det sure aeble,at bide i det sure aeble,1.0,1,,3.0,0,
2026-09-19T16:43:09,Bert,idiom_serial_recall,real_idioms,7,visual,phrases,8,1,start,at traekke det korteste straa,at traekke det korteste straa,1.0,1,,3.0,0,
2026-09-19T16:43:09,Bert,idiom_serial_recall,real_idioms,7,visual,phrases,8,2,start,at slaa en streg i sandet,,0.0,0,,3.0,0,
2026-09-19T16:43:09,Bert,idiom_serial_recall,real_idioms,7,visual,phrases,8,3,start,at bide i det sure aeble,at faa en fjer i hatten,0.0,0,at faa en fjer i hatten,3.0,0,
2026-09-19T16:43:09,Bert,idiom_serial_recall,real_idioms,7,visual,phrases,8,4,middle,at faa en fjer i hatten,,1.0,0,,3.0,0,
2026-09-19T16:43:09,Bert,idiom_serial_recall,real_idioms,7,visual,phrases,8,5,middle,at holde tungen lige i munden,,1.0,0,,3.0,0,
2026-09-19T16:43:09,Bert,idiom_serial_recall,real_idioms,7,visual,phrases,8,6,middle,at faa kolde foedder,at holde tungen lige i munden,0.0,0,at holde tungen lige i munden,3.0,0,
2026-09-19T16:43:09,Bert,idiom_serial_recall,real_idioms,7,visual,phrases,8,7,end,at have sommerfugle i maven,at faa sommerfugle i maven,0.0,0,at faa sommerfugle i maven,3.0,0,
2026-09-19T16:43:09,Bert,idiom_serial_recall,real_idioms,7,visual,phrases,8,8,end,at faa blod paa tanden,at faa blod paa tanden,1.0,1,,3.0,0,
2026-09-19T16:44:27,Bert,idiom_serial_recall,real_idioms,8,visual,phrases,8,1,start,at gaa agurk,at gaa agurk,1.0,1,,3.0,0,
2026-09-19T16:44:27,Bert,idiom_serial_recall,real_idioms,8,visual,phrases,8,2,start,at have is i maven,at have is i maven,1.0,1,,3.0,0,
2026-09-19T16:44:27,Bert,idiom_serial_recall,real_idioms,8,visual,phrases,8,3,start,at komme op i det roede felt,at komme op i det roede felt,1.0,1,,3.0,0,
2026-09-19T16:44:27,Bert,idiom_serial_recall,real_idioms,8,visual,phrases,8,4,middle,at have rent mel i posen,at have rent mel i posen,1.0,1,,3.0,0,
2026-09-19T16:44:27,Bert,idiom_serial_recall,real_idioms,8,visual,phrases,8,5,middle,at komme i fedtefadet,,0.0,0,,3.0,0,
2026-09-19T16:44:27,Bert,idiom_serial_recall,real_idioms,8,visual,phrases,8,6,middle,at have sommerfugle i maven,,0.0,0,,3.0,0,
2026-09-19T16:44:27,Bert,idiom_serial_recall,real_idioms,8,visual,phrases,8,7,end,at sidde paa den hoeje hest,,0.0,0,,3.0,0,
2026-09-19T16:44:27,Bert,idiom_serial_recall,real_idioms,8,visual,phrases,8,8,end,at slaa en streg i sandet,at slaa en streg i sanden,0.0,0,at slaa en streg i sanden,3.0,0,
2026-09-19T21:11:48,Bert,idiom_serial_recall,fake_idioms,1,visual,phrases,8,1,start,at have en raev i rygsaekken,at have en raev i rygsaekken,1.0,1,,3.0,0,
2026-09-19T21:11:48,Bert,idiom_serial_recall,fake_idioms,1,visual,phrases,8,2,start,at saette sejl i modvind,at sejle i modvind,0.0,0,at sejle i modvind,3.0,0,
2026-09-19T21:11:48,Bert,idiom_serial_recall,fake_idioms,1,visual,phrases,8,3,start,at gaa rundt om den samme sten,,0.0,0,,3.0,0,
2026-09-19T21:11:48,Bert,idiom_serial_recall,fake_idioms,1,visual,phrases,8,4,middle,at have sand mellem taenderne,,0.0,0,,3.0,0,
2026-09-19T21:11:48,Bert,idiom_serial_recall,fake_idioms,1,visual,phrases,8,5,middle,at have begge haender i honningkrukken,,1.0,0,,3.0,0,
2026-09-19T21:11:48,Bert,idiom_serial_recall,fake_idioms,1,visual,phrases,8,6,middle,at traekke stigen op foer man er paa taget,at have begge haender i honningkrukken,0.0,0,at have begge haender i honningkrukken,3.0,0,
2026-09-19T21:11:48,Bert,idiom_serial_recall,fake_idioms,1,visual,phrases,8,7,end,at gaa med hovedet under armen,,0.0,0,,3.0,0,
2026-09-19T21:11:48,Bert,idiom_serial_recall,fake_idioms,1,visual,phrases,8,8,end,at taende lampen i dagslys,,0.0,0,,3.0,0,
2026-09-19T21:13:00,Bert,idiom_serial_recall,fake_idioms,2,visual,phrases,8,1,start,at have en raev i rygsaekken,at have en raev i rygsaekken,1.0,1,,3.0,0,
2026-09-19T21:13:00,Bert,idiom_serial_recall,fake_idioms,2,visual,phrases,8,2,start,at traekke taeppet over hovedet,,0.0,0,,3.0,0,
2026-09-19T21:13:00,Bert,idiom_serial_recall,fake_idioms,2,visual,phrases,8,3,start,at saette sejl i modvind,at saette sejl i modvind,1.0,1,,3.0,0,
2026-09-19T21:13:00,Bert,idiom_serial_recall,fake_idioms,2,visual,phrases,8,4,middle,at kaste braende paa den forkerte baad,,0.0,0,,3.0,0,
2026-09-19T21:13:00,Bert,idiom_serial_recall,fake_idioms,2,visual,phrases,8,5,middle,at have en sten under hatten,,0.0,0,,3.0,0,
2026-09-19T21:13:00,Bert,idiom_serial_recall,fake_idioms,2,visual,phrases,8,6,middle,at have begge haender i honningkrukken,,0.0,0,,3.0,0,
2026-09-19T21:13:00,Bert,idiom_serial_recall,fake_idioms,2,visual,phrases,8,7,end,at gaa rundt om den samme sten,,0.0,0,,3.0,0,
2026-09-19T21:13:00,Bert,idiom_serial_recall,fake_idioms,2,visual,phrases,8,8,end,at saette sin hat efter vinden,at saette sin hat efter vinden,1.0,1,,3.0,0,
2026-09-19T21:14:01,Bert,idiom_serial_recall,fake_idioms,3,visual,phrases,8,1,start,at slaa soem i taagen,at slaa soem i taagen,1.0,1,,3.0,0,
2026-09-19T21:14:01,Bert,idiom_serial_recall,fake_idioms,3,visual,phrases,8,2,start,at gaa med vinden i lommen,at have vinden i lommen,0.0,0,at have vinden i lommen,3.0,0,
2026-09-19T21:14:01,Bert,idiom_serial_recall,fake_idioms,3,visual,phrases,8,3,start,at staa med begge ben i samme stoevle,at saette sejl i modvind,0.0,0,at saette sejl i modvind,3.0,0,
2026-09-19T21:14:01,Bert,idiom_serial_recall,fake_idioms,3,visual,phrases,8,4,middle,at holde doeren med albuen,at have hovedet under armen,0.0,0,at have hovedet under armen,3.0,0,
2026-09-19T21:14:01,Bert,idiom_serial_recall,fake_idioms,3,visual,phrases,8,5,middle,at saette sejl i modvind,,1.0,0,,3.0,0,
2026-09-19T21:14:01,Bert,idiom_serial_recall,fake_idioms,3,visual,phrases,8,6,middle,at gaa med hovedet under armen,,0.0,0,,3.0,0,
2026-09-19T21:14:01,Bert,idiom_serial_recall,fake_idioms,3,visual,phrases,8,7,end,at have begge foedder paa samme trin,,0.0,0,,3.0,0,
2026-09-19T21:14:01,Bert,idiom_serial_recall,fake_idioms,3,visual,phrases,8,8,end,at saette stoevlerne i den forkerte groeft,,0.0,0,,3.0,0,
2026-09-19T21:15:05,Bert,idiom_serial_recall,fake_idioms,4,visual,phrases,8,1,start,at gaa med hovedet under armen,at gaa med hovedet under armen,1.0,1,,3.0,0,
2026-09-19T21:15:05,Bert,idiom_serial_recall,fake_idioms,4,visual,phrases,8,2,start,at traekke gardinet for tidligt,,0.0,0,,3.0,0,
2026-09-19T21:15:05,Bert,idiom_serial_recall,fake_idioms,4,visual,phrases,8,3,start,at traekke stigen op foer man er paa taget,at traekke stigen op foer man er paa taget,1.0,1,,3.0,0,
2026-09-19T21:15:05,Bert,idiom_serial_recall,fake_idioms,4,visual,phrases,8,4,middle,at slaa soem i taagen,,0.0,0,,3.0,0,
2026-09-19T21:15:05,Bert,idiom_serial_recall,fake_idioms,4,visual,phrases,8,5,middle,at have en raev i rygsaekken,,0.0,0,,3.0,0,
2026-09-19T21:15:05,Bert,idiom_serial_recall,fake_idioms,4,visual,phrases,8,6,middle,at have for mange noegler i lommen,,0.0,0,,3.0,0,
2026-09-19T21:15:05,Bert,idiom_serial_recall,fake_idioms,4,visual,phrases,8,7,end,at saette stoevlerne i den forkerte groeft,,0.0,0,,3.0,0,
2026-09-19T21:15:05,Bert,idiom_serial_recall,fake_idioms,4,visual,phrases,8,8,end,at taende lampen i dagslys,at taende lampen i dagslys,1.0,1,,3.0,0,
2026-09-19T21:16:19,Bert,idiom_serial_recall,fake_idioms,5,visual,phrases,8,1,start,at gaa med skeen i den forkerte gryde,at faa naesen i postkassen,0.0,0,at faa naesen i postkassen,3.0,0,
2026-09-19T21:16:19,Bert,idiom_serial_recall,fake_idioms,5,visual,phrases,8,2,start,at staa med naesen i postkassen,at traekke gardinet for tideligt,0.0,0,at traekke gardinet for tideligt,3.0,0,
2026-09-19T21:16:19,Bert,idiom_serial_recall,fake_idioms,5,visual,phrases,8,3,start,at faa regn i stoevlerne,at braende den forkerte baad,0.0,0,at braende den forkerte baad,3.0,0,
2026-09-19T21:16:19,Bert,idiom_serial_recall,fake_idioms,5,visual,phrases,8,4,middle,at have grus i maskineriet,,0.0,0,,3.0,0,
2026-09-19T21:16:19,Bert,idiom_serial_recall,fake_idioms,5,visual,phrases,8,5,middle,at slaa hul i sin egen paraply,,0.0,0,,3.0,0,
2026-09-19T21:16:19,Bert,idiom_serial_recall,fake_idioms,5,visual,phrases,8,6,middle,at haenge hatten paa den forkerte knage,,0.0,0,,3.0,0,
2026-09-19T21:16:19,Bert,idiom_serial_recall,fake_idioms,5,visual,phrases,8,7,end,at traekke gardinet for tidligt,,0.0,0,,3.0,0,
2026-09-19T21:16:19,Bert,idiom_serial_recall,fake_idioms,5,visual,phrases,8,8,end,at kaste braende paa den forkerte baad,,0.0,0,,3.0,0,
2026-09-19T21:17:54,Bert,idiom_serial_recall,fake_idioms,6,visual,phrases,8,1,start,at gaa med gaflen i suppen,at staa med naesen i postkassen,0.0,0,at staa med naesen i postkassen,3.0,0,
2026-09-19T21:17:54,Bert,idiom_serial_recall,fake_idioms,6,visual,phrases,8,2,start,at staa med naesen i postkassen,at binde knude paa sin egen hale,1.0,0,at binde knude paa sin egen hale,3.0,0,
2026-09-19T21:17:54,Bert,idiom_serial_recall,fake_idioms,6,visual,phrases,8,3,start,at slaa knude paa sin egen hale,,0.0,0,,3.0,0,
2026-09-19T21:17:54,Bert,idiom_serial_recall,fake_idioms,6,visual,phrases,8,4,middle,at have vinden under skjorten,,0.0,0,,3.0,0,
2026-09-19T21:17:54,Bert,idiom_serial_recall,fake_idioms,6,visual,phrases,8,5,middle,at slaa soem i taagen,at slaa soem i taagen,1.0,1,,3.0,0,
2026-09-19T21:17:54,Bert,idiom_serial_recall,fake_idioms,6,visual,phrases,8,6,middle,at saette stoevlerne i den forkerte groeft,,0.0,0,,3.0,0,
2026-09-19T21:17:54,Bert,idiom_serial_recall,fake_idioms,6,visual,phrases,8,7,end,at slaa hul i sin egen paraply,,0.0,0,,3.0,0,
2026-09-19T21:17:54,Bert,idiom_serial_recall,fake_idioms,6,visual,phrases,8,8,end,at gaa med skeen i den forkerte gryde,,0.0,0,,3.0,0,
2026-09-19T21:19:11,Bert,idiom_serial_recall,fake_idioms,7,visual,phrases,8,1,start,at have en sten under hatten,,0.0,0,,3.0,0,
2026-09-19T21:19:11,Bert,idiom_serial_recall,fake_idioms,7,visual,phrases,8,2,start,at saette sejl i modvind,,0.0,0,,3.0,0,
2026-09-19T21:19:11,Bert,idiom_serial_recall,fake_idioms,7,visual,phrases,8,3,start,at have en raev i rygsaekken,at have en raev i rygsaekken,1.0,1,,3.0,0,
2026-09-19T21:19:11,Bert,idiom_serial_recall,fake_idioms,7,visual,phrases,8,4,middle,at taende lampen i dagslys,,0.0,0,,3.0,0,
2026-09-19T21:19:11,Bert,idiom_serial_recall,fake_idioms,7,visual,phrases,8,5,middle,at kaste hatten foer festen,,0.0,0,,3.0,0,
2026-09-19T21:19:11,Bert,idiom_serial_recall,fake_idioms,7,visual,phrases,8,6,middle,at faa regn i stoevlerne,,0.0,0,,3.0,0,
2026-09-19T21:19:11,Bert,idiom_serial_recall,fake_idioms,7,visual,phrases,8,7,end,at staa med naesen i postkassen,,0.0,0,,3.0,0,
2026-09-19T21:19:11,Bert,idiom_serial_recall,fake_idioms,7,visual,phrases,8,8,end,at loebe efter sin egen skygge,,0.0,0,,3.0,0,
2026-09-19T21:20:07,Bert,idiom_serial_recall,fake_idioms,8,visual,phrases,8,1,start,at gaa med skeen i den forkerte gryde,at gaa med skeen i den forkerte gryde,1.0,1,,3.0,0,
2026-09-19T21:20:07,Bert,idiom_serial_recall,fake_idioms,8,visual,phrases,8,2,start,at have maanen i baglommen,,0.0,0,,3.0,0,
2026-09-19T21:20:07,Bert,idiom_serial_recall,fake_idioms,8,visual,phrases,8,3,start,at have en raev i rygsaekken,,0.0,0,,3.0,0,
2026-09-19T21:20:07,Bert,idiom_serial_recall,fake_idioms,8,visual,phrases,8,4,middle,at faa regn i stoevlerne,,0.0,0,,3.0,0,
2026-09-19T21:20:07,Bert,idiom_serial_recall,fake_idioms,8,visual,phrases,8,5,middle,at slaa soem i taagen,at slaa soem i taagen,1.0,1,,3.0,0,
2026-09-19T21:20:07,Bert,idiom_serial_recall,fake_idioms,8,visual,phrases,8,6,middle,at kaste hatten foer festen,at have sin hat under armen,0.0,0,at have sin hat under armen,3.0,0,
2026-09-19T21:20:07,Bert,idiom_serial_recall,fake_idioms,8,visual,phrases,8,7,end,at have en sten under hatten,,0.0,0,,3.0,0,
2026-09-19T21:20:07,Bert,idiom_serial_recall,fake_idioms,8,visual,phrases,8,8,end,at saette sin hat efter vinden,at saette sin hat efter vinden,1.0,1,,3.0,0,
