timestamp,participant,experiment,condition,trial,mode,response_format,n_items,serial_position,region,presented_item,response_at_position,free_recalled,serial_correct,substitution,interval_s,delay_s,chunk_label
2026-09-15T09:46:15,Christiane,free_recall,unfilled_delay,1,visual,letters,16,1,start,R,Q,1.0,0,Q,3.0,60,
2026-09-15T09:46:15,Christiane,free_recall,unfilled_delay,1,visual,letters,16,2,start,E,Q,0.5,0,Q,3.0,60,
2026-09-15T09:46:15,Christiane,free_recall,unfilled_delay,1,visual,letters,16,3,start,G,V,0.0,0,V,3.0,60,
2026-09-15T09:46:15,Christiane,free_recall,unfilled_delay,1,visual,letters,16,4,start,J,V,0.0,0,V,3.0,60,
2026-09-15T09:46:15,Christiane,free_recall,unfilled_delay,1,visual,letters,16,5,start,X,Z,1.0,0,Z,3.0,60,
2026-09-15T09:46:15,Christiane,free_recall,unfilled_delay,1,visual,letters,16,6,start,H,Z,1.0,0,Z,3.0,60,
2026-09-15T09:46:15,Christiane,free_recall,unfilled_delay,1,visual,letters,16,7,middle,M,H,0.0,0,H,3.0,60,
2026-09-15T09:46:15,Christiane,free_recall,unfilled_delay,1,visual,letters,16,8,middle,G,A,0.0,0,A,3.0,60,
2026-09-15T09:46:15,Christiane,free_recall,unfilled_delay,1,visual,letters,16,9,middle,D,I,0.0,0,I,3.0,60,
2026-09-15T09:46:15,Christiane,free_recall,unfilled_delay,1,visual,letters,16,10,middle,E,K,0.5,0,K,3.0,60,
2026-09-15T09:46:15,Christiane,free_recall,unfilled_delay,1,visual,letters,16,11,middle,Z,T,1.0,0,T,3.0,60,
2026-09-15T09:46:15,Christiane,free_recall,unfilled_delay,1,visual,letters,16,12,end,V,N,1.0,0,N,3.0,60,
2026-09-15T09:46:15,Christiane,free_recall,unfilled_delay,1,visual,letters,16,13,end,Z,F,1.0,0,F,3.0,60,
2026-09-15T09:46:15,Christiane,free_recall,unfilled_delay,1,visual,letters,16,14,end,L,X,0.0,0,X,3.0,60,
2026-09-15T09:46:15,Christiane,free_recall,unfilled_delay,1,visual,letters,16,15,end,Q,E,1.0,0,E,3.0,60,
2026-09-15T09:46:15,Christiane,free_recall,unfilled_delay,1,visual,letters,16,16,end,Q,R,1.0,0,R,3.0,60,
2026-09-15T09:48:27,Christiane,free_recall,unfilled_delay,2,visual,letters,16,1,start,K,V,1.0,0,V,3.0,60,
2026-09-15T09:48:27,Christiane,free_recall,unfilled_delay,2,visual,letters,16,2,start,S,S,1.0,1,,3.0,60,
2026-09-15T09:48:27,Christiane,free_recall,unfilled_delay,2,visual,letters,16,3,start,M,M,1.0,1,,3.0,60,
2026-09-15T09:48:27,Christiane,free_recall,unfilled_delay,2,visual,letters,16,4,start,K,V,1.0,0,V,3.0,60,
2026-09-15T09:48:27,Christiane,free_recall,unfilled_delay,2,visual,letters,16,5,start,D,D,1.0,1,,3.0,60,
2026-09-15T09:48:27,Christiane,free_recall,unfilled_delay,2,visual,letters,16,6,start,D,D,1.0,1,,3.0,60,
2026-09-15T09:48:27,Christiane,free_recall,unfilled_delay,2,visual,letters,16,7,middle,V,K,1.0,0,K,3.0,60,
2026-09-15T09:48:27,Christiane,free_recall,unfilled_delay,2,visual,letters,16,8,middle,R,R,1.0,1,,3.0,60,
2026-09-15T09:48:27,Christiane,free_recall,unfilled_delay,2,visual,letters,16,9,middle,G,G,1.0,1,,3.0,60,
2026-09-15T09:48:27,Christiane,free_recall,unfilled_delay,2,visual,letters,16,10,middle,F,H,1.0,0,H,3.0,60,
2026-09-15T09:48:27,Christiane,free_recall,unfilled_delay,2,visual,letters,16,11,middle,T,V,1.0,0,V,3.0,60,
2026-09-15T09:48:27,Christiane,free_recall,unfilled_delay,2,visual,letters,16,12,end,T,T,1.0,1,,3.0,60,
2026-09-15T09:48:27,Christiane,free_recall,unfilled_delay,2,visual,letters,16,13,end,U,F,1.0,0,F,3.0,60,
2026-09-15T09:48:27,Christiane,free_recall,unfilled_delay,2,visual,letters,16,14,end,Q,T,0.0,0,T,3.0,60,
2026-09-15T09:48:27,Christiane,free_recall,unfilled_delay,2,visual,letters,16,15,end,H,U,1.0,0,U,3.0,60,
2026-09-15T09:48:27,Christiane,free_recall,unfilled_delay,2,visual,letters,16,16,end,J,K,0.0,0,K,3.0,60,
2026-09-15T09:50:52,Christiane,free_recall,unfilled_delay,3,visual,letters,16,1,start,Q,W,0.333333,0,W,3.0,60,
2026-09-15T09:50:52,Christiane,free_recall,unfilled_delay,3,visual,letters,16,2,start,N,Q,1.0,0,Q,3.0,60,
2026-09-15T09:50:52,Christiane,free_recall,unfilled_delay,3,visual,letters,16,3,start,U,R,1.0,0,R,3.0,60,
2026-09-15T09:50:52,Christiane,free_recall,unfilled_delay,3,visual,letters,16,4,start,Q,S,0.333333,0,S,3.0,60,
2026-09-15T09:50:52,Christiane,free_recall,unfilled_delay,3,visual,letters,16,5,start,A,T,0.0,0,T,3.0,60,
2026-09-15T09:50:52,Christiane,free_recall,unfilled_delay,3,visual,letters,16,6,start,R,F,1.0,0,F,3.0,60,
2026-09-15T09:50:52,Christiane,free_recall,unfilled_delay,3,visual,letters,16,7,middle,M,I,1.0,0,I,3.0,60,
2026-09-15T09:50:52,Christiane,free_recall,unfilled_delay,3,visual,letters,16,8,middle,Q,E,0.333333,0,E,3.0,60,
2026-09-15T09:50:52,Christiane,free_recall,unfilled_delay,3,visual,letters,16,9,middle,W,K,1.0,0,K,3.0,60,
2026-09-15T09:50:52,Christiane,free_recall,unfilled_delay,3,visual,letters,16,10,middle,V,U,0.0,0,U,3.0,60,
2026-09-15T09:50:52,Christiane,free_recall,unfilled_delay,3,visual,letters,16,11,middle,E,N,1.0,0,N,3.0,60,
2026-09-15T09:50:52,Christiane,free_recall,unfilled_delay,3,visual,letters,16,12,end,V,F,0.0,0,F,3.0,60,
2026-09-15T09:50:52,Christiane,free_recall,unfilled_delay,3,visual,letters,16,13,end,F,M,1.0,0,M,3.0,60,
2026-09-15T09:50:52,Christiane,free_recall,unfilled_delay,3,visual,letters,16,14,end,H,J,0.0,0,J,3.0,60,
2026-09-15T09:50:52,Christiane,free_recall,unfilled_delay,3,visual,letters,16,15,end,O,K,0.0,0,K,3.0,60,
2026-09-15T09:50:52,Christiane,free_recall,unfilled_delay,3,visual,letters,16,16,end,E,E,1.0,1,,3.0,60,
2026-09-15T09:53:10,Christiane,free_recall,unfilled_delay,4,visual,letters,16,1,start,B,B,0.5,1,,3.0,60,
2026-09-15T09:53:10,Christiane,free_recall,unfilled_delay,4,visual,letters,16,2,start,F,L,1.0,0,L,3.0,60,
2026-09-15T09:53:10,Christiane,free_recall,unfilled_delay,4,visual,letters,16,3,start,M,M,1.0,1,,3.0,60,
2026-09-15T09:53:10,Christiane,free_recall,unfilled_delay,4,visual,letters,16,4,start,Z,Z,1.0,1,,3.0,60,
2026-09-15T09:53:10,Christiane,free_recall,unfilled_delay,4,visual,letters,16,5,start,B,H,0.5,0,H,3.0,60,
2026-09-15T09:53:10,Christiane,free_recall,unfilled_delay,4,visual,letters,16,6,start,L,M,1.0,0,M,3.0,60,
2026-09-15T09:53:10,Christiane,free_recall,unfilled_delay,4,visual,letters,16,7,middle,H,N,1.0,0,N,3.0,60,
2026-09-15T09:53:10,Christiane,free_recall,unfilled_delay,4,visual,letters,16,8,middle,M,T,1.0,0,T,3.0,60,
2026-09-15T09:53:10,Christiane,free_recall,unfilled_delay,4,visual,letters,16,9,middle,N,M,0.5,0,M,3.0,60,
2026-09-15T09:53:10,Christiane,free_recall,unfilled_delay,4,visual,letters,16,10,middle,R,M,0.0,0,M,3.0,60,
2026-09-15T09:53:10,Christiane,free_recall,unfilled_delay,4,visual,letters,16,11,middle,I,A,1.0,0,A,3.0,60,
2026-09-15T09:53:10,Christiane,free_recall,unfilled_delay,4,visual,letters,16,12,end,Q,K,0.0,0,K,3.0,60,
2026-09-15T09:53:10,Christiane,free_recall,unfilled_delay,4,visual,letters,16,13,end,M,F,1.0,0,F,3.0,60,
2026-09-15T09:53:10,Christiane,free_recall,unfilled_delay,4,visual,letters,16,14,end,M,U,1.0,0,U,3.0,60,
2026-09-15T09:53:10,Christiane,free_recall,unfilled_delay,4,visual,letters,16,15,end,P,I,0.0,0,I,3.0,60,
2026-09-15T09:53:10,Christiane,free_recall,unfilled_delay,4,visual,letters,16,16,end,N,W,0.5,0,W,3.0,60,
2026-09-15T09:55:42,Christiane,free_recall,unfilled_delay,5,visual,letters,16,1,start,I,L,1.0,0,L,3.0,60,
2026-09-15T09:55:42,Christiane,free_recall,unfilled_delay,5,visual,letters,16,2,start,V,M,1.0,0,M,3.0,60,
2026-09-15T09:55:42,Christiane,free_recall,unfilled_delay,5,visual,letters,16,3,start,G,K,0.5,0,K,3.0,60,
2026-09-15T09:55:42,Christiane,free_recall,unfilled_delay,5,visual,letters,16,4,start,B,I,1.0,0,I,3.0,60,
2026-09-15T09:55:42,Christiane,free_recall,unfilled_delay,5,visual,letters,16,5,start,D,V,1.0,0,V,3.0,60,
2026-09-15T09:55:42,Christiane,free_recall,unfilled_delay,5,visual,letters,16,6,start,D,B,1.0,0,B,3.0,60,
2026-09-15T09:55:42,Christiane,free_recall,unfilled_delay,5,visual,letters,16,7,middle,Y,B,0.0,0,B,3.0,60,
2026-09-15T09:55:42,Christiane,free_recall,unfilled_delay,5,visual,letters,16,8,middle,P,D,1.0,0,D,3.0,60,
2026-09-15T09:55:42,Christiane,free_recall,unfilled_delay,5,visual,letters,16,9,middle,S,D,0.0,0,D,3.0,60,
2026-09-15T09:55:42,Christiane,free_recall,unfilled_delay,5,visual,letters,16,10,middle,S,N,0.0,0,N,3.0,60,
2026-09-15T09:55:42,Christiane,free_recall,unfilled_delay,5,visual,letters,16,11,middle,H,L,1.0,0,L,3.0,60,
2026-09-15T09:55:42,Christiane,free_recall,unfilled_delay,5,visual,letters,16,12,end,C,M,0.0,0,M,3.0,60,
2026-09-15T09:55:42,Christiane,free_recall,unfilled_delay,5,visual,letters,16,13,end,M,P,1.0,0,P,3.0,60,
2026-09-15T09:55:42,Christiane,free_recall,unfilled_delay,5,visual,letters,16,14,end,L,G,1.0,0,G,3.0,60,
2026-09-15T09:55:42,Christiane,free_recall,unfilled_delay,5,visual,letters,16,15,end,G,E,0.5,0,E,3.0,60,
2026-09-15T09:55:42,Christiane,free_recall,unfilled_delay,5,visual,letters,16,16,end,F,H,0.0,0,H,3.0,60,
2026-09-15T09:57:06,Christiane,free_recall,fast_rate,1,visual,letters,16,1,start,R,Z,0.0,0,Z,1.0,0,
2026-09-15T09:57:06,Christiane,free_recall,fast_rate,1,visual,letters,16,2,start,N,Z,1.0,0,Z,1.0,0,
2026-09-15T09:57:06,Christiane,free_recall,fast_rate,1,visual,letters,16,3,start,G,G,1.0,1,,1.0,0,
2026-09-15T09:57:06,Christiane,free_recall,fast_rate,1,visual,letters,16,4,start,K,K,1.0,1,,1.0,0,
2026-09-15T09:57:06,Christiane,free_recall,fast_rate,1,visual,letters,16,5,start,G,H,1.0,0,H,1.0,0,
2026-09-15T09:57:06,Christiane,free_recall,fast_rate,1,visual,letters,16,6,start,W,W,1.0,1,,1.0,0,
2026-09-15T09:57:06,Christiane,free_recall,fast_rate,1,visual,letters,16,7,middle,E,G,0.0,0,G,1.0,0,
2026-09-15T09:57:06,Christiane,free_recall,fast_rate,1,visual,letters,16,8,middle,M,I,0.5,0,I,1.0,0,
2026-09-15T09:57:06,Christiane,free_recall,fast_rate,1,visual,letters,16,9,middle,F,N,0.0,0,N,1.0,0,
2026-09-15T09:57:06,Christiane,free_recall,fast_rate,1,visual,letters,16,10,middle,P,M,1.0,0,M,1.0,0,
2026-09-15T09:57:06,Christiane,free_recall,fast_rate,1,visual,letters,16,11,middle,V,T,0.0,0,T,1.0,0,
2026-09-15T09:57:06,Christiane,free_recall,fast_rate,1,visual,letters,16,12,end,Z,H,1.0,0,H,1.0,0,
2026-09-15T09:57:06,Christiane,free_recall,fast_rate,1,visual,letters,16,13,end,I,U,1.0,0,U,1.0,0,
2026-09-15T09:57:06,Christiane,free_recall,fast_rate,1,visual,letters,16,14,end,Y,O,0.0,0,O,1.0,0,
2026-09-15T09:57:06,Christiane,free_recall,fast_rate,1,visual,letters,16,15,end,M,P,0.5,0,P,1.0,0,
2026-09-15T09:57:06,Christiane,free_recall,fast_rate,1,visual,letters,16,16,end,C,P,0.0,0,P,1.0,0,
2026-09-15T09:58:02,Christiane,free_recall,fast_rate,2,visual,letters,16,1,start,K,V,0.0,0,V,1.0,0,
2026-09-15T09:58:02,Christiane,free_recall,fast_rate,2,visual,letters,16,2,start,A,V,0.0,0,V,1.0,0,
2026-09-15T09:58:02,Christiane,free_recall,fast_rate,2,visual,letters,16,3,start,Z,V,0.5,0,V,1.0,0,
2026-09-15T09:58:02,Christiane,free_recall,fast_rate,2,visual,letters,16,4,start,T,Z,1.0,0,Z,1.0,0,
2026-09-15T09:58:02,Christiane,free_recall,fast_rate,2,visual,letters,16,5,start,Q,F,1.0,0,F,1.0,0,
2026-09-15T09:58:02,Christiane,free_recall,fast_rate,2,visual,letters,16,6,start,F,Q,1.0,0,Q,1.0,0,
2026-09-15T09:58:02,Christiane,free_recall,fast_rate,2,visual,letters,16,7,middle,V,U,0.6,0,U,1.0,0,
2026-09-15T09:58:02,Christiane,free_recall,fast_rate,2,visual,letters,16,8,middle,V,T,0.6,0,T,1.0,0,
2026-09-15T09:58:02,Christiane,free_recall,fast_rate,2,visual,letters,16,9,middle,B,N,0.0,0,N,1.0,0,
2026-09-15T09:58:02,Christiane,free_recall,fast_rate,2,visual,letters,16,10,middle,V,F,0.6,0,F,1.0,0,
2026-09-15T09:58:02,Christiane,free_recall,fast_rate,2,visual,letters,16,11,middle,V,Y,0.6,0,Y,1.0,0,
2026-09-15T09:58:02,Christiane,free_recall,fast_rate,2,visual,letters,16,12,end,L,R,0.0,0,R,1.0,0,
2026-09-15T09:58:02,Christiane,free_recall,fast_rate,2,visual,letters,16,13,end,Y,N,1.0,0,N,1.0,0,
2026-09-15T09:58:02,Christiane,free_recall,fast_rate,2,visual,letters,16,14,end,V,T,0.6,0,T,1.0,0,
2026-09-15T09:58:02,Christiane,free_recall,fast_rate,2,visual,letters,16,15,end,Z,U,0.5,0,U,1.0,0,
2026-09-15T09:58:02,Christiane,free_recall,fast_rate,2,visual,letters,16,16,end,M,D,0.0,0,D,1.0,0,
2026-09-15T09:58:35,Christiane,free_recall,fast_rate,3,visual,letters,16,1,start,O,V,0.0,0,V,1.0,0,
2026-09-15T09:58:35,Christiane,free_recall,fast_rate,3,visual,letters,16,2,start,Q,A,0.0,0,A,1.0,0,
2026-09-15T09:58:35,Christiane,free_recall,fast_rate,3,visual,letters,16,3,start,X,L,0.5,0,L,1.0,0,
2026-09-15T09:58:35,Christiane,free_recall,fast_rate,3,visual,letters,16,4,start,C,X,0.0,0,X,1.0,0,
2026-09-15T09:58:35,Christiane,free_recall,fast_rate,3,visual,letters,16,5,start,P,F,1.0,0,F,1.0,0,
2026-09-15T09:58:35,Christiane,free_recall,fast_rate,3,visual,letters,16,6,start,Z,M,0.0,0,M,1.0,0,
2026-09-15T09:58:35,Christiane,free_recall,fast_rate,3,visual,letters,16,7,middle,V,D,1.0,0,D,1.0,0,
2026-09-15T09:58:35,Christiane,free_recall,fast_rate,3,visual,letters,16,8,middle,A,L,1.0,0,L,1.0,0,
2026-09-15T09:58:35,Christiane,free_recall,fast_rate,3,visual,letters,16,9,middle,L,M,1.0,0,M,1.0,0,
2026-09-15T09:58:35,Christiane,free_recall,fast_rate,3,visual,letters,16,10,middle,F,P,0.5,0,P,1.0,0,
2026-09-15T09:58:35,Christiane,free_recall,fast_rate,3,visual,letters,16,11,middle,X,A,0.5,0,A,1.0,0,
2026-09-15T09:58:35,Christiane,free_recall,fast_rate,3,visual,letters,16,12,end,A,W,1.0,0,W,1.0,0,
2026-09-15T09:58:35,Christiane,free_recall,fast_rate,3,visual,letters,16,13,end,M,T,1.0,0,T,1.0,0,
2026-09-15T09:58:35,Christiane,free_recall,fast_rate,3,visual,letters,16,14,end,G,R,0.0,0,R,1.0,0,
2026-09-15T09:58:35,Christiane,free_recall,fast_rate,3,visual,letters,16,15,end,Z,S,0.0,0,S,1.0,0,
2026-09-15T09:58:35,Christiane,free_recall,fast_rate,3,visual,letters,16,16,end,F,A,0.5,0,A,1.0,0,
2026-09-15T09:59:21,Christiane,free_recall,fast_rate,4,visual,letters,16,1,start,J,I,0.0,0,I,1.0,0,
2026-09-15T09:59:21,Christiane,free_recall,fast_rate,4,visual,letters,16,2,start,C,I,0.0,0,I,1.0,0,
2026-09-15T09:59:21,Christiane,free_recall,fast_rate,4,visual,letters,16,3,start,C,L,0.0,0,L,1.0,0,
2026-09-15T09:59:21,Christiane,free_recall,fast_rate,4,visual,letters,16,4,start,K,L,0.0,0,L,1.0,0,
2026-09-15T09:59:21,Christiane,free_recall,fast_rate,4,visual,letters,16,5,start,M,R,0.5,0,R,1.0,0,
2026-09-15T09:59:21,Christiane,free_recall,fast_rate,4,visual,letters,16,6,start,P,X,0.0,0,X,1.0,0,
2026-09-15T09:59:21,Christiane,free_recall,fast_rate,4,visual,letters,16,7,middle,S,I,0.5,0,I,1.0,0,
2026-09-15T09:59:21,Christiane,free_recall,fast_rate,4,visual,letters,16,8,middle,A,A,1.0,1,,1.0,0,
2026-09-15T09:59:21,Christiane,free_recall,fast_rate,4,visual,letters,16,9,middle,I,B,1.0,0,B,1.0,0,
2026-09-15T09:59:21,Christiane,free_recall,fast_rate,4,visual,letters,16,10,middle,I,G,1.0,0,G,1.0,0,
2026-09-15T09:59:21,Christiane,free_recall,fast_rate,4,visual,letters,16,11,middle,S,D,0.5,0,D,1.0,0,
2026-09-15T09:59:21,Christiane,free_recall,fast_rate,4,visual,letters,16,12,end,W,M,1.0,0,M,1.0,0,
2026-09-15T09:59:21,Christiane,free_recall,fast_rate,4,visual,letters,16,13,end,D,A,1.0,0,A,1.0,0,
2026-09-15T09:59:21,Christiane,free_recall,fast_rate,4,visual,letters,16,14,end,R,W,1.0,0,W,1.0,0,
2026-09-15T09:59:21,Christiane,free_recall,fast_rate,4,visual,letters,16,15,end,B,T,1.0,0,T,1.0,0,
2026-09-15T09:59:21,Christiane,free_recall,fast_rate,4,visual,letters,16,16,end,M,S,0.5,0,S,1.0,0,
2026-09-15T10:00:14,Christiane,free_recall,fast_rate,5,visual,letters,16,1,start,N,U,0.5,0,U,1.0,0,
2026-09-15T10:00:14,Christiane,free_recall,fast_rate,5,visual,letters,16,2,start,S,U,1.0,0,U,1.0,0,
2026-09-15T10:00:14,Christiane,free_recall,fast_rate,5,visual,letters,16,3,start,P,R,0.5,0,R,1.0,0,
2026-09-15T10:00:14,Christiane,free_recall,fast_rate,5,visual,letters,16,4,start,N,I,0.5,0,I,1.0,0,
2026-09-15T10:00:14,Christiane,free_recall,fast_rate,5,visual,letters,16,5,start,K,M,0.0,0,M,1.0,0,
2026-09-15T10:00:14,Christiane,free_recall,fast_rate,5,visual,letters,16,6,start,I,E,1.0,0,E,1.0,0,
2026-09-15T10:00:14,Christiane,free_recall,fast_rate,5,visual,letters,16,7,middle,K,N,0.0,0,N,1.0,0,
2026-09-15T10:00:14,Christiane,free_recall,fast_rate,5,visual,letters,16,8,middle,P,T,0.5,0,T,1.0,0,
2026-09-15T10:00:14,Christiane,free_recall,fast_rate,5,visual,letters,16,9,middle,U,S,0.666667,0,S,1.0,0,
2026-09-15T10:00:14,Christiane,free_recall,fast_rate,5,visual,letters,16,10,middle,U,W,0.666667,0,W,1.0,0,
2026-09-15T10:00:14,Christiane,free_recall,fast_rate,5,visual,letters,16,11,middle,E,O,1.0,0,O,1.0,0,
2026-09-15T10:00:14,Christiane,free_recall,fast_rate,5,visual,letters,16,12,end,A,P,1.0,0,P,1.0,0,
2026-09-15T10:00:14,Christiane,free_recall,fast_rate,5,visual,letters,16,13,end,L,S,0.0,0,S,1.0,0,
2026-09-15T10:00:14,Christiane,free_recall,fast_rate,5,visual,letters,16,14,end,W,D,1.0,0,D,1.0,0,
2026-09-15T10:00:14,Christiane,free_recall,fast_rate,5,visual,letters,16,15,end,B,A,0.0,0,A,1.0,0,
2026-09-15T10:00:14,Christiane,free_recall,fast_rate,5,visual,letters,16,16,end,U,R,0.666667,0,R,1.0,0,
2026-09-15T10:25:07,Christiane,free_recall,working_memory,1,visual,letters,16,1,start,R,R,0.25,1,,3.0,0,
2026-09-15T10:25:07,Christiane,free_recall,working_memory,1,visual,letters,16,2,start,L,T,1.0,0,T,3.0,0,
2026-09-15T10:25:07,Christiane,free_recall,working_memory,1,visual,letters,16,3,start,Y,G,0.0,0,G,3.0,0,
2026-09-15T10:25:07,Christiane,free_recall,working_memory,1,visual,letters,16,4,start,T,W,1.0,0,W,3.0,0,
2026-09-15T10:25:07,Christiane,free_recall,working_memory,1,visual,letters,16,5,start,R,L,0.25,0,L,3.0,0,
2026-09-15T10:25:07,Christiane,free_recall,working_memory,1,visual,letters,16,6,start,R,U,0.25,0,U,3.0,0,
2026-09-15T10:25:07,Christiane,free_recall,working_memory,1,visual,letters,16,7,middle,I,M,1.0,0,M,3.0,0,
2026-09-15T10:25:07,Christiane,free_recall,working_memory,1,visual,letters,16,8,middle,O,N,0.5,0,N,3.0,0,
2026-09-15T10:25:07,Christiane,free_recall,working_memory,1,visual,letters,16,9,middle,E,T,0.0,0,T,3.0,0,
2026-09-15T10:25:07,Christiane,free_recall,working_memory,1,visual,letters,16,10,middle,R,G,0.25,0,G,3.0,0,
2026-09-15T10:25:07,Christiane,free_recall,working_memory,1,visual,letters,16,11,middle,O,Q,0.5,0,Q,3.0,0,
2026-09-15T10:25:07,Christiane,free_recall,working_memory,1,visual,letters,16,12,end,A,W,0.0,0,W,3.0,0,
2026-09-15T10:25:07,Christiane,free_recall,working_memory,1,visual,letters,16,13,end,G,U,1.0,0,U,3.0,0,
2026-09-15T10:25:07,Christiane,free_recall,working_memory,1,visual,letters,16,14,end,W,I,1.0,0,I,3.0,0,
2026-09-15T10:25:07,Christiane,free_recall,working_memory,1,visual,letters,16,15,end,Y,O,0.0,0,O,3.0,0,
2026-09-15T10:25:07,Christiane,free_recall,working_memory,1,visual,letters,16,16,end,B,H,0.0,0,H,3.0,0,
2026-09-15T10:26:44,Christiane,free_recall,working_memory,2,visual,letters,16,1,start,T,G,0.666667,0,G,3.0,0,
2026-09-15T10:26:44,Christiane,free_recall,working_memory,2,visual,letters,16,2,start,T,R,0.666667,0,R,3.0,0,
2026-09-15T10:26:44,Christiane,free_recall,working_memory,2,visual,letters,16,3,start,E,L,0.0,0,L,3.0,0,
2026-09-15T10:26:44,Christiane,free_recall,working_memory,2,visual,letters,16,4,start,X,M,0.0,0,M,3.0,0,
2026-09-15T10:26:44,Christiane,free_recall,working_memory,2,visual,letters,16,5,start,Z,T,0.0,0,T,3.0,0,
2026-09-15T10:26:44,Christiane,free_recall,working_memory,2,visual,letters,16,6,start,W,G,1.0,0,G,3.0,0,
2026-09-15T10:26:44,Christiane,free_recall,working_memory,2,visual,letters,16,7,middle,D,W,0.0,0,W,3.0,0,
2026-09-15T10:26:44,Christiane,free_recall,working_memory,2,visual,letters,16,8,middle,A,S,1.0,0,S,3.0,0,
2026-09-15T10:26:44,Christiane,free_recall,working_memory,2,visual,letters,16,9,middle,T,A,0.666667,0,A,3.0,0,
2026-09-15T10:26:44,Christiane,free_recall,working_memory,2,visual,letters,16,10,middle,D,N,0.0,0,N,3.0,0,
2026-09-15T10:26:44,Christiane,free_recall,working_memory,2,visual,letters,16,11,middle,Z,L,0.0,0,L,3.0,0,
2026-09-15T10:26:44,Christiane,free_recall,working_memory,2,visual,letters,16,12,end,F,T,0.0,0,T,3.0,0,
2026-09-15T10:26:44,Christiane,free_recall,working_memory,2,visual,letters,16,13,end,I,W,0.0,0,W,3.0,0,
2026-09-15T10:26:44,Christiane,free_recall,working_memory,2,visual,letters,16,14,end,B,O,0.0,0,O,3.0,0,
2026-09-15T10:26:44,Christiane,free_recall,working_memory,2,visual,letters,16,15,end,P,S,0.0,0,S,3.0,0,
2026-09-15T10:26:44,Christiane,free_recall,working_memory,2,visual,letters,16,16,end,C,K,0.0,0,K,3.0,0,
2026-09-15T10:28:45,Christiane,free_recall,working_memory,3,visual,letters,16,1,start,Q,T,0.0,0,T,3.0,0,
2026-09-15T10:28:45,Christiane,free_recall,working_memory,3,visual,letters,16,2,start,A,C,1.0,0,C,3.0,0,
2026-09-15T10:28:45,Christiane,free_recall,working_memory,3,visual,letters,16,3,start,C,A,0.5,0,A,3.0,0,
2026-09-15T10:28:45,Christiane,free_recall,working_memory,3,visual,letters,16,4,start,C,I,0.5,0,I,3.0,0,
2026-09-15T10:28:45,Christiane,free_recall,working_memory,3,visual,letters,16,5,start,E,I,0.0,0,I,3.0,0,
2026-09-15T10:28:45,Christiane,free_recall,working_memory,3,visual,letters,16,6,start,Z,D,0.0,0,D,3.0,0,
2026-09-15T10:28:45,Christiane,free_recall,working_memory,3,visual,letters,16,7,middle,H,D,0.0,0,D,3.0,0,
2026-09-15T10:28:45,Christiane,free_recall,working_memory,3,visual,letters,16,8,middle,D,W,1.0,0,W,3.0,0,
2026-09-15T10:28:45,Christiane,free_recall,working_memory,3,visual,letters,16,9,middle,U,U,1.0,1,,3.0,0,
2026-09-15T10:28:45,Christiane,free_recall,working_memory,3,visual,letters,16,10,middle,I,N,1.0,0,N,3.0,0,
2026-09-15T10:28:45,Christiane,free_recall,working_memory,3,visual,letters,16,11,middle,L,I,0.0,0,I,3.0,0,
2026-09-15T10:28:45,Christiane,free_recall,working_memory,3,visual,letters,16,12,end,E,F,0.0,0,F,3.0,0,
2026-09-15T10:28:45,Christiane,free_recall,working_memory,3,visual,letters,16,13,end,E,O,0.0,0,O,3.0,0,
2026-09-15T10:28:45,Christiane,free_recall,working_memory,3,visual,letters,16,14,end,T,R,0.5,0,R,3.0,0,
2026-09-15T10:28:45,Christiane,free_recall,working_memory,3,visual,letters,16,15,end,K,M,0.0,0,M,3.0,0,
2026-09-15T10:28:45,Christiane,free_recall,working_memory,3,visual,letters,16,16,end,T,R,0.5,0,R,3.0,0,
2026-09-15T10:30:56,Christiane,free_recall,working_memory,4,visual,letters,16,1,start,P,T,0.0,0,T,3.0,0,
2026-09-15T10:30:56,Christiane,free_recall,working_memory,4,visual,letters,16,2,start,L,W,1.0,0,W,3.0,0,
2026-09-15T10:30:56,Christiane,free_recall,working_memory,4,visual,letters,16,3,start,P,G,0.0,0,G,3.0,0,
2026-09-15T10:30:56,Christiane,free_recall,working_memory,4,visual,letters,16,4,start,O,H,1.0,0,H,3.0,0,
2026-09-15T10:30:56,Christiane,free_recall,working_memory,4,visual,letters,16,5,start,F,A,0.0,0,A,3.0,0,
2026-09-15T10:30:56,Christiane,free_recall,working_memory,4,visual,letters,16,6,start,A,C,1.0,0,C,3.0,0,
2026-09-15T10:30:56,Christiane,free_recall,working_memory,4,visual,letters,16,7,middle,M,H,1.0,0,H,3.0,0,
2026-09-15T10:30:56,Christiane,free_recall,working_memory,4,visual,letters,16,8,middle,T,M,1.0,0,M,3.0,0,
2026-09-15T10:30:56,Christiane,free_recall,working_memory,4,visual,letters,16,9,middle,K,L,0.0,0,L,3.0,0,
2026-09-15T10:30:56,Christiane,free_recall,working_memory,4,visual,letters,16,10,middle,S,W,1.0,0,W,3.0,0,
2026-09-15T10:30:56,Christiane,free_recall,working_memory,4,visual,letters,16,11,middle,N,N,1.0,1,,3.0,0,
2026-09-15T10:30:56,Christiane,free_recall,working_memory,4,visual,letters,16,12,end,V,T,0.0,0,T,3.0,0,
2026-09-15T10:30:56,Christiane,free_recall,working_memory,4,visual,letters,16,13,end,H,O,1.0,0,O,3.0,0,
2026-09-15T10:30:56,Christiane,free_recall,working_memory,4,visual,letters,16,14,end,B,S,0.0,0,S,3.0,0,
2026-09-15T10:30:56,Christiane,free_recall,working_memory,4,visual,letters,16,15,end,Q,S,0.0,0,S,3.0,0,
2026-09-15T10:30:56,Christiane,free_recall,working_memory,4,visual,letters,16,16,end,U,R,0.0,0,R,3.0,0,
2026-09-15T10:33:23,Christiane,free_recall,working_memory,5,visual,letters,16,1,start,Z,T,1.0,0,T,3.0,0,
2026-09-15T10:33:23,Christiane,free_recall,working_memory,5,visual,letters,16,2,start,R,A,0.0,0,A,3.0,0,
2026-09-15T10:33:23,Christiane,free_recall,working_memory,5,visual,letters,16,3,start,R,Z,0.0,0,Z,3.0,0,
2026-09-15T10:33:23,Christiane,free_recall,working_memory,5,visual,letters,16,4,start,T,Z,1.0,0,Z,3.0,0,
2026-09-15T10:33:23,Christiane,free_recall,working_memory,5,visual,letters,16,5,start,S,A,1.0,0,A,3.0,0,
2026-09-15T10:33:23,Christiane,free_recall,working_memory,5,visual,letters,16,6,start,K,W,0.0,0,W,3.0,0,
2026-09-15T10:33:23,Christiane,free_recall,working_memory,5,visual,letters,16,7,middle,M,I,0.0,0,I,3.0,0,
2026-09-15T10:33:23,Christiane,free_recall,working_memory,5,visual,letters,16,8,middle,G,I,0.0,0,I,3.0,0,
2026-09-15T10:33:23,Christiane,free_recall,working_memory,5,visual,letters,16,9,middle,Y,F,0.0,0,F,3.0,0,
2026-09-15T10:33:23,Christiane,free_recall,working_memory,5,visual,letters,16,10,middle,M,V,0.0,0,V,3.0,0,
2026-09-15T10:33:23,Christiane,free_recall,working_memory,5,visual,letters,16,11,middle,Z,O,1.0,0,O,3.0,0,
2026-09-15T10:33:23,Christiane,free_recall,working_memory,5,visual,letters,16,12,end,A,T,1.0,0,T,3.0,0,
2026-09-15T10:33:23,Christiane,free_recall,working_memory,5,visual,letters,16,13,end,G,S,0.0,0,S,3.0,0,
2026-09-15T10:33:23,Christiane,free_recall,working_memory,5,visual,letters,16,14,end,M,N,0.0,0,N,3.0,0,
2026-09-15T10:33:23,Christiane,free_recall,working_memory,5,visual,letters,16,15,end,M,T,0.0,0,T,3.0,0,
2026-09-15T10:33:23,Christiane,free_recall,working_memory,5,visual,letters,16,16,end,I,U,1.0,0,U,3.0,0,
2026-09-15T10:39:17,Christiane,serial_recall,capacity_n4,1,visual,letters,4,1,start,L,L,1.0,1,,3.0,0,
2026-09-15T10:39:17,Christiane,serial_recall,capacity_n4,1,visual,letters,4,2,start,Z,Z,1.0,1,,3.0,0,
2026-09-15T10:39:17,Christiane,serial_recall,capacity_n4,1,visual,letters,4,3,middle,F,F,1.0,1,,3.0,0,
2026-09-15T10:39:17,Christiane,serial_recall,capacity_n4,1,visual,letters,4,4,end,W,W,1.0,1,,3.0,0,
2026-09-15T10:39:43,Christiane,serial_recall,capacity_n4,2,visual,letters,4,1,start,Z,Z,1.0,1,,3.0,0,
2026-09-15T10:39:43,Christiane,serial_recall,capacity_n4,2,visual,letters,4,2,start,M,M,1.0,1,,3.0,0,
2026-09-15T10:39:43,Christiane,serial_recall,capacity_n4,2,visual,letters,4,3,middle,L,H,0.0,0,H,3.0,0,
2026-09-15T10:39:43,Christiane,serial_recall,capacity_n4,2,visual,letters,4,4,end,Q,Q,1.0,1,,3.0,0,
2026-09-15T10:49:00,Christiane,serial_recall,baseline,1,visual,letters,12,1,start,Z,R,0.0,0,R,3.0,0,
2026-09-15T10:49:00,Christiane,serial_recall,baseline,1,visual,letters,12,2,start,P,H,1.0,0,H,3.0,0,
2026-09-15T10:49:00,Christiane,serial_recall,baseline,1,visual,letters,12,3,start,Q,J,1.0,0,J,3.0,0,
2026-09-15T10:49:00,Christiane,serial_recall,baseline,1,visual,letters,12,4,start,B,S,0.0,0,S,3.0,0,
2026-09-15T10:49:00,Christiane,serial_recall,baseline,1,visual,letters,12,5,middle,E,S,0.0,0,S,3.0,0,
2026-09-15T10:49:00,Christiane,serial_recall,baseline,1,visual,letters,12,6,middle,E,T,0.0,0,T,3.0,0,
2026-09-15T10:49:00,Christiane,serial_recall,baseline,1,visual,letters,12,7,middle,X,I,0.0,0,I,3.0,0,
2026-09-15T10:49:00,Christiane,serial_recall,baseline,1,visual,letters,12,8,middle,N,M,0.0,0,M,3.0,0,
2026-09-15T10:49:00,Christiane,serial_recall,baseline,1,visual,letters,12,9,end,C,L,0.0,0,L,3.0,0,
2026-09-15T10:49:00,Christiane,serial_recall,baseline,1,visual,letters,12,10,end,R,W,1.0,0,W,3.0,0,
2026-09-15T10:49:00,Christiane,serial_recall,baseline,1,visual,letters,12,11,end,S,Q,1.0,0,Q,3.0,0,
2026-09-15T10:49:00,Christiane,serial_recall,baseline,1,visual,letters,12,12,end,H,P,1.0,0,P,3.0,0,
2026-09-15T10:49:55,Christiane,serial_recall,baseline,2,visual,letters,12,1,start,Z,N,1.0,0,N,3.0,0,
2026-09-15T10:49:55,Christiane,serial_recall,baseline,2,visual,letters,12,2,start,P,N,0.0,0,N,3.0,0,
2026-09-15T10:49:55,Christiane,serial_recall,baseline,2,visual,letters,12,3,start,N,E,0.666667,0,E,3.0,0,
2026-09-15T10:49:55,Christiane,serial_recall,baseline,2,visual,letters,12,4,start,S,S,1.0,1,,3.0,0,
2026-09-15T10:49:55,Christiane,serial_recall,baseline,2,visual,letters,12,5,middle,I,Z,1.0,0,Z,3.0,0,
2026-09-15T10:49:55,Christiane,serial_recall,baseline,2,visual,letters,12,6,middle,F,A,0.0,0,A,3.0,0,
2026-09-15T10:49:55,Christiane,serial_recall,baseline,2,visual,letters,12,7,middle,T,G,1.0,0,G,3.0,0,
2026-09-15T10:49:55,Christiane,serial_recall,baseline,2,visual,letters,12,8,middle,C,H,0.0,0,H,3.0,0,
2026-09-15T10:49:55,Christiane,serial_recall,baseline,2,visual,letters,12,9,end,S,T,1.0,0,T,3.0,0,
2026-09-15T10:49:55,Christiane,serial_recall,baseline,2,visual,letters,12,10,end,N,Q,0.666667,0,Q,3.0,0,
2026-09-15T10:49:55,Christiane,serial_recall,baseline,2,visual,letters,12,11,end,E,S,1.0,0,S,3.0,0,
2026-09-15T10:49:55,Christiane,serial_recall,baseline,2,visual,letters,12,12,end,N,I,0.666667,0,I,3.0,0,
2026-09-15T10:51:02,Christiane,serial_recall,baseline,3,visual,letters,12,1,start,K,K,1.0,1,,3.0,0,
2026-09-15T10:51:02,Christiane,serial_recall,baseline,3,visual,letters,12,2,start,K,K,1.0,1,,3.0,0,
2026-09-15T10:51:02,Christiane,serial_recall,baseline,3,visual,letters,12,3,start,L,K,1.0,0,K,3.0,0,
2026-09-15T10:51:02,Christiane,serial_recall,baseline,3,visual,letters,12,4,start,I,N,1.0,0,N,3.0,0,
2026-09-15T10:51:02,Christiane,serial_recall,baseline,3,visual,letters,12,5,middle,T,T,1.0,1,,3.0,0,
2026-09-15T10:51:02,Christiane,serial_recall,baseline,3,visual,letters,12,6,middle,B,L,1.0,0,L,3.0,0,
2026-09-15T10:51:02,Christiane,serial_recall,baseline,3,visual,letters,12,7,middle,Q,I,0.0,0,I,3.0,0,
2026-09-15T10:51:02,Christiane,serial_recall,baseline,3,visual,letters,12,8,middle,K,Z,1.0,0,Z,3.0,0,
2026-09-15T10:51:02,Christiane,serial_recall,baseline,3,visual,letters,12,9,end,N,E,1.0,0,E,3.0,0,
2026-09-15T10:51:02,Christiane,serial_recall,baseline,3,visual,letters,12,10,end,A,M,1.0,0,M,3.0,0,
2026-09-15T10:51:02,Christiane,serial_recall,baseline,3,visual,letters,12,11,end,P,B,0.0,0,B,3.0,0,
2026-09-15T10:51:02,Christiane,serial_recall,baseline,3,visual,letters,12,12,end,M,A,1.0,0,A,3.0,0,
2026-09-15T10:52:08,Christiane,serial_recall,baseline,4,visual,letters,12,1,start,M,S,1.0,0,S,3.0,0,
2026-09-15T10:52:08,Christiane,serial_recall,baseline,4,visual,letters,12,2,start,R,C,0.0,0,C,3.0,0,
2026-09-15T10:52:08,Christiane,serial_recall,baseline,4,visual,letters,12,3,start,D,E,0.0,0,E,3.0,0,
2026-09-15T10:52:08,Christiane,serial_recall,baseline,4,visual,letters,12,4,start,D,P,0.0,0,P,3.0,0,
2026-09-15T10:52:08,Christiane,serial_recall,baseline,4,visual,letters,12,5,middle,P,P,1.0,1,,3.0,0,
2026-09-15T10:52:08,Christiane,serial_recall,baseline,4,visual,letters,12,6,middle,P,P,1.0,1,,3.0,0,
2026-09-15T10:52:08,Christiane,serial_recall,baseline,4,visual,letters,12,7,middle,X,V,0.0,0,V,3.0,0,
2026-09-15T10:52:08,Christiane,serial_recall,baseline,4,visual,letters,12,8,middle,T,K,0.0,0,K,3.0,0,
2026-09-15T10:52:08,Christiane,serial_recall,baseline,4,visual,letters,12,9,end,P,A,1.0,0,A,3.0,0,
2026-09-15T10:52:08,Christiane,serial_recall,baseline,4,visual,letters,12,10,end,E,I,1.0,0,I,3.0,0,
2026-09-15T10:52:08,Christiane,serial_recall,baseline,4,visual,letters,12,11,end,C,M,1.0,0,M,3.0,0,
2026-09-15T10:52:08,Christiane,serial_recall,baseline,4,visual,letters,12,12,end,S,M,1.0,0,M,3.0,0,
2026-09-15T10:53:10,Christiane,serial_recall,baseline,5,visual,letters,12,1,start,G,P,0.0,0,P,3.0,0,
2026-09-15T10:53:10,Christiane,serial_recall,baseline,5,visual,letters,12,2,start,K,J,0.0,0,J,3.0,0,
2026-09-15T10:53:10,Christiane,serial_recall,baseline,5,visual,letters,12,3,start,L,Q,0.0,0,Q,3.0,0,
2026-09-15T10:53:10,Christiane,serial_recall,baseline,5,visual,letters,12,4,start,K,C,0.0,0,C,3.0,0,
2026-09-15T10:53:10,Christiane,serial_recall,baseline,5,visual,letters,12,5,middle,S,T,1.0,0,T,3.0,0,
2026-09-15T10:53:10,Christiane,serial_recall,baseline,5,visual,letters,12,6,middle,Q,H,1.0,0,H,3.0,0,
2026-09-15T10:53:10,Christiane,serial_recall,baseline,5,visual,letters,12,7,middle,Y,N,0.0,0,N,3.0,0,
2026-09-15T10:53:10,Christiane,serial_recall,baseline,5,visual,letters,12,8,middle,I,A,0.0,0,A,3.0,0,
2026-09-15T10:53:10,Christiane,serial_recall,baseline,5,visual,letters,12,9,end,J,J,1.0,1,,3.0,0,
2026-09-15T10:53:10,Christiane,serial_recall,baseline,5,visual,letters,12,10,end,D,D,1.0,1,,3.0,0,
2026-09-15T10:53:10,Christiane,serial_recall,baseline,5,visual,letters,12,11,end,Y,R,0.0,0,R,3.0,0,
2026-09-15T10:53:10,Christiane,serial_recall,baseline,5,visual,letters,12,12,end,O,S,0.0,0,S,3.0,0,
2026-09-15T10:55:12,Christiane,serial_recall,finger_tapping,1,visual,letters,12,1,start,W,W,1.0,1,,3.0,0,
2026-09-15T10:55:12,Christiane,serial_recall,finger_tapping,1,visual,letters,12,2,start,P,P,1.0,1,,3.0,0,
2026-09-15T10:55:12,Christiane,serial_recall,finger_tapping,1,visual,letters,12,3,start,J,J,1.0,1,,3.0,0,
2026-09-15T10:55:12,Christiane,serial_recall,finger_tapping,1,visual,letters,12,4,start,I,I,1.0,1,,3.0,0,
2026-09-15T10:55:12,Christiane,serial_recall,finger_tapping,1,visual,letters,12,5,middle,T,T,1.0,1,,3.0,0,
2026-09-15T10:55:12,Christiane,serial_recall,finger_tapping,1,visual,letters,12,6,middle,G,G,1.0,1,,3.0,0,
2026-09-15T10:55:12,Christiane,serial_recall,finger_tapping,1,visual,letters,12,7,middle,L,L,1.0,1,,3.0,0,
2026-09-15T10:55:12,Christiane,serial_recall,finger_tapping,1,visual,letters,12,8,middle,B,B,1.0,1,,3.0,0,
2026-09-15T10:55:12,Christiane,serial_recall,finger_tapping,1,visual,letters,12,9,end,I,I,1.0,1,,3.0,0,
2026-09-15T10:55:12,Christiane,serial_recall,finger_tapping,1,visual,letters,12,10,end,I,I,1.0,1,,3.0,0,
2026-09-15T10:55:12,Christiane,serial_recall,finger_tapping,1,visual,letters,12,11,end,Y,S,0.0,0,S,3.0,0,
2026-09-15T10:55:12,Christiane,serial_recall,finger_tapping,1,visual,letters,12,12,end,X,R,0.0,0,R,3.0,0,
2026-09-15T10:56:49,Christiane,serial_recall,finger_tapping,2,visual,letters,12,1,start,V,V,1.0,1,,3.0,0,
2026-09-15T10:56:49,Christiane,serial_recall,finger_tapping,2,visual,letters,12,2,start,S,S,1.0,1,,3.0,0,
2026-09-15T10:56:49,Christiane,serial_recall,finger_tapping,2,visual,letters,12,3,start,F,K,0.0,0,K,3.0,0,
2026-09-15T10:56:49,Christiane,serial_recall,finger_tapping,2,visual,letters,12,4,start,J,J,1.0,1,,3.0,0,
2026-09-15T10:56:49,Christiane,serial_recall,finger_tapping,2,visual,letters,12,5,middle,L,L,1.0,1,,3.0,0,
2026-09-15T10:56:49,Christiane,serial_recall,finger_tapping,2,visual,letters,12,6,middle,K,K,1.0,1,,3.0,0,
2026-09-15T10:56:49,Christiane,serial_recall,finger_tapping,2,visual,letters,12,7,middle,R,R,0.5,1,,3.0,0,
2026-09-15T10:56:49,Christiane,serial_recall,finger_tapping,2,visual,letters,12,8,middle,S,M,1.0,0,M,3.0,0,
2026-09-15T10:56:49,Christiane,serial_recall,finger_tapping,2,visual,letters,12,9,end,O,H,0.0,0,H,3.0,0,
2026-09-15T10:56:49,Christiane,serial_recall,finger_tapping,2,visual,letters,12,10,end,H,L,1.0,0,L,3.0,0,
2026-09-15T10:56:49,Christiane,serial_recall,finger_tapping,2,visual,letters,12,11,end,L,K,1.0,0,K,3.0,0,
2026-09-15T10:56:49,Christiane,serial_recall,finger_tapping,2,visual,letters,12,12,end,R,S,0.5,0,S,3.0,0,
2026-09-15T10:57:55,Christiane,serial_recall,finger_tapping,3,visual,letters,12,1,start,E,E,1.0,1,,3.0,0,
2026-09-15T10:57:55,Christiane,serial_recall,finger_tapping,3,visual,letters,12,2,start,N,N,1.0,1,,3.0,0,
2026-09-15T10:57:55,Christiane,serial_recall,finger_tapping,3,visual,letters,12,3,start,F,F,1.0,1,,3.0,0,
2026-09-15T10:57:55,Christiane,serial_recall,finger_tapping,3,visual,letters,12,4,start,E,E,1.0,1,,3.0,0,
2026-09-15T10:57:55,Christiane,serial_recall,finger_tapping,3,visual,letters,12,5,middle,N,N,1.0,1,,3.0,0,
2026-09-15T10:57:55,Christiane,serial_recall,finger_tapping,3,visual,letters,12,6,middle,M,M,1.0,1,,3.0,0,
2026-09-15T10:57:55,Christiane,serial_recall,finger_tapping,3,visual,letters,12,7,middle,X,X,0.5,1,,3.0,0,
2026-09-15T10:57:55,Christiane,serial_recall,finger_tapping,3,visual,letters,12,8,middle,J,T,0.0,0,T,3.0,0,
2026-09-15T10:57:55,Christiane,serial_recall,finger_tapping,3,visual,letters,12,9,end,A,A,1.0,1,,3.0,0,
2026-09-15T10:57:55,Christiane,serial_recall,finger_tapping,3,visual,letters,12,10,end,H,G,0.0,0,G,3.0,0,
2026-09-15T10:57:55,Christiane,serial_recall,finger_tapping,3,visual,letters,12,11,end,G,M,1.0,0,M,3.0,0,
2026-09-15T10:57:55,Christiane,serial_recall,finger_tapping,3,visual,letters,12,12,end,X,N,0.5,0,N,3.0,0,
2026-09-15T10:58:53,Christiane,serial_recall,finger_tapping,4,visual,letters,12,1,start,A,W,1.0,0,W,3.0,0,
2026-09-15T10:58:53,Christiane,serial_recall,finger_tapping,4,visual,letters,12,2,start,Q,G,0.0,0,G,3.0,0,
2026-09-15T10:58:53,Christiane,serial_recall,finger_tapping,4,visual,letters,12,3,start,W,A,1.0,0,A,3.0,0,
2026-09-15T10:58:53,Christiane,serial_recall,finger_tapping,4,visual,letters,12,4,start,C,T,0.333333,0,T,3.0,0,
2026-09-15T10:58:53,Christiane,serial_recall,finger_tapping,4,visual,letters,12,5,middle,Y,F,0.0,0,F,3.0,0,
2026-09-15T10:58:53,Christiane,serial_recall,finger_tapping,4,visual,letters,12,6,middle,U,M,0.0,0,M,3.0,0,
2026-09-15T10:58:53,Christiane,serial_recall,finger_tapping,4,visual,letters,12,7,middle,T,L,1.0,0,L,3.0,0,
2026-09-15T10:58:53,Christiane,serial_recall,finger_tapping,4,visual,letters,12,8,middle,G,E,1.0,0,E,3.0,0,
2026-09-15T10:58:53,Christiane,serial_recall,finger_tapping,4,visual,letters,12,9,end,C,R,0.333333,0,R,3.0,0,
2026-09-15T10:58:53,Christiane,serial_recall,finger_tapping,4,visual,letters,12,10,end,M,S,1.0,0,S,3.0,0,
2026-09-15T10:58:53,Christiane,serial_recall,finger_tapping,4,visual,letters,12,11,end,V,T,0.0,0,T,3.0,0,
2026-09-15T10:58:53,Christiane,serial_recall,finger_tapping,4,visual,letters,12,12,end,C,C,0.333333,1,,3.0,0,
2026-09-15T11:00:19,Christiane,serial_recall,finger_tapping,5,visual,letters,12,1,start,Q,Q,1.0,1,,3.0,0,
2026-09-15T11:00:19,Christiane,serial_recall,finger_tapping,5,visual,letters,12,2,start,J,J,1.0,1,,3.0,0,
2026-09-15T11:00:19,Christiane,serial_recall,finger_tapping,5,visual,letters,12,3,start,R,R,1.0,1,,3.0,0,
2026-09-15T11:00:19,Christiane,serial_recall,finger_tapping,5,visual,letters,12,4,start,H,F,0.0,0,F,3.0,0,
2026-09-15T11:00:19,Christiane,serial_recall,finger_tapping,5,visual,letters,12,5,middle,R,R,1.0,1,,3.0,0,
2026-09-15T11:00:19,Christiane,serial_recall,finger_tapping,5,visual,letters,12,6,middle,F,O,1.0,0,O,3.0,0,
2026-09-15T11:00:19,Christiane,serial_recall,finger_tapping,5,visual,letters,12,7,middle,D,D,1.0,1,,3.0,0,
2026-09-15T11:00:19,Christiane,serial_recall,finger_tapping,5,visual,letters,12,8,middle,Z,Z,1.0,1,,3.0,0,
2026-09-15T11:00:19,Christiane,serial_recall,finger_tapping,5,visual,letters,12,9,end,T,T,1.0,1,,3.0,0,
2026-09-15T11:00:19,Christiane,serial_recall,finger_tapping,5,visual,letters,12,10,end,L,L,1.0,1,,3.0,0,
2026-09-15T11:00:19,Christiane,serial_recall,finger_tapping,5,visual,letters,12,11,end,I,I,1.0,1,,3.0,0,
2026-09-15T11:00:19,Christiane,serial_recall,finger_tapping,5,visual,letters,12,12,end,Z,Z,1.0,1,,3.0,0,
2026-09-15T11:04:04,Christiane,serial_recall,articulatory_suppression,1,visual,letters,12,1,start,N,N,1.0,1,,3.0,0,
2026-09-15T11:04:04,Christiane,serial_recall,articulatory_suppression,1,visual,letters,12,2,start,N,N,1.0,1,,3.0,0,
2026-09-15T11:04:04,Christiane,serial_recall,articulatory_suppression,1,visual,letters,12,3,start,B,C,0.0,0,C,3.0,0,
2026-09-15T11:04:04,Christiane,serial_recall,articulatory_suppression,1,visual,letters,12,4,start,C,P,1.0,0,P,3.0,0,
2026-09-15T11:04:04,Christiane,serial_recall,articulatory_suppression,1,visual,letters,12,5,middle,P,M,1.0,0,M,3.0,0,
2026-09-15T11:04:04,Christiane,serial_recall,articulatory_suppression,1,visual,letters,12,6,middle,R,L,0.0,0,L,3.0,0,
2026-09-15T11:04:04,Christiane,serial_recall,articulatory_suppression,1,visual,letters,12,7,middle,O,O,1.0,1,,3.0,0,
2026-09-15T11:04:04,Christiane,serial_recall,articulatory_suppression,1,visual,letters,12,8,middle,B,N,0.0,0,N,3.0,0,
2026-09-15T11:04:04,Christiane,serial_recall,articulatory_suppression,1,visual,letters,12,9,end,K,T,0.0,0,T,3.0,0,
2026-09-15T11:04:04,Christiane,serial_recall,articulatory_suppression,1,visual,letters,12,10,end,W,P,0.0,0,P,3.0,0,
2026-09-15T11:04:04,Christiane,serial_recall,articulatory_suppression,1,visual,letters,12,11,end,G,X,0.0,0,X,3.0,0,
2026-09-15T11:04:04,Christiane,serial_recall,articulatory_suppression,1,visual,letters,12,12,end,X,X,1.0,1,,3.0,0,
2026-09-15T11:05:05,Christiane,serial_recall,articulatory_suppression,2,visual,letters,12,1,start,I,I,1.0,1,,3.0,0,
2026-09-15T11:05:05,Christiane,serial_recall,articulatory_suppression,2,visual,letters,12,2,start,S,S,1.0,1,,3.0,0,
2026-09-15T11:05:05,Christiane,serial_recall,articulatory_suppression,2,visual,letters,12,3,start,F,F,1.0,1,,3.0,0,
2026-09-15T11:05:05,Christiane,serial_recall,articulatory_suppression,2,visual,letters,12,4,start,J,J,1.0,1,,3.0,0,
2026-09-15T11:05:05,Christiane,serial_recall,articulatory_suppression,2,visual,letters,12,5,middle,M,M,1.0,1,,3.0,0,
2026-09-15T11:05:05,Christiane,serial_recall,articulatory_suppression,2,visual,letters,12,6,middle,H,H,1.0,1,,3.0,0,
2026-09-15T11:05:05,Christiane,serial_recall,articulatory_suppression,2,visual,letters,12,7,middle,X,X,1.0,1,,3.0,0,
2026-09-15T11:05:05,Christiane,serial_recall,articulatory_suppression,2,visual,letters,12,8,middle,B,B,1.0,1,,3.0,0,
2026-09-15T11:05:05,Christiane,serial_recall,articulatory_suppression,2,visual,letters,12,9,end,C,C,1.0,1,,3.0,0,
2026-09-15T11:05:05,Christiane,serial_recall,articulatory_suppression,2,visual,letters,12,10,end,O,O,1.0,1,,3.0,0,
2026-09-15T11:05:05,Christiane,serial_recall,articulatory_suppression,2,visual,letters,12,11,end,H,H,1.0,1,,3.0,0,
2026-09-15T11:05:05,Christiane,serial_recall,articulatory_suppression,2,visual,letters,12,12,end,M,M,1.0,1,,3.0,0,
2026-09-15T11:06:14,Christiane,serial_recall,articulatory_suppression,3,visual,letters,12,1,start,W,W,1.0,1,,3.0,0,
2026-09-15T11:06:14,Christiane,serial_recall,articulatory_suppression,3,visual,letters,12,2,start,Q,Q,1.0,1,,3.0,0,
2026-09-15T11:06:14,Christiane,serial_recall,articulatory_suppression,3,visual,letters,12,3,start,Q,Q,1.0,1,,3.0,0,
2026-09-15T11:06:14,Christiane,serial_recall,articulatory_suppression,3,visual,letters,12,4,start,C,V,0.333333,0,V,3.0,0,
2026-09-15T11:06:14,Christiane,serial_recall,articulatory_suppression,3,visual,letters,12,5,middle,E,U,0.0,0,U,3.0,0,
2026-09-15T11:06:14,Christiane,serial_recall,articulatory_suppression,3,visual,letters,12,6,middle,C,M,0.333333,0,M,3.0,0,
2026-09-15T11:06:14,Christiane,serial_recall,articulatory_suppression,3,visual,letters,12,7,middle,F,M,0.0,0,M,3.0,0,
2026-09-15T11:06:14,Christiane,serial_recall,articulatory_suppression,3,visual,letters,12,8,middle,V,C,0.5,0,C,3.0,0,
2026-09-15T11:06:14,Christiane,serial_recall,articulatory_suppression,3,visual,letters,12,9,end,U,H,1.0,0,H,3.0,0,
2026-09-15T11:06:14,Christiane,serial_recall,articulatory_suppression,3,visual,letters,12,10,end,Y,T,0.0,0,T,3.0,0,
2026-09-15T11:06:14,Christiane,serial_recall,articulatory_suppression,3,visual,letters,12,11,end,C,J,0.333333,0,J,3.0,0,
2026-09-15T11:06:14,Christiane,serial_recall,articulatory_suppression,3,visual,letters,12,12,end,V,L,0.5,0,L,3.0,0,
2026-09-15T11:07:16,Christiane,serial_recall,articulatory_suppression,4,visual,letters,12,1,start,Z,Z,1.0,1,,3.0,0,
2026-09-15T11:07:16,Christiane,serial_recall,articulatory_suppression,4,visual,letters,12,2,start,M,M,1.0,1,,3.0,0,
2026-09-15T11:07:16,Christiane,serial_recall,articulatory_suppression,4,visual,letters,12,3,start,O,O,1.0,1,,3.0,0,
2026-09-15T11:07:16,Christiane,serial_recall,articulatory_suppression,4,visual,letters,12,4,start,D,D,1.0,1,,3.0,0,
2026-09-15T11:07:16,Christiane,serial_recall,articulatory_suppression,4,visual,letters,12,5,middle,A,A,0.5,1,,3.0,0,
2026-09-15T11:07:16,Christiane,serial_recall,articulatory_suppression,4,visual,letters,12,6,middle,B,B,1.0,1,,3.0,0,
2026-09-15T11:07:16,Christiane,serial_recall,articulatory_suppression,4,visual,letters,12,7,middle,Y,T,0.666667,0,T,3.0,0,
2026-09-15T11:07:16,Christiane,serial_recall,articulatory_suppression,4,visual,letters,12,8,middle,A,M,0.5,0,M,3.0,0,
2026-09-15T11:07:16,Christiane,serial_recall,articulatory_suppression,4,visual,letters,12,9,end,Y,Y,0.666667,1,,3.0,0,
2026-09-15T11:07:16,Christiane,serial_recall,articulatory_suppression,4,visual,letters,12,10,end,N,N,1.0,1,,3.0,0,
2026-09-15T11:07:16,Christiane,serial_recall,articulatory_suppression,4,visual,letters,12,11,end,I,I,1.0,1,,3.0,0,
2026-09-15T11:07:16,Christiane,serial_recall,articulatory_suppression,4,visual,letters,12,12,end,Y,Y,0.666667,1,,3.0,0,
2026-09-15T11:08:41,Christiane,serial_recall,articulatory_suppression,5,visual,letters,12,1,start,W,W,1.0,1,,3.0,0,
2026-09-15T11:08:41,Christiane,serial_recall,articulatory_suppression,5,visual,letters,12,2,start,Q,Q,1.0,1,,3.0,0,
2026-09-15T11:08:41,Christiane,serial_recall,articulatory_suppression,5,visual,letters,12,3,start,O,O,0.5,1,,3.0,0,
2026-09-15T11:08:41,Christiane,serial_recall,articulatory_suppression,5,visual,letters,12,4,start,E,E,1.0,1,,3.0,0,
2026-09-15T11:08:41,Christiane,serial_recall,articulatory_suppression,5,visual,letters,12,5,middle,J,I,0.0,0,I,3.0,0,
2026-09-15T11:08:41,Christiane,serial_recall,articulatory_suppression,5,visual,letters,12,6,middle,V,V,1.0,1,,3.0,0,
2026-09-15T11:08:41,Christiane,serial_recall,articulatory_suppression,5,visual,letters,12,7,middle,I,I,1.0,1,,3.0,0,
2026-09-15T11:08:41,Christiane,serial_recall,articulatory_suppression,5,visual,letters,12,8,middle,Y,Y,1.0,1,,3.0,0,
2026-09-15T11:08:41,Christiane,serial_recall,articulatory_suppression,5,visual,letters,12,9,end,O,I,0.5,0,I,3.0,0,
2026-09-15T11:08:41,Christiane,serial_recall,articulatory_suppression,5,visual,letters,12,10,end,I,A,1.0,0,A,3.0,0,
2026-09-15T11:08:41,Christiane,serial_recall,articulatory_suppression,5,visual,letters,12,11,end,X,X,1.0,1,,3.0,0,
2026-09-15T11:08:41,Christiane,serial_recall,articulatory_suppression,5,visual,letters,12,12,end,L,L,1.0,1,,3.0,0,
2026-09-15T11:11:34,Christiane,idiom_serial_recall,real_idioms,1,visual,phrases,12,1,start,at sidde paa den hoeje hest,at faa blod paa tanden,0.0,0,at faa blod paa tanden,3.0,0,
2026-09-15T11:11:34,Christiane,idiom_serial_recall,real_idioms,1,visual,phrases,12,2,start,at tage tyren ved hornene,bolden i ansigt,0.0,0,bolden i ansigt,3.0,0,
2026-09-15T11:11:34,Christiane,idiom_serial_recall,real_idioms,1,visual,phrases,12,3,start,at loebe panden mod en mur,tage sig paa hovedet,0.0,0,tage sig paa hovedet,3.0,0,
2026-09-15T11:11:34,Christiane,idiom_serial_recall,real_idioms,1,visual,phrases,12,4,start,at slaa en streg i sandet,,0.0,0,,3.0,0,
2026-09-15T11:11:34,Christiane,idiom_serial_recall,real_idioms,1,visual,phrases,12,5,middle,at faa blod paa tanden,,1.0,0,,3.0,0,
2026-09-15T11:11:34,Christiane,idiom_serial_recall,real_idioms,1,visual,phrases,12,6,middle,at staa med haaret i postkassen,,0.0,0,,3.0,0,
2026-09-15T11:11:34,Christiane,idiom_serial_recall,real_idioms,1,visual,phrases,12,7,middle,at tage det sure med det soede,,0.0,0,,3.0,0,
2026-09-15T11:11:34,Christiane,idiom_serial_recall,real_idioms,1,visual,phrases,12,8,middle,at faa en fjer i hatten,,0.0,0,,3.0,0,
2026-09-15T11:11:34,Christiane,idiom_serial_recall,real_idioms,1,visual,phrases,12,9,end,at tabe ansigt,,0.0,0,,3.0,0,
2026-09-15T11:11:34,Christiane,idiom_serial_recall,real_idioms,1,visual,phrases,12,10,end,at have rent mel i posen,,0.0,0,,3.0,0,
2026-09-15T11:11:34,Christiane,idiom_serial_recall,real_idioms,1,visual,phrases,12,11,end,at faa kolde foedder,,0.0,0,,3.0,0,
2026-09-15T11:11:34,Christiane,idiom_serial_recall,real_idioms,1,visual,phrases,12,12,end,at male fanden paa vaeggen,,0.0,0,,3.0,0,
2026-09-15T11:15:54,Christiane,idiom_serial_recall,real_idioms,2,visual,phrases,12,1,start,at staa med haaret i postkassen,to fluer med et smaek,0.0,0,to fluer med et smaek,3.0,0,
2026-09-15T11:15:54,Christiane,idiom_serial_recall,real_idioms,2,visual,phrases,12,2,start,at gaa over gevind,at faa blod paa tanden,0.0,0,at faa blod paa tanden,3.0,0,
2026-09-15T11:15:54,Christiane,idiom_serial_recall,real_idioms,2,visual,phrases,12,3,start,at slaa to fluer med et smaek,at tage sig til hovedet,0.0,0,at tage sig til hovedet,3.0,0,
2026-09-15T11:15:54,Christiane,idiom_serial_recall,real_idioms,2,visual,phrases,12,4,start,at vaere paa boelgelaengde,at faa blod paa tanden,0.0,0,at faa blod paa tanden,3.0,0,
2026-09-15T11:15:54,Christiane,idiom_serial_recall,real_idioms,2,visual,phrases,12,5,middle,at loebe panden mod en mur,,0.0,0,,3.0,0,
2026-09-15T11:15:54,Christiane,idiom_serial_recall,real_idioms,2,visual,phrases,12,6,middle,at faa blod paa tanden,,1.0,0,,3.0,0,
2026-09-15T11:15:54,Christiane,idiom_serial_recall,real_idioms,2,visual,phrases,12,7,middle,at tabe ansigt,,0.0,0,,3.0,0,
2026-09-15T11:15:54,Christiane,idiom_serial_recall,real_idioms,2,visual,phrases,12,8,middle,at vende paa en tallerken,,0.0,0,,3.0,0,
2026-09-15T11:15:54,Christiane,idiom_serial_recall,real_idioms,2,visual,phrases,12,9,end,at gaa nedenom og hjem,,0.0,0,,3.0,0,
2026-09-15T11:15:54,Christiane,idiom_serial_recall,real_idioms,2,visual,phrases,12,10,end,at kaste haandklaedet i ringen,,0.0,0,,3.0,0,
2026-09-15T11:15:54,Christiane,idiom_serial_recall,real_idioms,2,visual,phrases,12,11,end,at faa en fjer i hatten,,0.0,0,,3.0,0,
2026-09-15T11:15:54,Christiane,idiom_serial_recall,real_idioms,2,visual,phrases,12,12,end,at have is i maven,,0.0,0,,3.0,0,
2026-09-15T11:19:28,Christiane,idiom_serial_recall,real_idioms,3,visual,phrases,12,1,start,at gaa agurk,at faa blod paa tanden,0.0,0,at faa blod paa tanden,3.0,0,
2026-09-15T11:19:28,Christiane,idiom_serial_recall,real_idioms,3,visual,phrases,12,2,start,at faa blod paa tanden,to fluer med et smaek,1.0,0,to fluer med et smaek,3.0,0,
2026-09-15T11:19:28,Christiane,idiom_serial_recall,real_idioms,3,visual,phrases,12,3,start,at have rent mel i posen,,0.0,0,,3.0,0,
2026-09-15T11:19:28,Christiane,idiom_serial_recall,real_idioms,3,visual,phrases,12,4,start,at skyde papegoejen,,0.0,0,,3.0,0,
2026-09-15T11:19:28,Christiane,idiom_serial_recall,real_idioms,3,visual,phrases,12,5,middle,at vaere en strid banan,,0.0,0,,3.0,0,
2026-09-15T11:19:28,Christiane,idiom_serial_recall,real_idioms,3,visual,phrases,12,6,middle,at have oejne i nakken,,0.0,0,,3.0,0,
2026-09-15T11:19:28,Christiane,idiom_serial_recall,real_idioms,3,visual,phrases,12,7,middle,at tale frit fra leveren,,0.0,0,,3.0,0,
2026-09-15T11:19:28,Christiane,idiom_serial_recall,real_idioms,3,visual,phrases,12,8,middle,at tage det sure med det soede,,0.0,0,,3.0,0,
2026-09-15T11:19:28,Christiane,idiom_serial_recall,real_idioms,3,visual,phrases,12,9,end,at sidde paa den hoeje hest,,0.0,0,,3.0,0,
2026-09-15T11:19:28,Christiane,idiom_serial_recall,real_idioms,3,visual,phrases,12,10,end,at traekke det korteste straa,,0.0,0,,3.0,0,
2026-09-15T11:19:28,Christiane,idiom_serial_recall,real_idioms,3,visual,phrases,12,11,end,at loebe panden mod en mur,,0.0,0,,3.0,0,
2026-09-15T11:19:28,Christiane,idiom_serial_recall,real_idioms,3,visual,phrases,12,12,end,at gaa nedenom og hjem,,0.0,0,,3.0,0,
2026-09-15T11:20:25,Christiane,idiom_serial_recall,fake_idioms,1,visual,phrases,12,1,start,at slaa hul i sin egen paraply,at spise majs,0.0,0,at spise majs,3.0,0,
2026-09-15T11:20:25,Christiane,idiom_serial_recall,fake_idioms,1,visual,phrases,12,2,start,at saette sin hat efter vinden,at have maanen i baglomme,0.0,0,at have maanen i baglomme,3.0,0,
2026-09-15T11:20:25,Christiane,idiom_serial_recall,fake_idioms,1,visual,phrases,12,3,start,at slaa knude paa sin egen hale,,0.0,0,,3.0,0,
2026-09-15T11:20:25,Christiane,idiom_serial_recall,fake_idioms,1,visual,phrases,12,4,start,at saette stoevlerne i den forkerte groeft,,0.0,0,,3.0,0,
2026-09-15T11:20:25,Christiane,idiom_serial_recall,fake_idioms,1,visual,phrases,12,5,middle,at faa vand over stoevlekanten,,0.0,0,,3.0,0,
2026-09-15T11:20:25,Christiane,idiom_serial_recall,fake_idioms,1,visual,phrases,12,6,middle,at faa regn i stoevlerne,,0.0,0,,3.0,0,
2026-09-15T11:20:25,Christiane,idiom_serial_recall,fake_idioms,1,visual,phrases,12,7,middle,at kaste hatten foer festen,,0.0,0,,3.0,0,
2026-09-15T11:20:25,Christiane,idiom_serial_recall,fake_idioms,1,visual,phrases,12,8,middle,at staa med begge ben i samme stoevle,,0.0,0,,3.0,0,
2026-09-15T11:20:25,Christiane,idiom_serial_recall,fake_idioms,1,visual,phrases,12,9,end,at have en raev i rygsaekken,,0.0,0,,3.0,0,
2026-09-15T11:20:25,Christiane,idiom_serial_recall,fake_idioms,1,visual,phrases,12,10,end,at have grus i maskineriet,,0.0,0,,3.0,0,
2026-09-15T11:20:25,Christiane,idiom_serial_recall,fake_idioms,1,visual,phrases,12,11,end,at have vinden under skjorten,,0.0,0,,3.0,0,
2026-09-15T11:20:25,Christiane,idiom_serial_recall,fake_idioms,1,visual,phrases,12,12,end,at have maanen i baglommen,,0.0,0,,3.0,0,
2026-09-15T11:22:58,Christiane,idiom_serial_recall,fake_idioms,2,visual,phrases,12,1,start,at traekke stigen op foer man er paa taget,at saette ild i skuret,0.0,0,at saette ild i skuret,3.0,0,
2026-09-15T11:22:58,Christiane,idiom_serial_recall,fake_idioms,2,visual,phrases,12,2,start,at loebe efter sin egen skygge,,0.0,0,,3.0,0,
2026-09-15T11:22:58,Christiane,idiom_serial_recall,fake_idioms,2,visual,phrases,12,3,start,at have vinden under skjorten,,0.0,0,,3.0,0,
2026-09-15T11:22:58,Christiane,idiom_serial_recall,fake_idioms,2,visual,phrases,12,4,start,at faa grus under vingerne,,0.0,0,,3.0,0,
2026-09-15T11:22:58,Christiane,idiom_serial_recall,fake_idioms,2,visual,phrases,12,5,middle,at vende koppen paa hovedet,,0.0,0,,3.0,0,
2026-09-15T11:22:58,Christiane,idiom_serial_recall,fake_idioms,2,visual,phrases,12,6,middle,at traekke taeppet over hovedet,,0.0,0,,3.0,0,
2026-09-15T11:22:58,Christiane,idiom_serial_recall,fake_idioms,2,visual,phrases,12,7,middle,at have sand mellem taenderne,,0.0,0,,3.0,0,
2026-09-15T11:22:58,Christiane,idiom_serial_recall,fake_idioms,2,visual,phrases,12,8,middle,at have en raev i rygsaekken,,0.0,0,,3.0,0,
2026-09-15T11:22:58,Christiane,idiom_serial_recall,fake_idioms,2,visual,phrases,12,9,end,at have maanen i baglommen,,0.0,0,,3.0,0,
2026-09-15T11:22:58,Christiane,idiom_serial_recall,fake_idioms,2,visual,phrases,12,10,end,at haenge hatten paa den forkerte knage,,0.0,0,,3.0,0,
2026-09-15T11:22:58,Christiane,idiom_serial_recall,fake_idioms,2,visual,phrases,12,11,end,at faa regn i stoevlerne,,0.0,0,,3.0,0,
2026-09-15T11:22:58,Christiane,idiom_serial_recall,fake_idioms,2,visual,phrases,12,12,end,at saette ild til sin egen stige,,0.0,0,,3.0,0,
2026-09-15T11:23:49,Christiane,idiom_serial_recall,fake_idioms,3,visual,phrases,12,1,start,at have grus i maskineriet,at slaa hat om brillerne,0.0,0,at slaa hat om brillerne,3.0,0,
2026-09-15T11:23:49,Christiane,idiom_serial_recall,fake_idioms,3,visual,phrases,12,2,start,at saette stoevlerne i den forkerte groeft,,0.0,0,,3.0,0,
2026-09-15T11:23:49,Christiane,idiom_serial_recall,fake_idioms,3,visual,phrases,12,3,start,at faa grus under vingerne,,0.0,0,,3.0,0,
2026-09-15T11:23:49,Christiane,idiom_serial_recall,fake_idioms,3,visual,phrases,12,4,start,at gaa med gaflen i suppen,,0.0,0,,3.0,0,
2026-09-15T11:23:49,Christiane,idiom_serial_recall,fake_idioms,3,visual,phrases,12,5,middle,at slaa hul i sin egen paraply,,0.0,0,,3.0,0,
2026-09-15T11:23:49,Christiane,idiom_serial_recall,fake_idioms,3,visual,phrases,12,6,middle,at staa med naesen i postkassen,,0.0,0,,3.0,0,
2026-09-15T11:23:49,Christiane,idiom_serial_recall,fake_idioms,3,visual,phrases,12,7,middle,at have vinden under skjorten,,0.0,0,,3.0,0,
2026-09-15T11:23:49,Christiane,idiom_serial_recall,fake_idioms,3,visual,phrases,12,8,middle,at slaa knude paa sin egen hale,,0.0,0,,3.0,0,
2026-09-15T11:23:49,Christiane,idiom_serial_recall,fake_idioms,3,visual,phrases,12,9,end,at faa vand over stoevlekanten,,0.0,0,,3.0,0,
2026-09-15T11:23:49,Christiane,idiom_serial_recall,fake_idioms,3,visual,phrases,12,10,end,at have maanen i baglommen,,0.0,0,,3.0,0,
2026-09-15T11:23:49,Christiane,idiom_serial_recall,fake_idioms,3,visual,phrases,12,11,end,at gaa rundt om den samme sten,,0.0,0,,3.0,0,
2026-09-15T11:23:49,Christiane,idiom_serial_recall,fake_idioms,3,visual,phrases,12,12,end,at have en sten under hatten,,0.0,0,,3.0,0,
2026-09-21T15:06:23,Christiane,free_recall,baseline,1,visual,letters,16,1,start,G,P,1.0,0,P,3.0,0,
2026-09-21T15:06:23,Christiane,free_recall,baseline,1,visual,letters,16,2,start,D,H,1.0,0,H,3.0,0,
2026-09-21T15:06:23,Christiane,free_recall,baseline,1,visual,letters,16,3,start,X,X,1.0,1,,3.0,0,
2026-09-21T15:06:23,Christiane,free_recall,baseline,1,visual,letters,16,4,start,A,X,1.0,0,X,3.0,0,
2026-09-21T15:06:23,Christiane,free_recall,baseline,1,visual,letters,16,5,start,D,X,1.0,0,X,3.0,0,
2026-09-21T15:06:23,Christiane,free_recall,baseline,1,visual,letters,16,6,start,Z,Z,1.0,1,,3.0,0,
2026-09-21T15:06:23,Christiane,free_recall,baseline,1,visual,letters,16,7,middle,G,A,1.0,0,A,3.0,0,
2026-09-21T15:06:23,Christiane,free_recall,baseline,1,visual,letters,16,8,middle,S,G,0.0,0,G,3.0,0,
2026-09-21T15:06:23,Christiane,free_recall,baseline,1,visual,letters,16,9,middle,Y,D,1.0,0,D,3.0,0,
2026-09-21T15:06:23,Christiane,free_recall,baseline,1,visual,letters,16,10,middle,G,G,1.0,1,,3.0,0,
2026-09-21T15:06:23,Christiane,free_recall,baseline,1,visual,letters,16,11,middle,S,D,0.0,0,D,3.0,0,
2026-09-21T15:06:23,Christiane,free_recall,baseline,1,visual,letters,16,12,end,K,K,1.0,1,,3.0,0,
2026-09-21T15:06:23,Christiane,free_recall,baseline,1,visual,letters,16,13,end,L,L,1.0,1,,3.0,0,
2026-09-21T15:06:23,Christiane,free_recall,baseline,1,visual,letters,16,14,end,X,Y,1.0,0,Y,3.0,0,
2026-09-21T15:06:23,Christiane,free_recall,baseline,1,visual,letters,16,15,end,H,G,1.0,0,G,3.0,0,
2026-09-21T15:06:23,Christiane,free_recall,baseline,1,visual,letters,16,16,end,P,D,1.0,0,D,3.0,0,
2026-09-21T15:08:00,Christiane,free_recall,baseline,2,visual,letters,16,1,start,Y,V,1.0,0,V,3.0,0,
2026-09-21T15:08:00,Christiane,free_recall,baseline,2,visual,letters,16,2,start,C,J,0.5,0,J,3.0,0,
2026-09-21T15:08:00,Christiane,free_recall,baseline,2,visual,letters,16,3,start,K,X,1.0,0,X,3.0,0,
2026-09-21T15:08:00,Christiane,free_recall,baseline,2,visual,letters,16,4,start,E,Y,1.0,0,Y,3.0,0,
2026-09-21T15:08:00,Christiane,free_recall,baseline,2,visual,letters,16,5,start,B,C,1.0,0,C,3.0,0,
2026-09-21T15:08:00,Christiane,free_recall,baseline,2,visual,letters,16,6,start,R,K,0.0,0,K,3.0,0,
2026-09-21T15:08:00,Christiane,free_recall,baseline,2,visual,letters,16,7,middle,P,E,0.0,0,E,3.0,0,
2026-09-21T15:08:00,Christiane,free_recall,baseline,2,visual,letters,16,8,middle,L,B,1.0,0,B,3.0,0,
2026-09-21T15:08:00,Christiane,free_recall,baseline,2,visual,letters,16,9,middle,C,Q,0.5,0,Q,3.0,0,
2026-09-21T15:08:00,Christiane,free_recall,baseline,2,visual,letters,16,10,middle,T,E,0.0,0,E,3.0,0,
2026-09-21T15:08:00,Christiane,free_recall,baseline,2,visual,letters,16,11,middle,S,L,1.0,0,L,3.0,0,
2026-09-21T15:08:00,Christiane,free_recall,baseline,2,visual,letters,16,12,end,Q,I,1.0,0,I,3.0,0,
2026-09-21T15:08:00,Christiane,free_recall,baseline,2,visual,letters,16,13,end,X,S,1.0,0,S,3.0,0,
2026-09-21T15:08:00,Christiane,free_recall,baseline,2,visual,letters,16,14,end,A,V,1.0,0,V,3.0,0,
2026-09-21T15:08:00,Christiane,free_recall,baseline,2,visual,letters,16,15,end,J,X,1.0,0,X,3.0,0,
2026-09-21T15:08:00,Christiane,free_recall,baseline,2,visual,letters,16,16,end,V,A,1.0,0,A,3.0,0,
2026-09-21T15:09:47,Christiane,free_recall,baseline,3,visual,letters,16,1,start,K,Q,1.0,0,Q,3.0,0,
2026-09-21T15:09:47,Christiane,free_recall,baseline,3,visual,letters,16,2,start,P,Q,1.0,0,Q,3.0,0,
2026-09-21T15:09:47,Christiane,free_recall,baseline,3,visual,letters,16,3,start,X,P,1.0,0,P,3.0,0,
2026-09-21T15:09:47,Christiane,free_recall,baseline,3,visual,letters,16,4,start,N,P,1.0,0,P,3.0,0,
2026-09-21T15:09:47,Christiane,free_recall,baseline,3,visual,letters,16,5,start,T,X,1.0,0,X,3.0,0,
2026-09-21T15:09:47,Christiane,free_recall,baseline,3,visual,letters,16,6,start,Z,K,0.0,0,K,3.0,0,
2026-09-21T15:09:47,Christiane,free_recall,baseline,3,visual,letters,16,7,middle,M,N,0.0,0,N,3.0,0,
2026-09-21T15:09:47,Christiane,free_recall,baseline,3,visual,letters,16,8,middle,E,T,1.0,0,T,3.0,0,
2026-09-21T15:09:47,Christiane,free_recall,baseline,3,visual,letters,16,9,middle,O,Y,1.0,0,Y,3.0,0,
2026-09-21T15:09:47,Christiane,free_recall,baseline,3,visual,letters,16,10,middle,Y,E,1.0,0,E,3.0,0,
2026-09-21T15:09:47,Christiane,free_recall,baseline,3,visual,letters,16,11,middle,Q,O,1.0,0,O,3.0,0,
2026-09-21T15:09:47,Christiane,free_recall,baseline,3,visual,letters,16,12,end,T,U,1.0,0,U,3.0,0,
2026-09-21T15:09:47,Christiane,free_recall,baseline,3,visual,letters,16,13,end,S,S,1.0,1,,3.0,0,
2026-09-21T15:09:47,Christiane,free_recall,baseline,3,visual,letters,16,14,end,B,B,1.0,1,,3.0,0,
2026-09-21T15:09:47,Christiane,free_recall,baseline,3,visual,letters,16,15,end,P,T,1.0,0,T,3.0,0,
2026-09-21T15:09:47,Christiane,free_recall,baseline,3,visual,letters,16,16,end,Q,T,1.0,0,T,3.0,0,
2026-09-21T15:12:20,Christiane,free_recall,unfilled_delay,1,visual,letters,16,1,start,V,V,1.0,1,,3.0,60,
2026-09-21T15:12:20,Christiane,free_recall,unfilled_delay,1,visual,letters,16,2,start,T,T,1.0,1,,3.0,60,
2026-09-21T15:12:20,Christiane,free_recall,unfilled_delay,1,visual,letters,16,3,start,S,S,1.0,1,,3.0,60,
2026-09-21T15:12:20,Christiane,free_recall,unfilled_delay,1,visual,letters,16,4,start,E,E,1.0,1,,3.0,60,
2026-09-21T15:12:20,Christiane,free_recall,unfilled_delay,1,visual,letters,16,5,start,D,M,1.0,0,M,3.0,60,
2026-09-21T15:12:20,Christiane,free_recall,unfilled_delay,1,visual,letters,16,6,start,M,M,1.0,1,,3.0,60,
2026-09-21T15:12:20,Christiane,free_recall,unfilled_delay,1,visual,letters,16,7,middle,M,O,1.0,0,O,3.0,60,
2026-09-21T15:12:20,Christiane,free_recall,unfilled_delay,1,visual,letters,16,8,middle,O,V,1.0,0,V,3.0,60,
2026-09-21T15:12:20,Christiane,free_recall,unfilled_delay,1,visual,letters,16,9,middle,V,A,1.0,0,A,3.0,60,
2026-09-21T15:12:20,Christiane,free_recall,unfilled_delay,1,visual,letters,16,10,middle,R,R,0.5,1,,3.0,60,
2026-09-21T15:12:20,Christiane,free_recall,unfilled_delay,1,visual,letters,16,11,middle,O,O,1.0,1,,3.0,60,
2026-09-21T15:12:20,Christiane,free_recall,unfilled_delay,1,visual,letters,16,12,end,P,P,1.0,1,,3.0,60,
2026-09-21T15:12:20,Christiane,free_recall,unfilled_delay,1,visual,letters,16,13,end,R,O,0.5,0,O,3.0,60,
2026-09-21T15:12:20,Christiane,free_recall,unfilled_delay,1,visual,letters,16,14,end,O,Z,1.0,0,Z,3.0,60,
2026-09-21T15:12:20,Christiane,free_recall,unfilled_delay,1,visual,letters,16,15,end,Z,D,1.0,0,D,3.0,60,
2026-09-21T15:12:20,Christiane,free_recall,unfilled_delay,1,visual,letters,16,16,end,A,Z,1.0,0,Z,3.0,60,
2026-09-21T15:14:42,Christiane,free_recall,unfilled_delay,2,visual,letters,16,1,start,H,C,1.0,0,C,3.0,60,
2026-09-21T15:14:42,Christiane,free_recall,unfilled_delay,2,visual,letters,16,2,start,N,I,0.5,0,I,3.0,60,
2026-09-21T15:14:42,Christiane,free_recall,unfilled_delay,2,visual,letters,16,3,start,X,D,1.0,0,D,3.0,60,
2026-09-21T15:14:42,Christiane,free_recall,unfilled_delay,2,visual,letters,16,4,start,E,H,1.0,0,H,3.0,60,
2026-09-21T15:14:42,Christiane,free_recall,unfilled_delay,2,visual,letters,16,5,start,D,N,1.0,0,N,3.0,60,
2026-09-21T15:14:42,Christiane,free_recall,unfilled_delay,2,visual,letters,16,6,start,H,X,1.0,0,X,3.0,60,
2026-09-21T15:14:42,Christiane,free_recall,unfilled_delay,2,visual,letters,16,7,middle,I,E,0.5,0,E,3.0,60,
2026-09-21T15:14:42,Christiane,free_recall,unfilled_delay,2,visual,letters,16,8,middle,P,D,1.0,0,D,3.0,60,
2026-09-21T15:14:42,Christiane,free_recall,unfilled_delay,2,visual,letters,16,9,middle,N,H,0.5,0,H,3.0,60,
2026-09-21T15:14:42,Christiane,free_recall,unfilled_delay,2,visual,letters,16,10,middle,F,P,0.0,0,P,3.0,60,
2026-09-21T15:14:42,Christiane,free_recall,unfilled_delay,2,visual,letters,16,11,middle,L,H,0.0,0,H,3.0,60,
2026-09-21T15:14:42,Christiane,free_recall,unfilled_delay,2,visual,letters,16,12,end,L,V,0.0,0,V,3.0,60,
2026-09-21T15:14:42,Christiane,free_recall,unfilled_delay,2,visual,letters,16,13,end,U,D,0.0,0,D,3.0,60,
2026-09-21T15:14:42,Christiane,free_recall,unfilled_delay,2,visual,letters,16,14,end,C,O,1.0,0,O,3.0,60,
2026-09-21T15:14:42,Christiane,free_recall,unfilled_delay,2,visual,letters,16,15,end,I,,0.5,0,,3.0,60,
2026-09-21T15:14:42,Christiane,free_recall,unfilled_delay,2,visual,letters,16,16,end,D,,1.0,0,,3.0,60,
2026-09-21T15:16:46,Christiane,free_recall,unfilled_delay,3,visual,letters,16,1,start,J,G,1.0,0,G,3.0,60,
2026-09-21T15:16:46,Christiane,free_recall,unfilled_delay,3,visual,letters,16,2,start,G,B,0.5,0,B,3.0,60,
2026-09-21T15:16:46,Christiane,free_recall,unfilled_delay,3,visual,letters,16,3,start,O,J,0.0,0,J,3.0,60,
2026-09-21T15:16:46,Christiane,free_recall,unfilled_delay,3,visual,letters,16,4,start,Y,B,1.0,0,B,3.0,60,
2026-09-21T15:16:46,Christiane,free_recall,unfilled_delay,3,visual,letters,16,5,start,B,Y,1.0,0,Y,3.0,60,
2026-09-21T15:16:46,Christiane,free_recall,unfilled_delay,3,visual,letters,16,6,start,E,B,0.0,0,B,3.0,60,
2026-09-21T15:16:46,Christiane,free_recall,unfilled_delay,3,visual,letters,16,7,middle,S,S,0.5,1,,3.0,60,
2026-09-21T15:16:46,Christiane,free_recall,unfilled_delay,3,visual,letters,16,8,middle,R,A,0.0,0,A,3.0,60,
2026-09-21T15:16:46,Christiane,free_recall,unfilled_delay,3,visual,letters,16,9,middle,S,P,0.5,0,P,3.0,60,
2026-09-21T15:16:46,Christiane,free_recall,unfilled_delay,3,visual,letters,16,10,middle,T,,0.0,0,,3.0,60,
2026-09-21T15:16:46,Christiane,free_recall,unfilled_delay,3,visual,letters,16,11,middle,I,,0.0,0,,3.0,60,
2026-09-21T15:16:46,Christiane,free_recall,unfilled_delay,3,visual,letters,16,12,end,A,,1.0,0,,3.0,60,
2026-09-21T15:16:46,Christiane,free_recall,unfilled_delay,3,visual,letters,16,13,end,C,,0.0,0,,3.0,60,
2026-09-21T15:16:46,Christiane,free_recall,unfilled_delay,3,visual,letters,16,14,end,T,,0.0,0,,3.0,60,
2026-09-21T15:16:46,Christiane,free_recall,unfilled_delay,3,visual,letters,16,15,end,G,,0.5,0,,3.0,60,
2026-09-21T15:16:46,Christiane,free_recall,unfilled_delay,3,visual,letters,16,16,end,B,,1.0,0,,3.0,60,
2026-09-21T15:17:43,Christiane,free_recall,fast_rate,1,visual,letters,16,1,start,K,K,1.0,1,,1.0,0,
2026-09-21T15:17:43,Christiane,free_recall,fast_rate,1,visual,letters,16,2,start,R,P,0.5,0,P,1.0,0,
2026-09-21T15:17:43,Christiane,free_recall,fast_rate,1,visual,letters,16,3,start,N,M,0.0,0,M,1.0,0,
2026-09-21T15:17:43,Christiane,free_recall,fast_rate,1,visual,letters,16,4,start,J,X,1.0,0,X,1.0,0,
2026-09-21T15:17:43,Christiane,free_recall,fast_rate,1,visual,letters,16,5,start,X,R,1.0,0,R,1.0,0,
2026-09-21T15:17:43,Christiane,free_recall,fast_rate,1,visual,letters,16,6,start,R,J,0.5,0,J,1.0,0,
2026-09-21T15:17:43,Christiane,free_recall,fast_rate,1,visual,letters,16,7,middle,Q,X,0.0,0,X,1.0,0,
2026-09-21T15:17:43,Christiane,free_recall,fast_rate,1,visual,letters,16,8,middle,G,K,0.0,0,K,1.0,0,
2026-09-21T15:17:43,Christiane,free_recall,fast_rate,1,visual,letters,16,9,middle,A,A,1.0,1,,1.0,0,
2026-09-21T15:17:43,Christiane,free_recall,fast_rate,1,visual,letters,16,10,middle,G,A,0.0,0,A,1.0,0,
2026-09-21T15:17:43,Christiane,free_recall,fast_rate,1,visual,letters,16,11,middle,X,L,1.0,0,L,1.0,0,
2026-09-21T15:17:43,Christiane,free_recall,fast_rate,1,visual,letters,16,12,end,Z,P,0.0,0,P,1.0,0,
2026-09-21T15:17:43,Christiane,free_recall,fast_rate,1,visual,letters,16,13,end,M,O,1.0,0,O,1.0,0,
2026-09-21T15:17:43,Christiane,free_recall,fast_rate,1,visual,letters,16,14,end,C,,0.0,0,,1.0,0,
2026-09-21T15:17:43,Christiane,free_recall,fast_rate,1,visual,letters,16,15,end,P,,1.0,0,,1.0,0,
2026-09-21T15:17:43,Christiane,free_recall,fast_rate,1,visual,letters,16,16,end,K,,1.0,0,,1.0,0,
2026-09-21T15:18:43,Christiane,free_recall,fast_rate,2,visual,letters,16,1,start,D,F,1.0,0,F,1.0,0,
2026-09-21T15:18:43,Christiane,free_recall,fast_rate,2,visual,letters,16,2,start,R,Z,0.0,0,Z,1.0,0,
2026-09-21T15:18:43,Christiane,free_recall,fast_rate,2,visual,letters,16,3,start,M,Z,0.0,0,Z,1.0,0,
2026-09-21T15:18:43,Christiane,free_recall,fast_rate,2,visual,letters,16,4,start,E,A,1.0,0,A,1.0,0,
2026-09-21T15:18:43,Christiane,free_recall,fast_rate,2,visual,letters,16,5,start,L,B,1.0,0,B,1.0,0,
2026-09-21T15:18:43,Christiane,free_recall,fast_rate,2,visual,letters,16,6,start,A,D,0.5,0,D,1.0,0,
2026-09-21T15:18:43,Christiane,free_recall,fast_rate,2,visual,letters,16,7,middle,Z,W,1.0,0,W,1.0,0,
2026-09-21T15:18:43,Christiane,free_recall,fast_rate,2,visual,letters,16,8,middle,W,X,1.0,0,X,1.0,0,
2026-09-21T15:18:43,Christiane,free_recall,fast_rate,2,visual,letters,16,9,middle,V,E,1.0,0,E,1.0,0,
2026-09-21T15:18:43,Christiane,free_recall,fast_rate,2,visual,letters,16,10,middle,B,L,1.0,0,L,1.0,0,
2026-09-21T15:18:43,Christiane,free_recall,fast_rate,2,visual,letters,16,11,middle,A,N,0.5,0,N,1.0,0,
2026-09-21T15:18:43,Christiane,free_recall,fast_rate,2,visual,letters,16,12,end,S,V,1.0,0,V,1.0,0,
2026-09-21T15:18:43,Christiane,free_recall,fast_rate,2,visual,letters,16,13,end,N,S,1.0,0,S,1.0,0,
2026-09-21T15:18:43,Christiane,free_recall,fast_rate,2,visual,letters,16,14,end,G,,0.0,0,,1.0,0,
2026-09-21T15:18:43,Christiane,free_recall,fast_rate,2,visual,letters,16,15,end,Z,,1.0,0,,1.0,0,
2026-09-21T15:18:43,Christiane,free_recall,fast_rate,2,visual,letters,16,16,end,F,,1.0,0,,1.0,0,
2026-09-21T15:20:00,Christiane,free_recall,fast_rate,3,visual,letters,16,1,start,Q,C,0.0,0,C,1.0,0,
2026-09-21T15:20:00,Christiane,free_recall,fast_rate,3,visual,letters,16,2,start,N,B,0.5,0,B,1.0,0,
2026-09-21T15:20:00,Christiane,free_recall,fast_rate,3,visual,letters,16,3,start,T,X,1.0,0,X,1.0,0,
2026-09-21T15:20:00,Christiane,free_recall,fast_rate,3,visual,letters,16,4,start,I,X,1.0,0,X,1.0,0,
2026-09-21T15:20:00,Christiane,free_recall,fast_rate,3,visual,letters,16,5,start,X,X,1.0,1,,1.0,0,
2026-09-21T15:20:00,Christiane,free_recall,fast_rate,3,visual,letters,16,6,start,X,I,1.0,0,I,1.0,0,
2026-09-21T15:20:00,Christiane,free_recall,fast_rate,3,visual,letters,16,7,middle,I,I,1.0,1,,1.0,0,
2026-09-21T15:20:00,Christiane,free_recall,fast_rate,3,visual,letters,16,8,middle,U,I,0.0,0,I,1.0,0,
2026-09-21T15:20:00,Christiane,free_recall,fast_rate,3,visual,letters,16,9,middle,Q,M,0.0,0,M,1.0,0,
2026-09-21T15:20:00,Christiane,free_recall,fast_rate,3,visual,letters,16,10,middle,I,N,1.0,0,N,1.0,0,
2026-09-21T15:20:00,Christiane,free_recall,fast_rate,3,visual,letters,16,11,middle,R,A,0.0,0,A,1.0,0,
2026-09-21T15:20:00,Christiane,free_recall,fast_rate,3,visual,letters,16,12,end,M,C,1.0,0,C,1.0,0,
2026-09-21T15:20:00,Christiane,free_recall,fast_rate,3,visual,letters,16,13,end,N,S,0.5,0,S,1.0,0,
2026-09-21T15:20:00,Christiane,free_recall,fast_rate,3,visual,letters,16,14,end,Z,T,0.0,0,T,1.0,0,
2026-09-21T15:20:00,Christiane,free_recall,fast_rate,3,visual,letters,16,15,end,C,L,1.0,0,L,1.0,0,
2026-09-21T15:20:00,Christiane,free_recall,fast_rate,3,visual,letters,16,16,end,B,,1.0,0,,1.0,0,
2026-09-21T15:23:00,Christiane,free_recall,working_memory,1,visual,letters,16,1,start,F,P,0.0,0,P,3.0,0,
2026-09-21T15:23:00,Christiane,free_recall,working_memory,1,visual,letters,16,2,start,L,J,1.0,0,J,3.0,0,
2026-09-21T15:23:00,Christiane,free_recall,working_memory,1,visual,letters,16,3,start,X,V,1.0,0,V,3.0,0,
2026-09-21T15:23:00,Christiane,free_recall,working_memory,1,visual,letters,16,4,start,A,Y,1.0,0,Y,3.0,0,
2026-09-21T15:23:00,Christiane,free_recall,working_memory,1,visual,letters,16,5,start,O,L,0.0,0,L,3.0,0,
2026-09-21T15:23:00,Christiane,free_recall,working_memory,1,visual,letters,16,6,start,B,X,1.0,0,X,3.0,0,
2026-09-21T15:23:00,Christiane,free_recall,working_memory,1,visual,letters,16,7,middle,H,S,0.666667,0,S,3.0,0,
2026-09-21T15:23:00,Christiane,free_recall,working_memory,1,visual,letters,16,8,middle,H,A,0.666667,0,A,3.0,0,
2026-09-21T15:23:00,Christiane,free_recall,working_memory,1,visual,letters,16,9,middle,V,B,1.0,0,B,3.0,0,
2026-09-21T15:23:00,Christiane,free_recall,working_memory,1,visual,letters,16,10,middle,Y,N,1.0,0,N,3.0,0,
2026-09-21T15:23:00,Christiane,free_recall,working_memory,1,visual,letters,16,11,middle,F,Z,0.0,0,Z,3.0,0,
2026-09-21T15:23:00,Christiane,free_recall,working_memory,1,visual,letters,16,12,end,P,H,1.0,0,H,3.0,0,
2026-09-21T15:23:00,Christiane,free_recall,working_memory,1,visual,letters,16,13,end,J,H,1.0,0,H,3.0,0,
2026-09-21T15:23:00,Christiane,free_recall,working_memory,1,visual,letters,16,14,end,M,,0.0,0,,3.0,0,
2026-09-21T15:23:00,Christiane,free_recall,working_memory,1,visual,letters,16,15,end,N,,1.0,0,,3.0,0,
2026-09-21T15:23:00,Christiane,free_recall,working_memory,1,visual,letters,16,16,end,H,,0.666667,0,,3.0,0,
2026-09-21T15:25:23,Christiane,free_recall,working_memory,2,visual,letters,16,1,start,I,L,0.0,0,L,3.0,0,
2026-09-21T15:25:23,Christiane,free_recall,working_memory,2,visual,letters,16,2,start,Y,X,1.0,0,X,3.0,0,
2026-09-21T15:25:23,Christiane,free_recall,working_memory,2,visual,letters,16,3,start,C,X,1.0,0,X,3.0,0,
2026-09-21T15:25:23,Christiane,free_recall,working_memory,2,visual,letters,16,4,start,D,Y,0.0,0,Y,3.0,0,
2026-09-21T15:25:23,Christiane,free_recall,working_memory,2,visual,letters,16,5,start,X,A,1.0,0,A,3.0,0,
2026-09-21T15:25:23,Christiane,free_recall,working_memory,2,visual,letters,16,6,start,D,Z,0.0,0,Z,3.0,0,
2026-09-21T15:25:23,Christiane,free_recall,working_memory,2,visual,letters,16,7,middle,X,J,1.0,0,J,3.0,0,
2026-09-21T15:25:23,Christiane,free_recall,working_memory,2,visual,letters,16,8,middle,Z,J,1.0,0,J,3.0,0,
2026-09-21T15:25:23,Christiane,free_recall,working_memory,2,visual,letters,16,9,middle,Z,O,1.0,0,O,3.0,0,
2026-09-21T15:25:23,Christiane,free_recall,working_memory,2,visual,letters,16,10,middle,V,V,1.0,1,,3.0,0,
2026-09-21T15:25:23,Christiane,free_recall,working_memory,2,visual,letters,16,11,middle,J,Z,1.0,0,Z,3.0,0,
2026-09-21T15:25:23,Christiane,free_recall,working_memory,2,visual,letters,16,12,end,J,J,1.0,1,,3.0,0,
2026-09-21T15:25:23,Christiane,free_recall,working_memory,2,visual,letters,16,13,end,N,H,0.0,0,H,3.0,0,
2026-09-21T15:25:23,Christiane,free_recall,working_memory,2,visual,letters,16,14,end,B,B,1.0,1,,3.0,0,
2026-09-21T15:25:23,Christiane,free_recall,working_memory,2,visual,letters,16,15,end,L,C,1.0,0,C,3.0,0,
2026-09-21T15:25:23,Christiane,free_recall,working_memory,2,visual,letters,16,16,end,O,K,1.0,0,K,3.0,0,
2026-09-21T15:27:39,Christiane,free_recall,working_memory,3,visual,letters,16,1,start,S,C,1.0,0,C,3.0,0,
2026-09-21T15:27:39,Christiane,free_recall,working_memory,3,visual,letters,16,2,start,E,V,1.0,0,V,3.0,0,
2026-09-21T15:27:39,Christiane,free_recall,working_memory,3,visual,letters,16,3,start,R,M,1.0,0,M,3.0,0,
2026-09-21T15:27:39,Christiane,free_recall,working_memory,3,visual,letters,16,4,start,M,M,1.0,1,,3.0,0,
2026-09-21T15:27:39,Christiane,free_recall,working_memory,3,visual,letters,16,5,start,M,M,1.0,1,,3.0,0,
2026-09-21T15:27:39,Christiane,free_recall,working_memory,3,visual,letters,16,6,start,Y,S,1.0,0,S,3.0,0,
2026-09-21T15:27:39,Christiane,free_recall,working_memory,3,visual,letters,16,7,middle,N,E,0.0,0,E,3.0,0,
2026-09-21T15:27:39,Christiane,free_recall,working_memory,3,visual,letters,16,8,middle,G,I,1.0,0,I,3.0,0,
2026-09-21T15:27:39,Christiane,free_recall,working_memory,3,visual,letters,16,9,middle,Y,B,1.0,0,B,3.0,0,
2026-09-21T15:27:39,Christiane,free_recall,working_memory,3,visual,letters,16,10,middle,T,G,0.0,0,G,3.0,0,
2026-09-21T15:27:39,Christiane,free_recall,working_memory,3,visual,letters,16,11,middle,I,Y,1.0,0,Y,3.0,0,
2026-09-21T15:27:39,Christiane,free_recall,working_memory,3,visual,letters,16,12,end,V,Y,1.0,0,Y,3.0,0,
2026-09-21T15:27:39,Christiane,free_recall,working_memory,3,visual,letters,16,13,end,C,R,1.0,0,R,3.0,0,
2026-09-21T15:27:39,Christiane,free_recall,working_memory,3,visual,letters,16,14,end,M,,1.0,0,,3.0,0,
2026-09-21T15:27:39,Christiane,free_recall,working_memory,3,visual,letters,16,15,end,B,,1.0,0,,3.0,0,
2026-09-21T15:27:39,Christiane,free_recall,working_memory,3,visual,letters,16,16,end,L,,0.0,0,,3.0,0,
2026-09-21T15:28:19,Christiane,serial_recall,capacity_n4,1,visual,letters,4,1,start,L,L,1.0,1,,3.0,0,
2026-09-21T15:28:19,Christiane,serial_recall,capacity_n4,1,visual,letters,4,2,start,W,W,1.0,1,,3.0,0,
2026-09-21T15:28:19,Christiane,serial_recall,capacity_n4,1,visual,letters,4,3,middle,E,E,1.0,1,,3.0,0,
2026-09-21T15:28:19,Christiane,serial_recall,capacity_n4,1,visual,letters,4,4,end,J,J,1.0,1,,3.0,0,
2026-09-21T15:28:50,Christiane,serial_recall,capacity_n4,2,visual,letters,4,1,start,A,A,1.0,1,,3.0,0,
2026-09-21T15:28:50,Christiane,serial_recall,capacity_n4,2,visual,letters,4,2,start,N,N,1.0,1,,3.0,0,
2026-09-21T15:28:50,Christiane,serial_recall,capacity_n4,2,visual,letters,4,3,middle,M,T,1.0,0,T,3.0,0,
2026-09-21T15:28:50,Christiane,serial_recall,capacity_n4,2,visual,letters,4,4,end,T,M,1.0,0,M,3.0,0,
2026-09-21T15:29:18,Christiane,serial_recall,capacity_n4,3,visual,letters,4,1,start,C,L,0.0,0,L,3.0,0,
2026-09-21T15:29:18,Christiane,serial_recall,capacity_n4,3,visual,letters,4,2,start,T,T,1.0,1,,3.0,0,
2026-09-21T15:29:18,Christiane,serial_recall,capacity_n4,3,visual,letters,4,3,middle,U,U,1.0,1,,3.0,0,
2026-09-21T15:29:18,Christiane,serial_recall,capacity_n4,3,visual,letters,4,4,end,S,S,1.0,1,,3.0,0,
2026-09-21T15:29:36,Christiane,serial_recall,capacity_n4,4,visual,letters,4,1,start,T,T,1.0,1,,3.0,0,
2026-09-21T15:29:36,Christiane,serial_recall,capacity_n4,4,visual,letters,4,2,start,N,N,1.0,1,,3.0,0,
2026-09-21T15:29:36,Christiane,serial_recall,capacity_n4,4,visual,letters,4,3,middle,T,T,1.0,1,,3.0,0,
2026-09-21T15:29:36,Christiane,serial_recall,capacity_n4,4,visual,letters,4,4,end,T,T,1.0,1,,3.0,0,
2026-09-21T15:29:54,Christiane,serial_recall,capacity_n4,5,visual,letters,4,1,start,M,M,1.0,1,,3.0,0,
2026-09-21T15:29:54,Christiane,serial_recall,capacity_n4,5,visual,letters,4,2,start,E,E,1.0,1,,3.0,0,
2026-09-21T15:29:54,Christiane,serial_recall,capacity_n4,5,visual,letters,4,3,middle,S,S,1.0,1,,3.0,0,
2026-09-21T15:29:54,Christiane,serial_recall,capacity_n4,5,visual,letters,4,4,end,J,J,1.0,1,,3.0,0,
2026-09-21T15:30:11,Christiane,serial_recall,capacity_n4,6,visual,letters,4,1,start,H,H,1.0,1,,3.0,0,
2026-09-21T15:30:11,Christiane,serial_recall,capacity_n4,6,visual,letters,4,2,start,Z,Z,1.0,1,,3.0,0,
2026-09-21T15:30:11,Christiane,serial_recall,capacity_n4,6,visual,letters,4,3,middle,V,V,1.0,1,,3.0,0,
2026-09-21T15:30:11,Christiane,serial_recall,capacity_n4,6,visual,letters,4,4,end,Y,Y,1.0,1,,3.0,0,
2026-09-21T15:30:34,Christiane,serial_recall,capacity_n5,7,visual,letters,5,1,start,H,H,1.0,1,,3.0,0,
2026-09-21T15:30:34,Christiane,serial_recall,capacity_n5,7,visual,letters,5,2,start,W,W,1.0,1,,3.0,0,
2026-09-21T15:30:34,Christiane,serial_recall,capacity_n5,7,visual,letters,5,3,middle,C,C,1.0,1,,3.0,0,
2026-09-21T15:30:34,Christiane,serial_recall,capacity_n5,7,visual,letters,5,4,middle,Z,Z,1.0,1,,3.0,0,
2026-09-21T15:30:34,Christiane,serial_recall,capacity_n5,7,visual,letters,5,5,end,B,B,1.0,1,,3.0,0,
2026-09-21T15:30:55,Christiane,serial_recall,capacity_n5,8,visual,letters,5,1,start,N,N,1.0,1,,3.0,0,
2026-09-21T15:30:55,Christiane,serial_recall,capacity_n5,8,visual,letters,5,2,start,F,F,1.0,1,,3.0,0,
2026-09-21T15:30:55,Christiane,serial_recall,capacity_n5,8,visual,letters,5,3,middle,E,E,1.0,1,,3.0,0,
2026-09-21T15:30:55,Christiane,serial_recall,capacity_n5,8,visual,letters,5,4,middle,N,N,1.0,1,,3.0,0,
2026-09-21T15:30:55,Christiane,serial_recall,capacity_n5,8,visual,letters,5,5,end,N,N,1.0,1,,3.0,0,
2026-09-21T15:31:16,Christiane,serial_recall,capacity_n5,9,visual,letters,5,1,start,Y,Y,1.0,1,,3.0,0,
2026-09-21T15:31:16,Christiane,serial_recall,capacity_n5,9,visual,letters,5,2,start,E,E,1.0,1,,3.0,0,
2026-09-21T15:31:16,Christiane,serial_recall,capacity_n5,9,visual,letters,5,3,middle,S,S,1.0,1,,3.0,0,
2026-09-21T15:31:16,Christiane,serial_recall,capacity_n5,9,visual,letters,5,4,middle,F,F,1.0,1,,3.0,0,
2026-09-21T15:31:16,Christiane,serial_recall,capacity_n5,9,visual,letters,5,5,end,D,D,1.0,1,,3.0,0,
2026-09-21T15:31:37,Christiane,serial_recall,capacity_n5,10,visual,letters,5,1,start,C,C,1.0,1,,3.0,0,
2026-09-21T15:31:37,Christiane,serial_recall,capacity_n5,10,visual,letters,5,2,start,O,O,1.0,1,,3.0,0,
2026-09-21T15:31:37,Christiane,serial_recall,capacity_n5,10,visual,letters,5,3,middle,N,N,1.0,1,,3.0,0,
2026-09-21T15:31:37,Christiane,serial_recall,capacity_n5,10,visual,letters,5,4,middle,G,G,1.0,1,,3.0,0,
2026-09-21T15:31:37,Christiane,serial_recall,capacity_n5,10,visual,letters,5,5,end,X,X,1.0,1,,3.0,0,
2026-09-21T15:32:03,Christiane,serial_recall,capacity_n5,11,visual,letters,5,1,start,H,H,1.0,1,,3.0,0,
2026-09-21T15:32:03,Christiane,serial_recall,capacity_n5,11,visual,letters,5,2,start,B,B,1.0,1,,3.0,0,
2026-09-21T15:32:03,Christiane,serial_recall,capacity_n5,11,visual,letters,5,3,middle,H,H,1.0,1,,3.0,0,
2026-09-21T15:32:03,Christiane,serial_recall,capacity_n5,11,visual,letters,5,4,middle,I,I,1.0,1,,3.0,0,
2026-09-21T15:32:03,Christiane,serial_recall,capacity_n5,11,visual,letters,5,5,end,M,M,1.0,1,,3.0,0,
2026-09-21T15:32:27,Christiane,serial_recall,capacity_n5,12,visual,letters,5,1,start,N,N,1.0,1,,3.0,0,
2026-09-21T15:32:27,Christiane,serial_recall,capacity_n5,12,visual,letters,5,2,start,K,K,0.5,1,,3.0,0,
2026-09-21T15:32:27,Christiane,serial_recall,capacity_n5,12,visual,letters,5,3,middle,K,E,0.5,0,E,3.0,0,
2026-09-21T15:32:27,Christiane,serial_recall,capacity_n5,12,visual,letters,5,4,middle,O,O,1.0,1,,3.0,0,
2026-09-21T15:32:27,Christiane,serial_recall,capacity_n5,12,visual,letters,5,5,end,L,L,1.0,1,,3.0,0,
2026-09-21T15:33:01,Christiane,serial_recall,capacity_n6,13,visual,letters,6,1,start,S,S,1.0,1,,3.0,0,
2026-09-21T15:33:01,Christiane,serial_recall,capacity_n6,13,visual,letters,6,2,start,R,R,1.0,1,,3.0,0,
2026-09-21T15:33:01,Christiane,serial_recall,capacity_n6,13,visual,letters,6,3,middle,H,H,1.0,1,,3.0,0,
2026-09-21T15:33:01,Christiane,serial_recall,capacity_n6,13,visual,letters,6,4,middle,X,Z,0.0,0,Z,3.0,0,
2026-09-21T15:33:01,Christiane,serial_recall,capacity_n6,13,visual,letters,6,5,end,O,O,1.0,1,,3.0,0,
2026-09-21T15:33:01,Christiane,serial_recall,capacity_n6,13,visual,letters,6,6,end,E,E,1.0,1,,3.0,0,
2026-09-21T15:33:29,Christiane,serial_recall,capacity_n6,14,visual,letters,6,1,start,A,A,1.0,1,,3.0,0,
2026-09-21T15:33:29,Christiane,serial_recall,capacity_n6,14,visual,letters,6,2,start,Z,Z,1.0,1,,3.0,0,
2026-09-21T15:33:29,Christiane,serial_recall,capacity_n6,14,visual,letters,6,3,middle,K,K,1.0,1,,3.0,0,
2026-09-21T15:33:29,Christiane,serial_recall,capacity_n6,14,visual,letters,6,4,middle,J,J,1.0,1,,3.0,0,
2026-09-21T15:33:29,Christiane,serial_recall,capacity_n6,14,visual,letters,6,5,end,T,T,1.0,1,,3.0,0,
2026-09-21T15:33:29,Christiane,serial_recall,capacity_n6,14,visual,letters,6,6,end,M,M,1.0,1,,3.0,0,
2026-09-21T15:34:01,Christiane,serial_recall,capacity_n6,15,visual,letters,6,1,start,W,X,0.0,0,X,3.0,0,
2026-09-21T15:34:01,Christiane,serial_recall,capacity_n6,15,visual,letters,6,2,start,Y,X,0.0,0,X,3.0,0,
2026-09-21T15:34:01,Christiane,serial_recall,capacity_n6,15,visual,letters,6,3,middle,K,X,1.0,0,X,3.0,0,
2026-09-21T15:34:01,Christiane,serial_recall,capacity_n6,15,visual,letters,6,4,middle,Z,J,0.0,0,J,3.0,0,
2026-09-21T15:34:01,Christiane,serial_recall,capacity_n6,15,visual,letters,6,5,end,J,K,1.0,0,K,3.0,0,
2026-09-21T15:34:01,Christiane,serial_recall,capacity_n6,15,visual,letters,6,6,end,L,L,1.0,1,,3.0,0,
2026-09-21T15:34:35,Christiane,serial_recall,capacity_n6,16,visual,letters,6,1,start,U,U,1.0,1,,3.0,0,
2026-09-21T15:34:35,Christiane,serial_recall,capacity_n6,16,visual,letters,6,2,start,C,N,1.0,0,N,3.0,0,
2026-09-21T15:34:35,Christiane,serial_recall,capacity_n6,16,visual,letters,6,3,middle,N,Y,1.0,0,Y,3.0,0,
2026-09-21T15:34:35,Christiane,serial_recall,capacity_n6,16,visual,letters,6,4,middle,Y,O,1.0,0,O,3.0,0,
2026-09-21T15:34:35,Christiane,serial_recall,capacity_n6,16,visual,letters,6,5,end,O,C,1.0,0,C,3.0,0,
2026-09-21T15:34:35,Christiane,serial_recall,capacity_n6,16,visual,letters,6,6,end,B,B,1.0,1,,3.0,0,
2026-09-21T15:35:01,Christiane,serial_recall,capacity_n6,17,visual,letters,6,1,start,R,R,1.0,1,,3.0,0,
2026-09-21T15:35:01,Christiane,serial_recall,capacity_n6,17,visual,letters,6,2,start,W,W,1.0,1,,3.0,0,
2026-09-21T15:35:01,Christiane,serial_recall,capacity_n6,17,visual,letters,6,3,middle,K,K,1.0,1,,3.0,0,
2026-09-21T15:35:01,Christiane,serial_recall,capacity_n6,17,visual,letters,6,4,middle,F,F,1.0,1,,3.0,0,
2026-09-21T15:35:01,Christiane,serial_recall,capacity_n6,17,visual,letters,6,5,end,X,X,1.0,1,,3.0,0,
2026-09-21T15:35:01,Christiane,serial_recall,capacity_n6,17,visual,letters,6,6,end,X,X,1.0,1,,3.0,0,
2026-09-21T15:35:28,Christiane,serial_recall,capacity_n6,18,visual,letters,6,1,start,G,G,1.0,1,,3.0,0,
2026-09-21T15:35:28,Christiane,serial_recall,capacity_n6,18,visual,letters,6,2,start,Q,Q,1.0,1,,3.0,0,
2026-09-21T15:35:28,Christiane,serial_recall,capacity_n6,18,visual,letters,6,3,middle,J,J,1.0,1,,3.0,0,
2026-09-21T15:35:28,Christiane,serial_recall,capacity_n6,18,visual,letters,6,4,middle,B,B,1.0,1,,3.0,0,
2026-09-21T15:35:28,Christiane,serial_recall,capacity_n6,18,visual,letters,6,5,end,K,K,1.0,1,,3.0,0,
2026-09-21T15:35:28,Christiane,serial_recall,capacity_n6,18,visual,letters,6,6,end,Z,Z,1.0,1,,3.0,0,
2026-09-21T15:36:08,Christiane,serial_recall,capacity_n7,19,visual,letters,7,1,start,U,U,1.0,1,,3.0,0,
2026-09-21T15:36:08,Christiane,serial_recall,capacity_n7,19,visual,letters,7,2,start,A,A,1.0,1,,3.0,0,
2026-09-21T15:36:08,Christiane,serial_recall,capacity_n7,19,visual,letters,7,3,start,M,M,1.0,1,,3.0,0,
2026-09-21T15:36:08,Christiane,serial_recall,capacity_n7,19,visual,letters,7,4,middle,K,Z,1.0,0,Z,3.0,0,
2026-09-21T15:36:08,Christiane,serial_recall,capacity_n7,19,visual,letters,7,5,middle,R,R,1.0,1,,3.0,0,
2026-09-21T15:36:08,Christiane,serial_recall,capacity_n7,19,visual,letters,7,6,end,L,K,0.0,0,K,3.0,0,
2026-09-21T15:36:08,Christiane,serial_recall,capacity_n7,19,visual,letters,7,7,end,Z,Z,1.0,1,,3.0,0,
2026-09-21T15:36:56,Christiane,serial_recall,capacity_n7,20,visual,letters,7,1,start,O,O,1.0,1,,3.0,0,
2026-09-21T15:36:56,Christiane,serial_recall,capacity_n7,20,visual,letters,7,2,start,A,A,1.0,1,,3.0,0,
2026-09-21T15:36:56,Christiane,serial_recall,capacity_n7,20,visual,letters,7,3,start,J,J,1.0,1,,3.0,0,
2026-09-21T15:36:56,Christiane,serial_recall,capacity_n7,20,visual,letters,7,4,middle,H,R,1.0,0,R,3.0,0,
2026-09-21T15:36:56,Christiane,serial_recall,capacity_n7,20,visual,letters,7,5,middle,R,H,1.0,0,H,3.0,0,
2026-09-21T15:36:56,Christiane,serial_recall,capacity_n7,20,visual,letters,7,6,end,A,A,1.0,1,,3.0,0,
2026-09-21T15:36:56,Christiane,serial_recall,capacity_n7,20,visual,letters,7,7,end,P,P,1.0,1,,3.0,0,
2026-09-21T15:38:21,Christiane,serial_recall,capacity_n7,21,visual,letters,7,1,start,C,C,1.0,1,,3.0,0,
2026-09-21T15:38:21,Christiane,serial_recall,capacity_n7,21,visual,letters,7,2,start,C,C,1.0,1,,3.0,0,
2026-09-21T15:38:21,Christiane,serial_recall,capacity_n7,21,visual,letters,7,3,start,M,M,1.0,1,,3.0,0,
2026-09-21T15:38:21,Christiane,serial_recall,capacity_n7,21,visual,letters,7,4,middle,C,C,1.0,1,,3.0,0,
2026-09-21T15:38:21,Christiane,serial_recall,capacity_n7,21,visual,letters,7,5,middle,W,J,0.0,0,J,3.0,0,
2026-09-21T15:38:21,Christiane,serial_recall,capacity_n7,21,visual,letters,7,6,end,Z,Z,1.0,1,,3.0,0,
2026-09-21T15:38:21,Christiane,serial_recall,capacity_n7,21,visual,letters,7,7,end,J,C,1.0,0,C,3.0,0,
2026-09-21T15:38:52,Christiane,serial_recall,capacity_n7,22,visual,letters,7,1,start,E,E,1.0,1,,3.0,0,
2026-09-21T15:38:52,Christiane,serial_recall,capacity_n7,22,visual,letters,7,2,start,F,A,0.0,0,A,3.0,0,
2026-09-21T15:38:52,Christiane,serial_recall,capacity_n7,22,visual,letters,7,3,start,I,E,0.0,0,E,3.0,0,
2026-09-21T15:38:52,Christiane,serial_recall,capacity_n7,22,visual,letters,7,4,middle,E,L,1.0,0,L,3.0,0,
2026-09-21T15:38:52,Christiane,serial_recall,capacity_n7,22,visual,letters,7,5,middle,Y,,0.0,0,,3.0,0,
2026-09-21T15:38:52,Christiane,serial_recall,capacity_n7,22,visual,letters,7,6,end,A,,1.0,0,,3.0,0,
2026-09-21T15:38:52,Christiane,serial_recall,capacity_n7,22,visual,letters,7,7,end,L,,1.0,0,,3.0,0,
2026-09-21T15:39:29,Christiane,serial_recall,capacity_n7,23,visual,letters,7,1,start,T,T,1.0,1,,3.0,0,
2026-09-21T15:39:29,Christiane,serial_recall,capacity_n7,23,visual,letters,7,2,start,V,V,1.0,1,,3.0,0,
2026-09-21T15:39:29,Christiane,serial_recall,capacity_n7,23,visual,letters,7,3,start,R,A,1.0,0,A,3.0,0,
2026-09-21T15:39:29,Christiane,serial_recall,capacity_n7,23,visual,letters,7,4,middle,F,R,1.0,0,R,3.0,0,
2026-09-21T15:39:29,Christiane,serial_recall,capacity_n7,23,visual,letters,7,5,middle,Y,Y,1.0,1,,3.0,0,
2026-09-21T15:39:29,Christiane,serial_recall,capacity_n7,23,visual,letters,7,6,end,A,F,1.0,0,F,3.0,0,
2026-09-21T15:39:29,Christiane,serial_recall,capacity_n7,23,visual,letters,7,7,end,M,M,1.0,1,,3.0,0,
2026-09-21T15:39:58,Christiane,serial_recall,capacity_n7,24,visual,letters,7,1,start,M,M,1.0,1,,3.0,0,
2026-09-21T15:39:58,Christiane,serial_recall,capacity_n7,24,visual,letters,7,2,start,R,R,1.0,1,,3.0,0,
2026-09-21T15:39:58,Christiane,serial_recall,capacity_n7,24,visual,letters,7,3,start,O,O,1.0,1,,3.0,0,
2026-09-21T15:39:58,Christiane,serial_recall,capacity_n7,24,visual,letters,7,4,middle,L,L,1.0,1,,3.0,0,
2026-09-21T15:39:58,Christiane,serial_recall,capacity_n7,24,visual,letters,7,5,middle,T,T,1.0,1,,3.0,0,
2026-09-21T15:39:58,Christiane,serial_recall,capacity_n7,24,visual,letters,7,6,end,Z,Z,1.0,1,,3.0,0,
2026-09-21T15:39:58,Christiane,serial_recall,capacity_n7,24,visual,letters,7,7,end,I,I,1.0,1,,3.0,0,
2026-09-21T15:40:41,Christiane,serial_recall,capacity_n8,25,visual,letters,8,1,start,J,J,1.0,1,,3.0,0,
2026-09-21T15:40:41,Christiane,serial_recall,capacity_n8,25,visual,letters,8,2,start,W,W,1.0,1,,3.0,0,
2026-09-21T15:40:41,Christiane,serial_recall,capacity_n8,25,visual,letters,8,3,start,Z,Z,1.0,1,,3.0,0,
2026-09-21T15:40:41,Christiane,serial_recall,capacity_n8,25,visual,letters,8,4,middle,U,F,0.5,0,F,3.0,0,
2026-09-21T15:40:41,Christiane,serial_recall,capacity_n8,25,visual,letters,8,5,middle,F,C,1.0,0,C,3.0,0,
2026-09-21T15:40:41,Christiane,serial_recall,capacity_n8,25,visual,letters,8,6,middle,C,U,1.0,0,U,3.0,0,
2026-09-21T15:40:41,Christiane,serial_recall,capacity_n8,25,visual,letters,8,7,end,F,F,1.0,1,,3.0,0,
2026-09-21T15:40:41,Christiane,serial_recall,capacity_n8,25,visual,letters,8,8,end,U,Z,0.5,0,Z,3.0,0,
2026-09-21T15:41:15,Christiane,serial_recall,capacity_n8,26,visual,letters,8,1,start,M,M,1.0,1,,3.0,0,
2026-09-21T15:41:15,Christiane,serial_recall,capacity_n8,26,visual,letters,8,2,start,A,A,1.0,1,,3.0,0,
2026-09-21T15:41:15,Christiane,serial_recall,capacity_n8,26,visual,letters,8,3,start,M,M,1.0,1,,3.0,0,
2026-09-21T15:41:15,Christiane,serial_recall,capacity_n8,26,visual,letters,8,4,middle,D,D,1.0,1,,3.0,0,
2026-09-21T15:41:15,Christiane,serial_recall,capacity_n8,26,visual,letters,8,5,middle,L,L,1.0,1,,3.0,0,
2026-09-21T15:41:15,Christiane,serial_recall,capacity_n8,26,visual,letters,8,6,middle,C,C,1.0,1,,3.0,0,
2026-09-21T15:41:15,Christiane,serial_recall,capacity_n8,26,visual,letters,8,7,end,T,T,1.0,1,,3.0,0,
2026-09-21T15:41:15,Christiane,serial_recall,capacity_n8,26,visual,letters,8,8,end,T,T,1.0,1,,3.0,0,
2026-09-21T15:42:05,Christiane,serial_recall,capacity_n8,27,visual,letters,8,1,start,X,X,1.0,1,,3.0,0,
2026-09-21T15:42:05,Christiane,serial_recall,capacity_n8,27,visual,letters,8,2,start,P,P,1.0,1,,3.0,0,
2026-09-21T15:42:05,Christiane,serial_recall,capacity_n8,27,visual,letters,8,3,start,J,J,1.0,1,,3.0,0,
2026-09-21T15:42:05,Christiane,serial_recall,capacity_n8,27,visual,letters,8,4,middle,N,N,1.0,1,,3.0,0,
2026-09-21T15:42:05,Christiane,serial_recall,capacity_n8,27,visual,letters,8,5,middle,T,T,1.0,1,,3.0,0,
2026-09-21T15:42:05,Christiane,serial_recall,capacity_n8,27,visual,letters,8,6,middle,N,N,1.0,1,,3.0,0,
2026-09-21T15:42:05,Christiane,serial_recall,capacity_n8,27,visual,letters,8,7,end,Q,Q,1.0,1,,3.0,0,
2026-09-21T15:42:05,Christiane,serial_recall,capacity_n8,27,visual,letters,8,8,end,E,P,0.0,0,P,3.0,0,
2026-09-21T15:42:36,Christiane,serial_recall,capacity_n8,28,visual,letters,8,1,start,M,M,1.0,1,,3.0,0,
2026-09-21T15:42:36,Christiane,serial_recall,capacity_n8,28,visual,letters,8,2,start,E,E,1.0,1,,3.0,0,
2026-09-21T15:42:36,Christiane,serial_recall,capacity_n8,28,visual,letters,8,3,start,T,T,1.0,1,,3.0,0,
2026-09-21T15:42:36,Christiane,serial_recall,capacity_n8,28,visual,letters,8,4,middle,T,T,1.0,1,,3.0,0,
2026-09-21T15:42:36,Christiane,serial_recall,capacity_n8,28,visual,letters,8,5,middle,A,A,1.0,1,,3.0,0,
2026-09-21T15:42:36,Christiane,serial_recall,capacity_n8,28,visual,letters,8,6,middle,Z,Z,1.0,1,,3.0,0,
2026-09-21T15:42:36,Christiane,serial_recall,capacity_n8,28,visual,letters,8,7,end,V,V,1.0,1,,3.0,0,
2026-09-21T15:42:36,Christiane,serial_recall,capacity_n8,28,visual,letters,8,8,end,E,E,1.0,1,,3.0,0,
2026-09-21T15:43:12,Christiane,serial_recall,capacity_n8,29,visual,letters,8,1,start,V,V,1.0,1,,3.0,0,
2026-09-21T15:43:12,Christiane,serial_recall,capacity_n8,29,visual,letters,8,2,start,B,I,0.0,0,I,3.0,0,
2026-09-21T15:43:12,Christiane,serial_recall,capacity_n8,29,visual,letters,8,3,start,G,K,0.0,0,K,3.0,0,
2026-09-21T15:43:12,Christiane,serial_recall,capacity_n8,29,visual,letters,8,4,middle,D,P,0.0,0,P,3.0,0,
2026-09-21T15:43:12,Christiane,serial_recall,capacity_n8,29,visual,letters,8,5,middle,J,L,0.0,0,L,3.0,0,
2026-09-21T15:43:12,Christiane,serial_recall,capacity_n8,29,visual,letters,8,6,middle,K,M,1.0,0,M,3.0,0,
2026-09-21T15:43:12,Christiane,serial_recall,capacity_n8,29,visual,letters,8,7,end,I,N,1.0,0,N,3.0,0,
2026-09-21T15:43:12,Christiane,serial_recall,capacity_n8,29,visual,letters,8,8,end,A,A,1.0,1,,3.0,0,
2026-09-21T15:43:56,Christiane,serial_recall,capacity_n8,30,visual,letters,8,1,start,U,U,1.0,1,,3.0,0,
2026-09-21T15:43:56,Christiane,serial_recall,capacity_n8,30,visual,letters,8,2,start,S,S,1.0,1,,3.0,0,
2026-09-21T15:43:56,Christiane,serial_recall,capacity_n8,30,visual,letters,8,3,start,Y,Y,1.0,1,,3.0,0,
2026-09-21T15:43:56,Christiane,serial_recall,capacity_n8,30,visual,letters,8,4,middle,Z,Z,1.0,1,,3.0,0,
2026-09-21T15:43:56,Christiane,serial_recall,capacity_n8,30,visual,letters,8,5,middle,F,F,1.0,1,,3.0,0,
2026-09-21T15:43:56,Christiane,serial_recall,capacity_n8,30,visual,letters,8,6,middle,F,F,1.0,1,,3.0,0,
2026-09-21T15:43:56,Christiane,serial_recall,capacity_n8,30,visual,letters,8,7,end,T,T,1.0,1,,3.0,0,
2026-09-21T15:43:56,Christiane,serial_recall,capacity_n8,30,visual,letters,8,8,end,V,V,1.0,1,,3.0,0,
2026-09-21T15:44:36,Christiane,serial_recall,capacity_n9,31,visual,letters,9,1,start,K,K,1.0,1,,3.0,0,
2026-09-21T15:44:36,Christiane,serial_recall,capacity_n9,31,visual,letters,9,2,start,V,V,1.0,1,,3.0,0,
2026-09-21T15:44:36,Christiane,serial_recall,capacity_n9,31,visual,letters,9,3,start,U,U,1.0,1,,3.0,0,
2026-09-21T15:44:36,Christiane,serial_recall,capacity_n9,31,visual,letters,9,4,middle,I,I,1.0,1,,3.0,0,
2026-09-21T15:44:36,Christiane,serial_recall,capacity_n9,31,visual,letters,9,5,middle,B,B,1.0,1,,3.0,0,
2026-09-21T15:44:36,Christiane,serial_recall,capacity_n9,31,visual,letters,9,6,middle,Y,F,1.0,0,F,3.0,0,
2026-09-21T15:44:36,Christiane,serial_recall,capacity_n9,31,visual,letters,9,7,end,X,Y,0.0,0,Y,3.0,0,
2026-09-21T15:44:36,Christiane,serial_recall,capacity_n9,31,visual,letters,9,8,end,J,J,1.0,1,,3.0,0,
2026-09-21T15:44:36,Christiane,serial_recall,capacity_n9,31,visual,letters,9,9,end,Y,Y,1.0,1,,3.0,0,
2026-09-21T15:45:21,Christiane,serial_recall,capacity_n9,32,visual,letters,9,1,start,N,N,1.0,1,,3.0,0,
2026-09-21T15:45:21,Christiane,serial_recall,capacity_n9,32,visual,letters,9,2,start,B,M,1.0,0,M,3.0,0,
2026-09-21T15:45:21,Christiane,serial_recall,capacity_n9,32,visual,letters,9,3,start,M,B,1.0,0,B,3.0,0,
2026-09-21T15:45:21,Christiane,serial_recall,capacity_n9,32,visual,letters,9,4,middle,N,N,1.0,1,,3.0,0,
2026-09-21T15:45:21,Christiane,serial_recall,capacity_n9,32,visual,letters,9,5,middle,A,A,1.0,1,,3.0,0,
2026-09-21T15:45:21,Christiane,serial_recall,capacity_n9,32,visual,letters,9,6,middle,C,C,1.0,1,,3.0,0,
2026-09-21T15:45:21,Christiane,serial_recall,capacity_n9,32,visual,letters,9,7,end,N,M,1.0,0,M,3.0,0,
2026-09-21T15:45:21,Christiane,serial_recall,capacity_n9,32,visual,letters,9,8,end,M,N,1.0,0,N,3.0,0,
2026-09-21T15:45:21,Christiane,serial_recall,capacity_n9,32,visual,letters,9,9,end,G,G,1.0,1,,3.0,0,
2026-09-21T15:46:54,Christiane,serial_recall,capacity_n9,33,visual,letters,9,1,start,U,U,0.5,1,,3.0,0,
2026-09-21T15:46:54,Christiane,serial_recall,capacity_n9,33,visual,letters,9,2,start,Y,Y,1.0,1,,3.0,0,
2026-09-21T15:46:54,Christiane,serial_recall,capacity_n9,33,visual,letters,9,3,start,C,C,1.0,1,,3.0,0,
2026-09-21T15:46:54,Christiane,serial_recall,capacity_n9,33,visual,letters,9,4,middle,J,R,1.0,0,R,3.0,0,
2026-09-21T15:46:54,Christiane,serial_recall,capacity_n9,33,visual,letters,9,5,middle,U,R,0.5,0,R,3.0,0,
2026-09-21T15:46:54,Christiane,serial_recall,capacity_n9,33,visual,letters,9,6,middle,R,R,1.0,1,,3.0,0,
2026-09-21T15:46:54,Christiane,serial_recall,capacity_n9,33,visual,letters,9,7,end,R,J,1.0,0,J,3.0,0,
2026-09-21T15:46:54,Christiane,serial_recall,capacity_n9,33,visual,letters,9,8,end,T,T,1.0,1,,3.0,0,
2026-09-21T15:46:54,Christiane,serial_recall,capacity_n9,33,visual,letters,9,9,end,F,F,1.0,1,,3.0,0,
2026-09-21T15:47:41,Christiane,serial_recall,capacity_n9,34,visual,letters,9,1,start,N,V,0.0,0,V,3.0,0,
2026-09-21T15:47:41,Christiane,serial_recall,capacity_n9,34,visual,letters,9,2,start,C,C,1.0,1,,3.0,0,
2026-09-21T15:47:41,Christiane,serial_recall,capacity_n9,34,visual,letters,9,3,start,O,O,1.0,1,,3.0,0,
2026-09-21T15:47:41,Christiane,serial_recall,capacity_n9,34,visual,letters,9,4,middle,I,I,1.0,1,,3.0,0,
2026-09-21T15:47:41,Christiane,serial_recall,capacity_n9,34,visual,letters,9,5,middle,G,G,1.0,1,,3.0,0,
2026-09-21T15:47:41,Christiane,serial_recall,capacity_n9,34,visual,letters,9,6,middle,E,E,1.0,1,,3.0,0,
2026-09-21T15:47:41,Christiane,serial_recall,capacity_n9,34,visual,letters,9,7,end,Y,Y,1.0,1,,3.0,0,
2026-09-21T15:47:41,Christiane,serial_recall,capacity_n9,34,visual,letters,9,8,end,X,X,1.0,1,,3.0,0,
2026-09-21T15:47:41,Christiane,serial_recall,capacity_n9,34,visual,letters,9,9,end,D,D,1.0,1,,3.0,0,
2026-09-21T15:48:20,Christiane,serial_recall,capacity_n9,35,visual,letters,9,1,start,H,H,1.0,1,,3.0,0,
2026-09-21T15:48:20,Christiane,serial_recall,capacity_n9,35,visual,letters,9,2,start,S,S,1.0,1,,3.0,0,
2026-09-21T15:48:20,Christiane,serial_recall,capacity_n9,35,visual,letters,9,3,start,A,A,1.0,1,,3.0,0,
2026-09-21T15:48:20,Christiane,serial_recall,capacity_n9,35,visual,letters,9,4,middle,D,D,1.0,1,,3.0,0,
2026-09-21T15:48:20,Christiane,serial_recall,capacity_n9,35,visual,letters,9,5,middle,G,G,1.0,1,,3.0,0,
2026-09-21T15:48:20,Christiane,serial_recall,capacity_n9,35,visual,letters,9,6,middle,G,G,1.0,1,,3.0,0,
2026-09-21T15:48:20,Christiane,serial_recall,capacity_n9,35,visual,letters,9,7,end,O,O,1.0,1,,3.0,0,
2026-09-21T15:48:20,Christiane,serial_recall,capacity_n9,35,visual,letters,9,8,end,Q,Q,1.0,1,,3.0,0,
2026-09-21T15:48:20,Christiane,serial_recall,capacity_n9,35,visual,letters,9,9,end,G,G,1.0,1,,3.0,0,
2026-09-21T15:49:01,Christiane,serial_recall,capacity_n9,36,visual,letters,9,1,start,J,J,1.0,1,,3.0,0,
2026-09-21T15:49:01,Christiane,serial_recall,capacity_n9,36,visual,letters,9,2,start,B,B,1.0,1,,3.0,0,
2026-09-21T15:49:01,Christiane,serial_recall,capacity_n9,36,visual,letters,9,3,start,S,S,1.0,1,,3.0,0,
2026-09-21T15:49:01,Christiane,serial_recall,capacity_n9,36,visual,letters,9,4,middle,V,V,1.0,1,,3.0,0,
2026-09-21T15:49:01,Christiane,serial_recall,capacity_n9,36,visual,letters,9,5,middle,S,S,1.0,1,,3.0,0,
2026-09-21T15:49:01,Christiane,serial_recall,capacity_n9,36,visual,letters,9,6,middle,F,U,0.0,0,U,3.0,0,
2026-09-21T15:49:01,Christiane,serial_recall,capacity_n9,36,visual,letters,9,7,end,M,M,1.0,1,,3.0,0,
2026-09-21T15:49:01,Christiane,serial_recall,capacity_n9,36,visual,letters,9,8,end,U,U,1.0,1,,3.0,0,
2026-09-21T15:49:01,Christiane,serial_recall,capacity_n9,36,visual,letters,9,9,end,Q,Q,1.0,1,,3.0,0,
2026-09-21T15:49:54,Christiane,serial_recall,capacity_n10,37,visual,letters,10,1,start,Y,Y,1.0,1,,3.0,0,
2026-09-21T15:49:54,Christiane,serial_recall,capacity_n10,37,visual,letters,10,2,start,J,J,0.5,1,,3.0,0,
2026-09-21T15:49:54,Christiane,serial_recall,capacity_n10,37,visual,letters,10,3,start,I,I,1.0,1,,3.0,0,
2026-09-21T15:49:54,Christiane,serial_recall,capacity_n10,37,visual,letters,10,4,start,P,P,1.0,1,,3.0,0,
2026-09-21T15:49:54,Christiane,serial_recall,capacity_n10,37,visual,letters,10,5,middle,T,Q,0.5,0,Q,3.0,0,
2026-09-21T15:49:54,Christiane,serial_recall,capacity_n10,37,visual,letters,10,6,middle,J,I,0.5,0,I,3.0,0,
2026-09-21T15:49:54,Christiane,serial_recall,capacity_n10,37,visual,letters,10,7,middle,S,S,1.0,1,,3.0,0,
2026-09-21T15:49:54,Christiane,serial_recall,capacity_n10,37,visual,letters,10,8,end,T,T,0.5,1,,3.0,0,
2026-09-21T15:49:54,Christiane,serial_recall,capacity_n10,37,visual,letters,10,9,end,P,P,1.0,1,,3.0,0,
2026-09-21T15:49:54,Christiane,serial_recall,capacity_n10,37,visual,letters,10,10,end,O,S,0.0,0,S,3.0,0,
2026-09-21T15:50:32,Christiane,serial_recall,capacity_n10,38,visual,letters,10,1,start,F,F,1.0,1,,3.0,0,
2026-09-21T15:50:32,Christiane,serial_recall,capacity_n10,38,visual,letters,10,2,start,A,A,1.0,1,,3.0,0,
2026-09-21T15:50:32,Christiane,serial_recall,capacity_n10,38,visual,letters,10,3,start,R,R,1.0,1,,3.0,0,
2026-09-21T15:50:32,Christiane,serial_recall,capacity_n10,38,visual,letters,10,4,start,B,B,1.0,1,,3.0,0,
2026-09-21T15:50:32,Christiane,serial_recall,capacity_n10,38,visual,letters,10,5,middle,E,E,1.0,1,,3.0,0,
2026-09-21T15:50:32,Christiane,serial_recall,capacity_n10,38,visual,letters,10,6,middle,A,A,1.0,1,,3.0,0,
2026-09-21T15:50:32,Christiane,serial_recall,capacity_n10,38,visual,letters,10,7,middle,V,V,1.0,1,,3.0,0,
2026-09-21T15:50:32,Christiane,serial_recall,capacity_n10,38,visual,letters,10,8,end,Y,Y,1.0,1,,3.0,0,
2026-09-21T15:50:32,Christiane,serial_recall,capacity_n10,38,visual,letters,10,9,end,P,P,1.0,1,,3.0,0,
2026-09-21T15:50:32,Christiane,serial_recall,capacity_n10,38,visual,letters,10,10,end,N,N,1.0,1,,3.0,0,
2026-09-21T15:51:24,Christiane,serial_recall,capacity_n10,39,visual,letters,10,1,start,Z,Z,1.0,1,,3.0,0,
2026-09-21T15:51:24,Christiane,serial_recall,capacity_n10,39,visual,letters,10,2,start,G,B,1.0,0,B,3.0,0,
2026-09-21T15:51:24,Christiane,serial_recall,capacity_n10,39,visual,letters,10,3,start,D,D,1.0,1,,3.0,0,
2026-09-21T15:51:24,Christiane,serial_recall,capacity_n10,39,visual,letters,10,4,start,R,G,0.0,0,G,3.0,0,
2026-09-21T15:51:24,Christiane,serial_recall,capacity_n10,39,visual,letters,10,5,middle,U,U,1.0,1,,3.0,0,
2026-09-21T15:51:24,Christiane,serial_recall,capacity_n10,39,visual,letters,10,6,middle,H,H,1.0,1,,3.0,0,
2026-09-21T15:51:24,Christiane,serial_recall,capacity_n10,39,visual,letters,10,7,middle,M,M,1.0,1,,3.0,0,
2026-09-21T15:51:24,Christiane,serial_recall,capacity_n10,39,visual,letters,10,8,end,U,U,1.0,1,,3.0,0,
2026-09-21T15:51:24,Christiane,serial_recall,capacity_n10,39,visual,letters,10,9,end,S,S,1.0,1,,3.0,0,
2026-09-21T15:51:24,Christiane,serial_recall,capacity_n10,39,visual,letters,10,10,end,O,O,1.0,1,,3.0,0,
2026-09-21T15:52:18,Christiane,serial_recall,capacity_n10,40,visual,letters,10,1,start,M,M,1.0,1,,3.0,0,
2026-09-21T15:52:18,Christiane,serial_recall,capacity_n10,40,visual,letters,10,2,start,T,T,1.0,1,,3.0,0,
2026-09-21T15:52:18,Christiane,serial_recall,capacity_n10,40,visual,letters,10,3,start,V,V,1.0,1,,3.0,0,
2026-09-21T15:52:18,Christiane,serial_recall,capacity_n10,40,visual,letters,10,4,start,G,G,0.5,1,,3.0,0,
2026-09-21T15:52:18,Christiane,serial_recall,capacity_n10,40,visual,letters,10,5,middle,F,W,0.0,0,W,3.0,0,
2026-09-21T15:52:18,Christiane,serial_recall,capacity_n10,40,visual,letters,10,6,middle,G,A,0.5,0,A,3.0,0,
2026-09-21T15:52:18,Christiane,serial_recall,capacity_n10,40,visual,letters,10,7,middle,A,R,1.0,0,R,3.0,0,
2026-09-21T15:52:18,Christiane,serial_recall,capacity_n10,40,visual,letters,10,8,end,O,K,0.0,0,K,3.0,0,
2026-09-21T15:52:18,Christiane,serial_recall,capacity_n10,40,visual,letters,10,9,end,X,X,1.0,1,,3.0,0,
2026-09-21T15:52:18,Christiane,serial_recall,capacity_n10,40,visual,letters,10,10,end,A,A,1.0,1,,3.0,0,
2026-09-21T15:53:05,Christiane,serial_recall,capacity_n10,41,visual,letters,10,1,start,M,M,1.0,1,,3.0,0,
2026-09-21T15:53:05,Christiane,serial_recall,capacity_n10,41,visual,letters,10,2,start,H,H,1.0,1,,3.0,0,
2026-09-21T15:53:05,Christiane,serial_recall,capacity_n10,41,visual,letters,10,3,start,F,F,1.0,1,,3.0,0,
2026-09-21T15:53:05,Christiane,serial_recall,capacity_n10,41,visual,letters,10,4,start,Y,Y,1.0,1,,3.0,0,
2026-09-21T15:53:05,Christiane,serial_recall,capacity_n10,41,visual,letters,10,5,middle,Z,Z,1.0,1,,3.0,0,
2026-09-21T15:53:05,Christiane,serial_recall,capacity_n10,41,visual,letters,10,6,middle,G,G,1.0,1,,3.0,0,
2026-09-21T15:53:05,Christiane,serial_recall,capacity_n10,41,visual,letters,10,7,middle,A,A,1.0,1,,3.0,0,
2026-09-21T15:53:05,Christiane,serial_recall,capacity_n10,41,visual,letters,10,8,end,N,N,1.0,1,,3.0,0,
2026-09-21T15:53:05,Christiane,serial_recall,capacity_n10,41,visual,letters,10,9,end,Q,Q,1.0,1,,3.0,0,
2026-09-21T15:53:05,Christiane,serial_recall,capacity_n10,41,visual,letters,10,10,end,X,X,1.0,1,,3.0,0,
2026-09-21T15:53:47,Christiane,serial_recall,capacity_n10,42,visual,letters,10,1,start,M,M,1.0,1,,3.0,0,
2026-09-21T15:53:47,Christiane,serial_recall,capacity_n10,42,visual,letters,10,2,start,V,V,1.0,1,,3.0,0,
2026-09-21T15:53:47,Christiane,serial_recall,capacity_n10,42,visual,letters,10,3,start,F,F,1.0,1,,3.0,0,
2026-09-21T15:53:47,Christiane,serial_recall,capacity_n10,42,visual,letters,10,4,start,A,A,1.0,1,,3.0,0,
2026-09-21T15:53:47,Christiane,serial_recall,capacity_n10,42,visual,letters,10,5,middle,O,O,1.0,1,,3.0,0,
2026-09-21T15:53:47,Christiane,serial_recall,capacity_n10,42,visual,letters,10,6,middle,J,J,1.0,1,,3.0,0,
2026-09-21T15:53:47,Christiane,serial_recall,capacity_n10,42,visual,letters,10,7,middle,R,R,1.0,1,,3.0,0,
2026-09-21T15:53:47,Christiane,serial_recall,capacity_n10,42,visual,letters,10,8,end,K,K,1.0,1,,3.0,0,
2026-09-21T15:53:47,Christiane,serial_recall,capacity_n10,42,visual,letters,10,9,end,F,F,1.0,1,,3.0,0,
2026-09-21T15:53:47,Christiane,serial_recall,capacity_n10,42,visual,letters,10,10,end,I,I,1.0,1,,3.0,0,
2026-09-21T15:54:40,Christiane,serial_recall,capacity_n10,43,visual,letters,10,1,start,P,P,1.0,1,,3.0,0,
2026-09-21T15:54:40,Christiane,serial_recall,capacity_n10,43,visual,letters,10,2,start,L,L,1.0,1,,3.0,0,
2026-09-21T15:54:40,Christiane,serial_recall,capacity_n10,43,visual,letters,10,3,start,V,V,1.0,1,,3.0,0,
2026-09-21T15:54:40,Christiane,serial_recall,capacity_n10,43,visual,letters,10,4,start,E,E,1.0,1,,3.0,0,
2026-09-21T15:54:40,Christiane,serial_recall,capacity_n10,43,visual,letters,10,5,middle,E,E,1.0,1,,3.0,0,
2026-09-21T15:54:40,Christiane,serial_recall,capacity_n10,43,visual,letters,10,6,middle,U,S,1.0,0,S,3.0,0,
2026-09-21T15:54:40,Christiane,serial_recall,capacity_n10,43,visual,letters,10,7,middle,S,S,1.0,1,,3.0,0,
2026-09-21T15:54:40,Christiane,serial_recall,capacity_n10,43,visual,letters,10,8,end,H,H,1.0,1,,3.0,0,
2026-09-21T15:54:40,Christiane,serial_recall,capacity_n10,43,visual,letters,10,9,end,R,R,1.0,1,,3.0,0,
2026-09-21T15:54:40,Christiane,serial_recall,capacity_n10,43,visual,letters,10,10,end,O,U,0.0,0,U,3.0,0,
2026-09-21T15:55:21,Christiane,serial_recall,capacity_n10,44,visual,letters,10,1,start,J,M,0.0,0,M,3.0,0,
2026-09-21T15:55:21,Christiane,serial_recall,capacity_n10,44,visual,letters,10,2,start,I,K,0.0,0,K,3.0,0,
2026-09-21T15:55:21,Christiane,serial_recall,capacity_n10,44,visual,letters,10,3,start,K,S,1.0,0,S,3.0,0,
2026-09-21T15:55:21,Christiane,serial_recall,capacity_n10,44,visual,letters,10,4,start,V,P,0.0,0,P,3.0,0,
2026-09-21T15:55:21,Christiane,serial_recall,capacity_n10,44,visual,letters,10,5,middle,A,L,1.0,0,L,3.0,0,
2026-09-21T15:55:21,Christiane,serial_recall,capacity_n10,44,visual,letters,10,6,middle,C,E,0.5,0,E,3.0,0,
2026-09-21T15:55:21,Christiane,serial_recall,capacity_n10,44,visual,letters,10,7,middle,C,A,0.5,0,A,3.0,0,
2026-09-21T15:55:21,Christiane,serial_recall,capacity_n10,44,visual,letters,10,8,end,P,C,1.0,0,C,3.0,0,
2026-09-21T15:55:21,Christiane,serial_recall,capacity_n10,44,visual,letters,10,9,end,V,L,0.0,0,L,3.0,0,
2026-09-21T15:55:21,Christiane,serial_recall,capacity_n10,44,visual,letters,10,10,end,L,P,1.0,0,P,3.0,0,
2026-09-21T15:56:18,Christiane,serial_recall,capacity_n11,45,visual,letters,11,1,start,H,H,1.0,1,,3.0,0,
2026-09-21T15:56:18,Christiane,serial_recall,capacity_n11,45,visual,letters,11,2,start,L,L,1.0,1,,3.0,0,
2026-09-21T15:56:18,Christiane,serial_recall,capacity_n11,45,visual,letters,11,3,start,K,K,0.5,1,,3.0,0,
2026-09-21T15:56:18,Christiane,serial_recall,capacity_n11,45,visual,letters,11,4,start,P,P,1.0,1,,3.0,0,
2026-09-21T15:56:18,Christiane,serial_recall,capacity_n11,45,visual,letters,11,5,middle,A,W,0.0,0,W,3.0,0,
2026-09-21T15:56:18,Christiane,serial_recall,capacity_n11,45,visual,letters,11,6,middle,K,E,0.5,0,E,3.0,0,
2026-09-21T15:56:18,Christiane,serial_recall,capacity_n11,45,visual,letters,11,7,middle,Z,L,0.5,0,L,3.0,0,
2026-09-21T15:56:18,Christiane,serial_recall,capacity_n11,45,visual,letters,11,8,middle,J,P,0.0,0,P,3.0,0,
2026-09-21T15:56:18,Christiane,serial_recall,capacity_n11,45,visual,letters,11,9,end,E,E,1.0,1,,3.0,0,
2026-09-21T15:56:18,Christiane,serial_recall,capacity_n11,45,visual,letters,11,10,end,Z,Z,0.5,1,,3.0,0,
2026-09-21T15:56:18,Christiane,serial_recall,capacity_n11,45,visual,letters,11,11,end,V,E,0.0,0,E,3.0,0,
2026-09-21T15:57:14,Christiane,serial_recall,capacity_n11,46,visual,letters,11,1,start,O,O,1.0,1,,3.0,0,
2026-09-21T15:57:14,Christiane,serial_recall,capacity_n11,46,visual,letters,11,2,start,L,L,1.0,1,,3.0,0,
2026-09-21T15:57:14,Christiane,serial_recall,capacity_n11,46,visual,letters,11,3,start,Y,W,0.0,0,W,3.0,0,
2026-09-21T15:57:14,Christiane,serial_recall,capacity_n11,46,visual,letters,11,4,start,W,V,1.0,0,V,3.0,0,
2026-09-21T15:57:14,Christiane,serial_recall,capacity_n11,46,visual,letters,11,5,middle,V,I,1.0,0,I,3.0,0,
2026-09-21T15:57:14,Christiane,serial_recall,capacity_n11,46,visual,letters,11,6,middle,O,O,1.0,1,,3.0,0,
2026-09-21T15:57:14,Christiane,serial_recall,capacity_n11,46,visual,letters,11,7,middle,I,I,1.0,1,,3.0,0,
2026-09-21T15:57:14,Christiane,serial_recall,capacity_n11,46,visual,letters,11,8,middle,O,O,1.0,1,,3.0,0,
2026-09-21T15:57:14,Christiane,serial_recall,capacity_n11,46,visual,letters,11,9,end,U,U,1.0,1,,3.0,0,
2026-09-21T15:57:14,Christiane,serial_recall,capacity_n11,46,visual,letters,11,10,end,D,D,1.0,1,,3.0,0,
2026-09-21T15:57:14,Christiane,serial_recall,capacity_n11,46,visual,letters,11,11,end,C,C,1.0,1,,3.0,0,
2026-09-21T15:58:03,Christiane,serial_recall,capacity_n11,47,visual,letters,11,1,start,O,O,1.0,1,,3.0,0,
2026-09-21T15:58:03,Christiane,serial_recall,capacity_n11,47,visual,letters,11,2,start,N,N,1.0,1,,3.0,0,
2026-09-21T15:58:03,Christiane,serial_recall,capacity_n11,47,visual,letters,11,3,start,K,K,1.0,1,,3.0,0,
2026-09-21T15:58:03,Christiane,serial_recall,capacity_n11,47,visual,letters,11,4,start,L,L,1.0,1,,3.0,0,
2026-09-21T15:58:03,Christiane,serial_recall,capacity_n11,47,visual,letters,11,5,middle,S,S,1.0,1,,3.0,0,
2026-09-21T15:58:03,Christiane,serial_recall,capacity_n11,47,visual,letters,11,6,middle,D,D,1.0,1,,3.0,0,
2026-09-21T15:58:03,Christiane,serial_recall,capacity_n11,47,visual,letters,11,7,middle,S,S,1.0,1,,3.0,0,
2026-09-21T15:58:03,Christiane,serial_recall,capacity_n11,47,visual,letters,11,8,middle,M,M,1.0,1,,3.0,0,
2026-09-21T15:58:03,Christiane,serial_recall,capacity_n11,47,visual,letters,11,9,end,K,K,1.0,1,,3.0,0,
2026-09-21T15:58:03,Christiane,serial_recall,capacity_n11,47,visual,letters,11,10,end,O,O,1.0,1,,3.0,0,
2026-09-21T15:58:03,Christiane,serial_recall,capacity_n11,47,visual,letters,11,11,end,N,N,1.0,1,,3.0,0,
2026-09-21T15:58:58,Christiane,serial_recall,capacity_n11,48,visual,letters,11,1,start,J,J,1.0,1,,3.0,0,
2026-09-21T15:58:58,Christiane,serial_recall,capacity_n11,48,visual,letters,11,2,start,Y,Y,1.0,1,,3.0,0,
2026-09-21T15:58:58,Christiane,serial_recall,capacity_n11,48,visual,letters,11,3,start,M,M,1.0,1,,3.0,0,
2026-09-21T15:58:58,Christiane,serial_recall,capacity_n11,48,visual,letters,11,4,start,K,P,0.5,0,P,3.0,0,
2026-09-21T15:58:58,Christiane,serial_recall,capacity_n11,48,visual,letters,11,5,middle,P,Y,1.0,0,Y,3.0,0,
2026-09-21T15:58:58,Christiane,serial_recall,capacity_n11,48,visual,letters,11,6,middle,U,P,0.0,0,P,3.0,0,
2026-09-21T15:58:58,Christiane,serial_recall,capacity_n11,48,visual,letters,11,7,middle,E,D,0.0,0,D,3.0,0,
2026-09-21T15:58:58,Christiane,serial_recall,capacity_n11,48,visual,letters,11,8,middle,I,F,0.0,0,F,3.0,0,
2026-09-21T15:58:58,Christiane,serial_recall,capacity_n11,48,visual,letters,11,9,end,Y,B,1.0,0,B,3.0,0,
2026-09-21T15:58:58,Christiane,serial_recall,capacity_n11,48,visual,letters,11,10,end,B,K,1.0,0,K,3.0,0,
2026-09-21T15:58:58,Christiane,serial_recall,capacity_n11,48,visual,letters,11,11,end,K,,0.5,0,,3.0,0,
2026-09-21T15:59:45,Christiane,serial_recall,capacity_n11,49,visual,letters,11,1,start,C,C,1.0,1,,3.0,0,
2026-09-21T15:59:45,Christiane,serial_recall,capacity_n11,49,visual,letters,11,2,start,K,D,0.0,0,D,3.0,0,
2026-09-21T15:59:45,Christiane,serial_recall,capacity_n11,49,visual,letters,11,3,start,N,M,0.0,0,M,3.0,0,
2026-09-21T15:59:45,Christiane,serial_recall,capacity_n11,49,visual,letters,11,4,start,L,S,1.0,0,S,3.0,0,
2026-09-21T15:59:45,Christiane,serial_recall,capacity_n11,49,visual,letters,11,5,middle,R,M,0.0,0,M,3.0,0,
2026-09-21T15:59:45,Christiane,serial_recall,capacity_n11,49,visual,letters,11,6,middle,J,L,0.0,0,L,3.0,0,
2026-09-21T15:59:45,Christiane,serial_recall,capacity_n11,49,visual,letters,11,7,middle,M,L,1.0,0,L,3.0,0,
2026-09-21T15:59:45,Christiane,serial_recall,capacity_n11,49,visual,letters,11,8,middle,Q,Q,1.0,1,,3.0,0,
2026-09-21T15:59:45,Christiane,serial_recall,capacity_n11,49,visual,letters,11,9,end,D,D,1.0,1,,3.0,0,
2026-09-21T15:59:45,Christiane,serial_recall,capacity_n11,49,visual,letters,11,10,end,I,I,1.0,1,,3.0,0,
2026-09-21T15:59:45,Christiane,serial_recall,capacity_n11,49,visual,letters,11,11,end,Q,Q,1.0,1,,3.0,0,
2026-09-21T16:00:37,Christiane,serial_recall,capacity_n11,50,visual,letters,11,1,start,X,X,0.666667,1,,3.0,0,
2026-09-21T16:00:37,Christiane,serial_recall,capacity_n11,50,visual,letters,11,2,start,E,E,1.0,1,,3.0,0,
2026-09-21T16:00:37,Christiane,serial_recall,capacity_n11,50,visual,letters,11,3,start,P,P,1.0,1,,3.0,0,
2026-09-21T16:00:37,Christiane,serial_recall,capacity_n11,50,visual,letters,11,4,start,J,J,1.0,1,,3.0,0,
2026-09-21T16:00:37,Christiane,serial_recall,capacity_n11,50,visual,letters,11,5,middle,V,V,0.5,1,,3.0,0,
2026-09-21T16:00:37,Christiane,serial_recall,capacity_n11,50,visual,letters,11,6,middle,X,S,0.666667,0,S,3.0,0,
2026-09-21T16:00:37,Christiane,serial_recall,capacity_n11,50,visual,letters,11,7,middle,L,X,1.0,0,X,3.0,0,
2026-09-21T16:00:37,Christiane,serial_recall,capacity_n11,50,visual,letters,11,8,middle,S,L,1.0,0,L,3.0,0,
2026-09-21T16:00:37,Christiane,serial_recall,capacity_n11,50,visual,letters,11,9,end,Y,O,0.0,0,O,3.0,0,
2026-09-21T16:00:37,Christiane,serial_recall,capacity_n11,50,visual,letters,11,10,end,V,P,0.5,0,P,3.0,0,
2026-09-21T16:00:37,Christiane,serial_recall,capacity_n11,50,visual,letters,11,11,end,X,N,0.666667,0,N,3.0,0,
2026-09-21T16:01:24,Christiane,serial_recall,capacity_n11,51,visual,letters,11,1,start,P,P,1.0,1,,3.0,0,
2026-09-21T16:01:24,Christiane,serial_recall,capacity_n11,51,visual,letters,11,2,start,U,U,1.0,1,,3.0,0,
2026-09-21T16:01:24,Christiane,serial_recall,capacity_n11,51,visual,letters,11,3,start,A,A,1.0,1,,3.0,0,
2026-09-21T16:01:24,Christiane,serial_recall,capacity_n11,51,visual,letters,11,4,start,S,S,1.0,1,,3.0,0,
2026-09-21T16:01:24,Christiane,serial_recall,capacity_n11,51,visual,letters,11,5,middle,S,S,1.0,1,,3.0,0,
2026-09-21T16:01:24,Christiane,serial_recall,capacity_n11,51,visual,letters,11,6,middle,F,F,1.0,1,,3.0,0,
2026-09-21T16:01:24,Christiane,serial_recall,capacity_n11,51,visual,letters,11,7,middle,T,T,1.0,1,,3.0,0,
2026-09-21T16:01:24,Christiane,serial_recall,capacity_n11,51,visual,letters,11,8,middle,Y,Y,1.0,1,,3.0,0,
2026-09-21T16:01:24,Christiane,serial_recall,capacity_n11,51,visual,letters,11,9,end,G,G,1.0,1,,3.0,0,
2026-09-21T16:01:24,Christiane,serial_recall,capacity_n11,51,visual,letters,11,10,end,P,P,1.0,1,,3.0,0,
2026-09-21T16:01:24,Christiane,serial_recall,capacity_n11,51,visual,letters,11,11,end,Q,Q,1.0,1,,3.0,0,
2026-09-21T16:02:12,Christiane,serial_recall,capacity_n11,52,visual,letters,11,1,start,R,R,1.0,1,,3.0,0,
2026-09-21T16:02:12,Christiane,serial_recall,capacity_n11,52,visual,letters,11,2,start,E,E,0.5,1,,3.0,0,
2026-09-21T16:02:12,Christiane,serial_recall,capacity_n11,52,visual,letters,11,3,start,S,S,1.0,1,,3.0,0,
2026-09-21T16:02:12,Christiane,serial_recall,capacity_n11,52,visual,letters,11,4,start,P,P,1.0,1,,3.0,0,
2026-09-21T16:02:12,Christiane,serial_recall,capacity_n11,52,visual,letters,11,5,middle,E,V,0.5,0,V,3.0,0,
2026-09-21T16:02:12,Christiane,serial_recall,capacity_n11,52,visual,letters,11,6,middle,X,S,0.0,0,S,3.0,0,
2026-09-21T16:02:12,Christiane,serial_recall,capacity_n11,52,visual,letters,11,7,middle,Q,Q,1.0,1,,3.0,0,
2026-09-21T16:02:12,Christiane,serial_recall,capacity_n11,52,visual,letters,11,8,middle,W,W,1.0,1,,3.0,0,
2026-09-21T16:02:12,Christiane,serial_recall,capacity_n11,52,visual,letters,11,9,end,X,I,0.0,0,I,3.0,0,
2026-09-21T16:02:12,Christiane,serial_recall,capacity_n11,52,visual,letters,11,10,end,C,P,0.0,0,P,3.0,0,
2026-09-21T16:02:12,Christiane,serial_recall,capacity_n11,52,visual,letters,11,11,end,L,L,1.0,1,,3.0,0,
2026-09-21T22:19:38,Christiane,serial_recall,finger_tapping,1,visual,letters,12,1,start,T,T,1.0,1,,3.0,0,
2026-09-21T22:19:38,Christiane,serial_recall,finger_tapping,1,visual,letters,12,2,start,Z,Z,1.0,1,,3.0,0,
2026-09-21T22:19:38,Christiane,serial_recall,finger_tapping,1,visual,letters,12,3,start,O,O,1.0,1,,3.0,0,
2026-09-21T22:19:38,Christiane,serial_recall,finger_tapping,1,visual,letters,12,4,start,E,E,1.0,1,,3.0,0,
2026-09-21T22:19:38,Christiane,serial_recall,finger_tapping,1,visual,letters,12,5,middle,E,E,1.0,1,,3.0,0,
2026-09-21T22:19:38,Christiane,serial_recall,finger_tapping,1,visual,letters,12,6,middle,A,A,1.0,1,,3.0,0,
2026-09-21T22:19:38,Christiane,serial_recall,finger_tapping,1,visual,letters,12,7,middle,B,V,0.0,0,V,3.0,0,
2026-09-21T22:19:38,Christiane,serial_recall,finger_tapping,1,visual,letters,12,8,middle,V,V,1.0,1,,3.0,0,
2026-09-21T22:19:38,Christiane,serial_recall,finger_tapping,1,visual,letters,12,9,end,W,W,1.0,1,,3.0,0,
2026-09-21T22:19:38,Christiane,serial_recall,finger_tapping,1,visual,letters,12,10,end,M,M,1.0,1,,3.0,0,
2026-09-21T22:19:38,Christiane,serial_recall,finger_tapping,1,visual,letters,12,11,end,K,Z,0.0,0,Z,3.0,0,
2026-09-21T22:19:38,Christiane,serial_recall,finger_tapping,1,visual,letters,12,12,end,J,J,1.0,1,,3.0,0,
2026-09-21T22:20:35,Christiane,serial_recall,finger_tapping,2,visual,letters,12,1,start,W,W,0.666667,1,,3.0,0,
2026-09-21T22:20:35,Christiane,serial_recall,finger_tapping,2,visual,letters,12,2,start,O,O,1.0,1,,3.0,0,
2026-09-21T22:20:35,Christiane,serial_recall,finger_tapping,2,visual,letters,12,3,start,I,I,1.0,1,,3.0,0,
2026-09-21T22:20:35,Christiane,serial_recall,finger_tapping,2,visual,letters,12,4,start,W,W,0.666667,1,,3.0,0,
2026-09-21T22:20:35,Christiane,serial_recall,finger_tapping,2,visual,letters,12,5,middle,K,K,1.0,1,,3.0,0,
2026-09-21T22:20:35,Christiane,serial_recall,finger_tapping,2,visual,letters,12,6,middle,A,A,1.0,1,,3.0,0,
2026-09-21T22:20:35,Christiane,serial_recall,finger_tapping,2,visual,letters,12,7,middle,Z,Z,1.0,1,,3.0,0,
2026-09-21T22:20:35,Christiane,serial_recall,finger_tapping,2,visual,letters,12,8,middle,E,E,1.0,1,,3.0,0,
2026-09-21T22:20:35,Christiane,serial_recall,finger_tapping,2,visual,letters,12,9,end,R,R,1.0,1,,3.0,0,
2026-09-21T22:20:35,Christiane,serial_recall,finger_tapping,2,visual,letters,12,10,end,O,O,1.0,1,,3.0,0,
2026-09-21T22:20:35,Christiane,serial_recall,finger_tapping,2,visual,letters,12,11,end,L,L,1.0,1,,3.0,0,
2026-09-21T22:20:35,Christiane,serial_recall,finger_tapping,2,visual,letters,12,12,end,W,Z,0.666667,0,Z,3.0,0,
2026-09-21T22:21:59,Christiane,serial_recall,finger_tapping,3,visual,letters,12,1,start,N,N,1.0,1,,3.0,0,
2026-09-21T22:21:59,Christiane,serial_recall,finger_tapping,3,visual,letters,12,2,start,M,W,1.0,0,W,3.0,0,
2026-09-21T22:21:59,Christiane,serial_recall,finger_tapping,3,visual,letters,12,3,start,W,M,1.0,0,M,3.0,0,
2026-09-21T22:21:59,Christiane,serial_recall,finger_tapping,3,visual,letters,12,4,start,N,N,1.0,1,,3.0,0,
2026-09-21T22:21:59,Christiane,serial_recall,finger_tapping,3,visual,letters,12,5,middle,Q,M,0.0,0,M,3.0,0,
2026-09-21T22:21:59,Christiane,serial_recall,finger_tapping,3,visual,letters,12,6,middle,M,Z,1.0,0,Z,3.0,0,
2026-09-21T22:21:59,Christiane,serial_recall,finger_tapping,3,visual,letters,12,7,middle,K,E,0.0,0,E,3.0,0,
2026-09-21T22:21:59,Christiane,serial_recall,finger_tapping,3,visual,letters,12,8,middle,S,M,0.0,0,M,3.0,0,
2026-09-21T22:21:59,Christiane,serial_recall,finger_tapping,3,visual,letters,12,9,end,E,W,1.0,0,W,3.0,0,
2026-09-21T22:21:59,Christiane,serial_recall,finger_tapping,3,visual,letters,12,10,end,A,A,1.0,1,,3.0,0,
2026-09-21T22:21:59,Christiane,serial_recall,finger_tapping,3,visual,letters,12,11,end,A,A,1.0,1,,3.0,0,
2026-09-21T22:21:59,Christiane,serial_recall,finger_tapping,3,visual,letters,12,12,end,D,D,1.0,1,,3.0,0,
2026-09-21T22:34:29,Christiane,serial_recall,articulatory_suppression,1,visual,letters,12,1,start,D,M,0.0,0,M,3.0,0,
2026-09-21T22:34:29,Christiane,serial_recall,articulatory_suppression,1,visual,letters,12,2,start,Q,N,0.0,0,N,3.0,0,
2026-09-21T22:34:29,Christiane,serial_recall,articulatory_suppression,1,visual,letters,12,3,start,D,S,0.0,0,S,3.0,0,
2026-09-21T22:34:29,Christiane,serial_recall,articulatory_suppression,1,visual,letters,12,4,start,E,R,0.5,0,R,3.0,0,
2026-09-21T22:34:29,Christiane,serial_recall,articulatory_suppression,1,visual,letters,12,5,middle,L,T,0.5,0,T,3.0,0,
2026-09-21T22:34:29,Christiane,serial_recall,articulatory_suppression,1,visual,letters,12,6,middle,V,W,0.0,0,W,3.0,0,
2026-09-21T22:34:29,Christiane,serial_recall,articulatory_suppression,1,visual,letters,12,7,middle,L,F,0.5,0,F,3.0,0,
2026-09-21T22:34:29,Christiane,serial_recall,articulatory_suppression,1,visual,letters,12,8,middle,R,X,1.0,0,X,3.0,0,
2026-09-21T22:34:29,Christiane,serial_recall,articulatory_suppression,1,visual,letters,12,9,end,V,E,0.0,0,E,3.0,0,
2026-09-21T22:34:29,Christiane,serial_recall,articulatory_suppression,1,visual,letters,12,10,end,X,B,1.0,0,B,3.0,0,
2026-09-21T22:34:29,Christiane,serial_recall,articulatory_suppression,1,visual,letters,12,11,end,E,L,0.5,0,L,3.0,0,
2026-09-21T22:34:29,Christiane,serial_recall,articulatory_suppression,1,visual,letters,12,12,end,B,S,1.0,0,S,3.0,0,
2026-09-21T22:35:25,Christiane,serial_recall,articulatory_suppression,2,visual,letters,12,1,start,V,V,1.0,1,,3.0,0,
2026-09-21T22:35:25,Christiane,serial_recall,articulatory_suppression,2,visual,letters,12,2,start,L,L,1.0,1,,3.0,0,
2026-09-21T22:35:25,Christiane,serial_recall,articulatory_suppression,2,visual,letters,12,3,start,O,O,1.0,1,,3.0,0,
2026-09-21T22:35:25,Christiane,serial_recall,articulatory_suppression,2,visual,letters,12,4,start,T,X,0.0,0,X,3.0,0,
2026-09-21T22:35:25,Christiane,serial_recall,articulatory_suppression,2,visual,letters,12,5,middle,J,J,1.0,1,,3.0,0,
2026-09-21T22:35:25,Christiane,serial_recall,articulatory_suppression,2,visual,letters,12,6,middle,O,O,1.0,1,,3.0,0,
2026-09-21T22:35:25,Christiane,serial_recall,articulatory_suppression,2,visual,letters,12,7,middle,J,J,1.0,1,,3.0,0,
2026-09-21T22:35:25,Christiane,serial_recall,articulatory_suppression,2,visual,letters,12,8,middle,D,D,1.0,1,,3.0,0,
2026-09-21T22:35:25,Christiane,serial_recall,articulatory_suppression,2,visual,letters,12,9,end,U,O,0.5,0,O,3.0,0,
2026-09-21T22:35:25,Christiane,serial_recall,articulatory_suppression,2,visual,letters,12,10,end,F,F,1.0,1,,3.0,0,
2026-09-21T22:35:25,Christiane,serial_recall,articulatory_suppression,2,visual,letters,12,11,end,U,U,0.5,1,,3.0,0,
2026-09-21T22:35:25,Christiane,serial_recall,articulatory_suppression,2,visual,letters,12,12,end,B,B,1.0,1,,3.0,0,
2026-09-21T22:36:17,Christiane,serial_recall,articulatory_suppression,3,visual,letters,12,1,start,V,W,0.0,0,W,3.0,0,
2026-09-21T22:36:17,Christiane,serial_recall,articulatory_suppression,3,visual,letters,12,2,start,O,O,1.0,1,,3.0,0,
2026-09-21T22:36:17,Christiane,serial_recall,articulatory_suppression,3,visual,letters,12,3,start,N,N,1.0,1,,3.0,0,
2026-09-21T22:36:17,Christiane,serial_recall,articulatory_suppression,3,visual,letters,12,4,start,L,D,0.5,0,D,3.0,0,
2026-09-21T22:36:17,Christiane,serial_recall,articulatory_suppression,3,visual,letters,12,5,middle,P,A,1.0,0,A,3.0,0,
2026-09-21T22:36:17,Christiane,serial_recall,articulatory_suppression,3,visual,letters,12,6,middle,G,P,0.333333,0,P,3.0,0,
2026-09-21T22:36:17,Christiane,serial_recall,articulatory_suppression,3,visual,letters,12,7,middle,L,O,0.5,0,O,3.0,0,
2026-09-21T22:36:17,Christiane,serial_recall,articulatory_suppression,3,visual,letters,12,8,middle,I,L,1.0,0,L,3.0,0,
2026-09-21T22:36:17,Christiane,serial_recall,articulatory_suppression,3,visual,letters,12,9,end,O,A,1.0,0,A,3.0,0,
2026-09-21T22:36:17,Christiane,serial_recall,articulatory_suppression,3,visual,letters,12,10,end,G,G,0.333333,1,,3.0,0,
2026-09-21T22:36:17,Christiane,serial_recall,articulatory_suppression,3,visual,letters,12,11,end,X,I,0.0,0,I,3.0,0,
2026-09-21T22:36:17,Christiane,serial_recall,articulatory_suppression,3,visual,letters,12,12,end,G,O,0.333333,0,O,3.0,0,
2026-09-21T22:38:27,Christiane,idiom_serial_recall,real_idioms,1,visual,phrases,8,1,start,at bide i det sure aeble,aeblet falder ikke langt fra stammen,0.0,0,aeblet falder ikke langt fra stammen,3.0,0,
2026-09-21T22:38:27,Christiane,idiom_serial_recall,real_idioms,1,visual,phrases,8,2,start,at holde tungen lige i munden,paa glat is,0.0,0,paa glat is,3.0,0,
2026-09-21T22:38:27,Christiane,idiom_serial_recall,real_idioms,1,visual,phrases,8,3,start,at tage det sure med det soede,gaa mod vinden,0.0,0,gaa mod vinden,3.0,0,
2026-09-21T22:38:27,Christiane,idiom_serial_recall,real_idioms,1,visual,phrases,8,4,middle,at tage tyren ved hornene,ben i naesen,0.0,0,ben i naesen,3.0,0,
2026-09-21T22:38:27,Christiane,idiom_serial_recall,real_idioms,1,visual,phrases,8,5,middle,at have is i maven,at have is i maven,1.0,1,,3.0,0,
2026-09-21T22:38:27,Christiane,idiom_serial_recall,real_idioms,1,visual,phrases,8,6,middle,at gaa over gevind,at have gaa paa mod,0.0,0,at have gaa paa mod,3.0,0,
2026-09-21T22:38:27,Christiane,idiom_serial_recall,real_idioms,1,visual,phrases,8,7,end,at have oejne i nakken,at have oejne i nakken,1.0,1,,3.0,0,
2026-09-21T22:38:27,Christiane,idiom_serial_recall,real_idioms,1,visual,phrases,8,8,end,at vaere en strid banan,at vaere en strid banan,1.0,1,,3.0,0,
2026-09-21T22:40:07,Christiane,idiom_serial_recall,real_idioms,2,visual,phrases,8,1,start,at faa kolde foedder,at have kolde foedder,0.0,0,at have kolde foedder,3.0,0,
2026-09-21T22:40:07,Christiane,idiom_serial_recall,real_idioms,2,visual,phrases,8,2,start,at have sommerfugle i maven,at have sommerfugle i maven,1.0,1,,3.0,0,
2026-09-21T22:40:07,Christiane,idiom_serial_recall,real_idioms,2,visual,phrases,8,3,start,at kaste haandklaedet i ringen,at bide i det sure aeble,0.0,0,at bide i det sure aeble,3.0,0,
2026-09-21T22:40:07,Christiane,idiom_serial_recall,real_idioms,2,visual,phrases,8,4,middle,at tale frit fra leveren,at gaa mod gevindst,0.0,0,at gaa mod gevindst,3.0,0,
2026-09-21T22:40:07,Christiane,idiom_serial_recall,real_idioms,2,visual,phrases,8,5,middle,at vaere paa boelgelaengde,kaste med sten i glas hus,0.0,0,kaste med sten i glas hus,3.0,0,
2026-09-21T22:40:07,Christiane,idiom_serial_recall,real_idioms,2,visual,phrases,8,6,middle,at gaa paa vandet,kaste med sten i glas hus,0.0,0,kaste med sten i glas hus,3.0,0,
2026-09-21T22:40:07,Christiane,idiom_serial_recall,real_idioms,2,visual,phrases,8,7,end,at bide i det sure aeble,kaste med sten i glas hus,1.0,0,kaste med sten i glas hus,3.0,0,
2026-09-21T22:40:07,Christiane,idiom_serial_recall,real_idioms,2,visual,phrases,8,8,end,at feje for egen doer,at feje for egen doer,1.0,1,,3.0,0,
2026-09-21T22:41:31,Christiane,idiom_serial_recall,real_idioms,3,visual,phrases,8,1,start,at slaa en streg i sandet,en streg i sandet,0.0,0,en streg i sandet,3.0,0,
2026-09-21T22:41:31,Christiane,idiom_serial_recall,real_idioms,3,visual,phrases,8,2,start,at gaa agurk,sommerfugle i maven,0.0,0,sommerfugle i maven,3.0,0,
2026-09-21T22:41:31,Christiane,idiom_serial_recall,real_idioms,3,visual,phrases,8,3,start,at male fanden paa vaeggen,to fluer med et smaek,0.0,0,to fluer med et smaek,3.0,0,
2026-09-21T22:41:31,Christiane,idiom_serial_recall,real_idioms,3,visual,phrases,8,4,middle,at slaa to fluer med et smaek,tabe ansigtet,0.0,0,tabe ansigtet,3.0,0,
2026-09-21T22:41:31,Christiane,idiom_serial_recall,real_idioms,3,visual,phrases,8,5,middle,at traekke det korteste straa,tabe ansigt,0.0,0,tabe ansigt,3.0,0,
2026-09-21T22:41:31,Christiane,idiom_serial_recall,real_idioms,3,visual,phrases,8,6,middle,at tage tyren ved hornene,to fluer med et smaek,0.0,0,to fluer med et smaek,3.0,0,
2026-09-21T22:41:31,Christiane,idiom_serial_recall,real_idioms,3,visual,phrases,8,7,end,at tabe ansigt,tabe ansigtet,0.0,0,tabe ansigtet,3.0,0,
2026-09-21T22:41:31,Christiane,idiom_serial_recall,real_idioms,3,visual,phrases,8,8,end,at tage det sure med det soede,at tage det sure med det soede,1.0,1,,3.0,0,
2026-09-21T22:43:09,Christiane,idiom_serial_recall,real_idioms,4,visual,phrases,8,1,start,at tabe ansigt,at have sommerfugle i haven,0.0,0,at have sommerfugle i haven,3.0,0,
2026-09-21T22:43:09,Christiane,idiom_serial_recall,real_idioms,4,visual,phrases,8,2,start,at vaere en strid banan,at skyde skildpadden,0.0,0,at skyde skildpadden,3.0,0,
2026-09-21T22:43:09,Christiane,idiom_serial_recall,real_idioms,4,visual,phrases,8,3,start,at tale frit fra leveren,at have en fjer i hatten,0.0,0,at have en fjer i hatten,3.0,0,
2026-09-21T22:43:09,Christiane,idiom_serial_recall,real_idioms,4,visual,phrases,8,4,middle,at gaa agurk,at skyde papegoejen,0.0,0,at skyde papegoejen,3.0,0,
2026-09-21T22:43:09,Christiane,idiom_serial_recall,real_idioms,4,visual,phrases,8,5,middle,at have rent mel i posen,at have en fjer i hatten,0.0,0,at have en fjer i hatten,3.0,0,
2026-09-21T22:43:09,Christiane,idiom_serial_recall,real_idioms,4,visual,phrases,8,6,middle,at gaa ned med flaget,at skyde papegoejen,0.0,0,at skyde papegoejen,3.0,0,
2026-09-21T22:43:09,Christiane,idiom_serial_recall,real_idioms,4,visual,phrases,8,7,end,at faa en fjer i hatten,at have en fjer i hatten,0.0,0,at have en fjer i hatten,3.0,0,
2026-09-21T22:43:09,Christiane,idiom_serial_recall,real_idioms,4,visual,phrases,8,8,end,at skyde papegoejen,at skyde papegoejen,1.0,1,,3.0,0,
2026-09-21T22:44:22,Christiane,idiom_serial_recall,real_idioms,5,visual,phrases,8,1,start,at gaa agurk,at gaa agurk,1.0,1,,3.0,0,
2026-09-21T22:44:22,Christiane,idiom_serial_recall,real_idioms,5,visual,phrases,8,2,start,at skyde papegoejen,at skyde en papegoeje,0.0,0,at skyde en papegoeje,3.0,0,
2026-09-21T22:44:22,Christiane,idiom_serial_recall,real_idioms,5,visual,phrases,8,3,start,at tage det sure med det soede,at tage det soede med sure,0.0,0,at tage det soede med sure,3.0,0,
2026-09-21T22:44:22,Christiane,idiom_serial_recall,real_idioms,5,visual,phrases,8,4,middle,at slaa en streg i sandet,at slaa en streg i sandet,1.0,1,,3.0,0,
2026-09-21T22:44:22,Christiane,idiom_serial_recall,real_idioms,5,visual,phrases,8,5,middle,at give den gas,at give den gas,1.0,1,,3.0,0,
2026-09-21T22:44:22,Christiane,idiom_serial_recall,real_idioms,5,visual,phrases,8,6,middle,at have is i maven,at gaa agurk,1.0,0,at gaa agurk,3.0,0,
2026-09-21T22:44:22,Christiane,idiom_serial_recall,real_idioms,5,visual,phrases,8,7,end,at vende paa en tallerken,at have is i maven,0.0,0,at have is i maven,3.0,0,
2026-09-21T22:44:22,Christiane,idiom_serial_recall,real_idioms,5,visual,phrases,8,8,end,at loebe panden mod en mur,at loebe panden mod en mur,1.0,1,,3.0,0,
2026-09-21T22:45:38,Christiane,idiom_serial_recall,real_idioms,6,visual,phrases,8,1,start,at vaere en strid banan,sure med det soede,0.0,0,sure med det soede,3.0,0,
2026-09-21T22:45:38,Christiane,idiom_serial_recall,real_idioms,6,visual,phrases,8,2,start,at male fanden paa vaeggen,fanden for vaeggen,0.0,0,fanden for vaeggen,3.0,0,
2026-09-21T22:45:38,Christiane,idiom_serial_recall,real_idioms,6,visual,phrases,8,3,start,at have en finger med i spillet,at give den gas,0.0,0,at give den gas,3.0,0,
2026-09-21T22:45:38,Christiane,idiom_serial_recall,real_idioms,6,visual,phrases,8,4,middle,at slaa en streg i sandet,at feje for egen doer,0.0,0,at feje for egen doer,3.0,0,
2026-09-21T22:45:38,Christiane,idiom_serial_recall,real_idioms,6,visual,phrases,8,5,middle,at tage det sure med det soede,at have sommerfugle i maven,0.0,0,at have sommerfugle i maven,3.0,0,
2026-09-21T22:45:38,Christiane,idiom_serial_recall,real_idioms,6,visual,phrases,8,6,middle,at feje for egen doer,at skyde papegoejen,1.0,0,at skyde papegoejen,3.0,0,
2026-09-21T22:45:38,Christiane,idiom_serial_recall,real_idioms,6,visual,phrases,8,7,end,at gaa agurk,gaa agurk,0.0,0,gaa agurk,3.0,0,
2026-09-21T22:45:38,Christiane,idiom_serial_recall,real_idioms,6,visual,phrases,8,8,end,at faa kolde foedder,kolde foedder,0.0,0,kolde foedder,3.0,0,
2026-09-21T22:46:50,Christiane,idiom_serial_recall,real_idioms,7,visual,phrases,8,1,start,at have sommerfugle i maven,at feje for egen doer,0.0,0,at feje for egen doer,3.0,0,
2026-09-21T22:46:50,Christiane,idiom_serial_recall,real_idioms,7,visual,phrases,8,2,start,at vaere paa boelgelaengde,at gaa agurk,0.0,0,at gaa agurk,3.0,0,
2026-09-21T22:46:50,Christiane,idiom_serial_recall,real_idioms,7,visual,phrases,8,3,start,at gaa agurk,at skyde papegoejen,1.0,0,at skyde papegoejen,3.0,0,
2026-09-21T22:46:50,Christiane,idiom_serial_recall,real_idioms,7,visual,phrases,8,4,middle,at traekke det korteste straa,at slaa en streg i sandet,0.0,0,at slaa en streg i sandet,3.0,0,
2026-09-21T22:46:50,Christiane,idiom_serial_recall,real_idioms,7,visual,phrases,8,5,middle,at give den gas,at bide i det sure aeble,0.0,0,at bide i det sure aeble,3.0,0,
2026-09-21T22:46:50,Christiane,idiom_serial_recall,real_idioms,7,visual,phrases,8,6,middle,at skyde papegoejen,at skyde papegoejen,1.0,1,,3.0,0,
2026-09-21T22:46:50,Christiane,idiom_serial_recall,real_idioms,7,visual,phrases,8,7,end,at holde tungen lige i munden,at slaa en streg i sandet,0.0,0,at slaa en streg i sandet,3.0,0,
2026-09-21T22:46:50,Christiane,idiom_serial_recall,real_idioms,7,visual,phrases,8,8,end,at bide i det sure aeble,at bide i det sure aeble,1.0,1,,3.0,0,
2026-09-21T22:48:41,Christiane,idiom_serial_recall,real_idioms,8,visual,phrases,8,1,start,at have is i maven,at have is i maven,1.0,1,,3.0,0,
2026-09-21T22:48:41,Christiane,idiom_serial_recall,real_idioms,8,visual,phrases,8,2,start,at skyde papegoejen,at skyde papegoeje,0.0,0,at skyde papegoeje,3.0,0,
2026-09-21T22:48:41,Christiane,idiom_serial_recall,real_idioms,8,visual,phrases,8,3,start,at bide i det sure aeble,at tage en bid af det sure aeble,0.0,0,at tage en bid af det sure aeble,3.0,0,
2026-09-21T22:48:41,Christiane,idiom_serial_recall,real_idioms,8,visual,phrases,8,4,middle,at holde tungen lige i munden,at gaa agurk,0.0,0,at gaa agurk,3.0,0,
2026-09-21T22:48:41,Christiane,idiom_serial_recall,real_idioms,8,visual,phrases,8,5,middle,at kaste haandklaedet i ringen,at have sommerfugle i maven,0.0,0,at have sommerfugle i maven,3.0,0,
2026-09-21T22:48:41,Christiane,idiom_serial_recall,real_idioms,8,visual,phrases,8,6,middle,at gaa agurk,at male for fanden,1.0,0,at male for fanden,3.0,0,
2026-09-21T22:48:41,Christiane,idiom_serial_recall,real_idioms,8,visual,phrases,8,7,end,at have en finger med i spillet,slaa en streg i sandet,1.0,0,slaa en streg i sandet,3.0,0,
2026-09-21T22:48:41,Christiane,idiom_serial_recall,real_idioms,8,visual,phrases,8,8,end,at tale frit fra leveren,at have en finger med i spillet,0.0,0,at have en finger med i spillet,3.0,0,
2026-09-21T22:50:37,Christiane,idiom_serial_recall,fake_idioms,1,visual,phrases,8,1,start,at slaa hul i sin egen paraply,at gaa med gaflen i suppen,1.0,0,at gaa med gaflen i suppen,3.0,0,
2026-09-21T22:50:37,Christiane,idiom_serial_recall,fake_idioms,1,visual,phrases,8,2,start,at saette sejl i modvind,at slaa hul i sin egen paraply,0.0,0,at slaa hul i sin egen paraply,3.0,0,
2026-09-21T22:50:37,Christiane,idiom_serial_recall,fake_idioms,1,visual,phrases,8,3,start,at kaste braende paa den forkerte baad,at have begge foedder paa samme trin,0.0,0,at have begge foedder paa samme trin,3.0,0,
2026-09-21T22:50:37,Christiane,idiom_serial_recall,fake_idioms,1,visual,phrases,8,4,middle,at have begge foedder paa samme trin,at traekke stigen op foer man er paa taget,1.0,0,at traekke stigen op foer man er paa taget,3.0,0,
2026-09-21T22:50:37,Christiane,idiom_serial_recall,fake_idioms,1,visual,phrases,8,5,middle,at saette sin hat efter vinden,at gaa med gaflen i suppen,0.0,0,at gaa med gaflen i suppen,3.0,0,
2026-09-21T22:50:37,Christiane,idiom_serial_recall,fake_idioms,1,visual,phrases,8,6,middle,at gaa med gaflen i suppen,at slaa hul i sin egen paraply,1.0,0,at slaa hul i sin egen paraply,3.0,0,
2026-09-21T22:50:37,Christiane,idiom_serial_recall,fake_idioms,1,visual,phrases,8,7,end,at gaa med skeen i den forkerte gryde,at have begge foedder paa samme trin,0.0,0,at have begge foedder paa samme trin,3.0,0,
2026-09-21T22:50:37,Christiane,idiom_serial_recall,fake_idioms,1,visual,phrases,8,8,end,at staa med begge ben i samme stoevle,at traekke stigen op foer man er paa taget,0.0,0,at traekke stigen op foer man er paa taget,3.0,0,
2026-09-21T22:51:49,Christiane,idiom_serial_recall,fake_idioms,2,visual,phrases,8,1,start,at kaste hatten foer festen,at have maanen i baglommen,0.0,0,at have maanen i baglommen,3.0,0,
2026-09-21T22:51:49,Christiane,idiom_serial_recall,fake_idioms,2,visual,phrases,8,2,start,at gaa med vinden i lommen,at have maanen i baglommen,0.0,0,at have maanen i baglommen,3.0,0,
2026-09-21T22:51:49,Christiane,idiom_serial_recall,fake_idioms,2,visual,phrases,8,3,start,at have begge foedder paa samme trin,at have maanen i baglommen,0.0,0,at have maanen i baglommen,3.0,0,
2026-09-21T22:51:49,Christiane,idiom_serial_recall,fake_idioms,2,visual,phrases,8,4,middle,at have maanen i baglommen,graas under vingerne,1.0,0,graas under vingerne,3.0,0,
2026-09-21T22:51:49,Christiane,idiom_serial_recall,fake_idioms,2,visual,phrases,8,5,middle,at faa grus under vingerne,graas under vingerne,0.0,0,graas under vingerne,3.0,0,
2026-09-21T22:51:49,Christiane,idiom_serial_recall,fake_idioms,2,visual,phrases,8,6,middle,at taende lampen i dagslys,graas under vingerne,0.0,0,graas under vingerne,3.0,0,
2026-09-21T22:51:49,Christiane,idiom_serial_recall,fake_idioms,2,visual,phrases,8,7,end,at vende koppen paa hovedet,graas under vingerne,0.0,0,graas under vingerne,3.0,0,
2026-09-21T22:51:49,Christiane,idiom_serial_recall,fake_idioms,2,visual,phrases,8,8,end,at slaa soem i taagen,at slaa soem i taagen,1.0,1,,3.0,0,
2026-09-21T22:52:47,Christiane,idiom_serial_recall,fake_idioms,3,visual,phrases,8,1,start,at have en sten under hatten,at have sejl i hatten,0.0,0,at have sejl i hatten,3.0,0,
2026-09-21T22:52:47,Christiane,idiom_serial_recall,fake_idioms,3,visual,phrases,8,2,start,at gaa med hovedet under armen,at have sejl i hatten,0.0,0,at have sejl i hatten,3.0,0,
2026-09-21T22:52:47,Christiane,idiom_serial_recall,fake_idioms,3,visual,phrases,8,3,start,at gaa med skeen i den forkerte gryde,at have sejl i hatten,0.0,0,at have sejl i hatten,3.0,0,
2026-09-21T22:52:47,Christiane,idiom_serial_recall,fake_idioms,3,visual,phrases,8,4,middle,at traekke stigen op foer man er paa taget,at have sejl i hatten,0.0,0,at have sejl i hatten,3.0,0,
2026-09-21T22:52:47,Christiane,idiom_serial_recall,fake_idioms,3,visual,phrases,8,5,middle,at have sand mellem taenderne,at have sejl i hatten,0.0,0,at have sejl i hatten,3.0,0,
2026-09-21T22:52:47,Christiane,idiom_serial_recall,fake_idioms,3,visual,phrases,8,6,middle,at faa vand over stoevlekanten,at have sejl i hatten,0.0,0,at have sejl i hatten,3.0,0,
2026-09-21T22:52:47,Christiane,idiom_serial_recall,fake_idioms,3,visual,phrases,8,7,end,at saette sejl i modvind,at have sejl i hatten,0.0,0,at have sejl i hatten,3.0,0,
2026-09-21T22:52:47,Christiane,idiom_serial_recall,fake_idioms,3,visual,phrases,8,8,end,at saette stoevlerne i den forkerte groeft,at saette stoevlerne i den forkerte groeft,1.0,1,,3.0,0,
2026-09-21T22:54:37,Christiane,idiom_serial_recall,fake_idioms,4,visual,phrases,8,1,start,at slaa knude paa sin egen hale,at slaa soem i samme albue,0.0,0,at slaa soem i samme albue,3.0,0,
2026-09-21T22:54:37,Christiane,idiom_serial_recall,fake_idioms,4,visual,phrases,8,2,start,at kaste hatten foer festen,at kaste hatten foer festen,1.0,1,,3.0,0,
2026-09-21T22:54:37,Christiane,idiom_serial_recall,fake_idioms,4,visual,phrases,8,3,start,at have begge haender i honningkrukken,at kaste hatten foer festen,0.0,0,at kaste hatten foer festen,3.0,0,
2026-09-21T22:54:37,Christiane,idiom_serial_recall,fake_idioms,4,visual,phrases,8,4,middle,at saette ild til sin egen stige,at have grus under vingerne,0.0,0,at have grus under vingerne,3.0,0,
2026-09-21T22:54:37,Christiane,idiom_serial_recall,fake_idioms,4,visual,phrases,8,5,middle,at saette sin hat efter vinden,at have maanen i baglommen,0.0,0,at have maanen i baglommen,3.0,0,
2026-09-21T22:54:37,Christiane,idiom_serial_recall,fake_idioms,4,visual,phrases,8,6,middle,at have for mange noegler i lommen,at have begge ben i samme staevle,0.0,0,at have begge ben i samme staevle,3.0,0,
2026-09-21T22:54:37,Christiane,idiom_serial_recall,fake_idioms,4,visual,phrases,8,7,end,at slaa hul i sin egen paraply,at kaste skeen i den forkerte gryde,0.0,0,at kaste skeen i den forkerte gryde,3.0,0,
2026-09-21T22:54:37,Christiane,idiom_serial_recall,fake_idioms,4,visual,phrases,8,8,end,at gaa rundt om den samme sten,at gaa rundt om den samme sten,1.0,1,,3.0,0,
2026-09-21T22:55:55,Christiane,idiom_serial_recall,fake_idioms,5,visual,phrases,8,1,start,at staa med naesen i postkassen,at have en raev i rygsaekken,0.0,0,at have en raev i rygsaekken,3.0,0,
2026-09-21T22:55:55,Christiane,idiom_serial_recall,fake_idioms,5,visual,phrases,8,2,start,at have sand mellem taenderne,at stige med vinden,0.0,0,at stige med vinden,3.0,0,
2026-09-21T22:55:55,Christiane,idiom_serial_recall,fake_idioms,5,visual,phrases,8,3,start,at have begge foedder paa samme trin,at have for maneg noegler i lommen,0.0,0,at have for maneg noegler i lommen,3.0,0,
2026-09-21T22:55:55,Christiane,idiom_serial_recall,fake_idioms,5,visual,phrases,8,4,middle,at traekke stigen op foer man er paa taget,at saette sehl i modvind,0.0,0,at saette sehl i modvind,3.0,0,
2026-09-21T22:55:55,Christiane,idiom_serial_recall,fake_idioms,5,visual,phrases,8,5,middle,at have vinden under skjorten,at have maanen i baglommen,0.0,0,at have maanen i baglommen,3.0,0,
2026-09-21T22:55:55,Christiane,idiom_serial_recall,fake_idioms,5,visual,phrases,8,6,middle,at have en raev i rygsaekken,at kaste hatten foer festen,1.0,0,at kaste hatten foer festen,3.0,0,
2026-09-21T22:55:55,Christiane,idiom_serial_recall,fake_idioms,5,visual,phrases,8,7,end,at saette sin hat efter vinden,at taende lampen i dagslys,0.0,0,at taende lampen i dagslys,3.0,0,
2026-09-21T22:55:55,Christiane,idiom_serial_recall,fake_idioms,5,visual,phrases,8,8,end,at taende lampen i dagslys,at taende lampen i dagslys,1.0,1,,3.0,0,
2026-09-21T22:57:15,Christiane,idiom_serial_recall,fake_idioms,6,visual,phrases,8,1,start,at have maanen i baglommen,at have maanen i baglommen,1.0,1,,3.0,0,
2026-09-21T22:57:15,Christiane,idiom_serial_recall,fake_idioms,6,visual,phrases,8,2,start,at saette stoevlerne i den forkerte groeft,at have hovedet under armen,0.0,0,at have hovedet under armen,3.0,0,
2026-09-21T22:57:15,Christiane,idiom_serial_recall,fake_idioms,6,visual,phrases,8,3,start,at gaa med hovedet under armen,at slaa mod sin egen skygge,0.0,0,at slaa mod sin egen skygge,3.0,0,
2026-09-21T22:57:15,Christiane,idiom_serial_recall,fake_idioms,6,visual,phrases,8,4,middle,at saette sin hat efter vinden,at kafte skeen i den forkerte gryde,0.0,0,at kafte skeen i den forkerte gryde,3.0,0,
2026-09-21T22:57:15,Christiane,idiom_serial_recall,fake_idioms,6,visual,phrases,8,5,middle,at traekke gardinet for tidligt,at gaa med begge ben i samme staevle,0.0,0,at gaa med begge ben i samme staevle,3.0,0,
2026-09-21T22:57:15,Christiane,idiom_serial_recall,fake_idioms,6,visual,phrases,8,6,middle,at kaste braende paa den forkerte baad,at slaa mod sin egen skygge,0.0,0,at slaa mod sin egen skygge,3.0,0,
2026-09-21T22:57:15,Christiane,idiom_serial_recall,fake_idioms,6,visual,phrases,8,7,end,at slaa knude paa sin egen hale,at kafte skeen i den forkerte gryde,0.0,0,at kafte skeen i den forkerte gryde,3.0,0,
2026-09-21T22:57:15,Christiane,idiom_serial_recall,fake_idioms,6,visual,phrases,8,8,end,at loebe efter sin egen skygge,at slaa mod sin egen skygge,0.0,0,at slaa mod sin egen skygge,3.0,0,
2026-09-21T22:59:02,Christiane,idiom_serial_recall,fake_idioms,7,visual,phrases,8,1,start,at gaa med gaflen i suppen,at have maanen i baglommen,0.0,0,at have maanen i baglommen,3.0,0,
2026-09-21T22:59:02,Christiane,idiom_serial_recall,fake_idioms,7,visual,phrases,8,2,start,at slaa hul i sin egen paraply,at slaa hul i egen paraply,0.0,0,at slaa hul i egen paraply,3.0,0,
2026-09-21T22:59:02,Christiane,idiom_serial_recall,fake_idioms,7,visual,phrases,8,3,start,at have begge foedder paa samme trin,at staa med begge foeder paa samme trin,0.0,0,at staa med begge foeder paa samme trin,3.0,0,
2026-09-21T22:59:02,Christiane,idiom_serial_recall,fake_idioms,7,visual,phrases,8,4,middle,at faa regn i stoevlerne,at have begge ben i samme stoevle,0.0,0,at have begge ben i samme stoevle,3.0,0,
2026-09-21T22:59:02,Christiane,idiom_serial_recall,fake_idioms,7,visual,phrases,8,5,middle,at staa med begge ben i samme stoevle,at kaste gryden i forkerte ske,0.0,0,at kaste gryden i forkerte ske,3.0,0,
2026-09-21T22:59:02,Christiane,idiom_serial_recall,fake_idioms,7,visual,phrases,8,6,middle,at faa vand over stoevlekanten,at gaa rundt om samme sten,0.0,0,at gaa rundt om samme sten,3.0,0,
2026-09-21T22:59:02,Christiane,idiom_serial_recall,fake_idioms,7,visual,phrases,8,7,end,at gaa rundt om den samme sten,at have sand mellem taenderne,0.0,0,at have sand mellem taenderne,3.0,0,
2026-09-21T22:59:02,Christiane,idiom_serial_recall,fake_idioms,7,visual,phrases,8,8,end,at have sand mellem taenderne,at have sand mellem taenderne,1.0,1,,3.0,0,
2026-09-21T23:00:05,Christiane,idiom_serial_recall,fake_idioms,8,visual,phrases,8,1,start,at saette stoevlerne i den forkerte groeft,at have sand i taenderne,0.0,0,at have sand i taenderne,3.0,0,
2026-09-21T23:00:05,Christiane,idiom_serial_recall,fake_idioms,8,visual,phrases,8,2,start,at have en raev i rygsaekken,at slaa hul i egen paraply,0.0,0,at slaa hul i egen paraply,3.0,0,
2026-09-21T23:00:05,Christiane,idiom_serial_recall,fake_idioms,8,visual,phrases,8,3,start,at saette ild til sin egen stige,at traekke gardinet for tidligt,0.0,0,at traekke gardinet for tidligt,3.0,0,
2026-09-21T23:00:05,Christiane,idiom_serial_recall,fake_idioms,8,visual,phrases,8,4,middle,at staa med naesen i postkassen,at have sand i taenderne,0.0,0,at have sand i taenderne,3.0,0,
2026-09-21T23:00:05,Christiane,idiom_serial_recall,fake_idioms,8,visual,phrases,8,5,middle,at slaa hul i sin egen paraply,at have for mange noegler i samme lomme,0.0,0,at have for mange noegler i samme lomme,3.0,0,
2026-09-21T23:00:05,Christiane,idiom_serial_recall,fake_idioms,8,visual,phrases,8,6,middle,at traekke gardinet for tidligt,,1.0,0,,3.0,0,
2026-09-21T23:00:05,Christiane,idiom_serial_recall,fake_idioms,8,visual,phrases,8,7,end,at have en sten under hatten,,0.0,0,,3.0,0,
2026-09-21T23:00:05,Christiane,idiom_serial_recall,fake_idioms,8,visual,phrases,8,8,end,at have for mange noegler i lommen,,0.0,0,,3.0,0,
2026-09-21T23:01:37,Christiane,serial_recall,baseline,1,visual,letters,12,1,start,A,A,1.0,1,,3.0,0,
2026-09-21T23:01:37,Christiane,serial_recall,baseline,1,visual,letters,12,2,start,M,M,1.0,1,,3.0,0,
2026-09-21T23:01:37,Christiane,serial_recall,baseline,1,visual,letters,12,3,start,G,F,0.0,0,F,3.0,0,
2026-09-21T23:01:37,Christiane,serial_recall,baseline,1,visual,letters,12,4,start,W,M,0.5,0,M,3.0,0,
2026-09-21T23:01:37,Christiane,serial_recall,baseline,1,visual,letters,12,5,middle,Y,Y,0.5,1,,3.0,0,
2026-09-21T23:01:37,Christiane,serial_recall,baseline,1,visual,letters,12,6,middle,Z,Z,1.0,1,,3.0,0,
2026-09-21T23:01:37,Christiane,serial_recall,baseline,1,visual,letters,12,7,middle,S,S,1.0,1,,3.0,0,
2026-09-21T23:01:37,Christiane,serial_recall,baseline,1,visual,letters,12,8,middle,W,W,0.5,1,,3.0,0,
2026-09-21T23:01:37,Christiane,serial_recall,baseline,1,visual,letters,12,9,end,B,B,1.0,1,,3.0,0,
2026-09-21T23:01:37,Christiane,serial_recall,baseline,1,visual,letters,12,10,end,U,A,1.0,0,A,3.0,0,
2026-09-21T23:01:37,Christiane,serial_recall,baseline,1,visual,letters,12,11,end,P,U,1.0,0,U,3.0,0,
2026-09-21T23:01:37,Christiane,serial_recall,baseline,1,visual,letters,12,12,end,Y,P,0.5,0,P,3.0,0,
2026-09-21T23:02:42,Christiane,serial_recall,baseline,2,visual,letters,12,1,start,H,H,1.0,1,,3.0,0,
2026-09-21T23:02:42,Christiane,serial_recall,baseline,2,visual,letters,12,2,start,D,D,1.0,1,,3.0,0,
2026-09-21T23:02:42,Christiane,serial_recall,baseline,2,visual,letters,12,3,start,D,D,1.0,1,,3.0,0,
2026-09-21T23:02:42,Christiane,serial_recall,baseline,2,visual,letters,12,4,start,X,K,0.0,0,K,3.0,0,
2026-09-21T23:02:42,Christiane,serial_recall,baseline,2,visual,letters,12,5,middle,M,M,1.0,1,,3.0,0,
2026-09-21T23:02:42,Christiane,serial_recall,baseline,2,visual,letters,12,6,middle,K,K,1.0,1,,3.0,0,
2026-09-21T23:02:42,Christiane,serial_recall,baseline,2,visual,letters,12,7,middle,A,A,1.0,1,,3.0,0,
2026-09-21T23:02:42,Christiane,serial_recall,baseline,2,visual,letters,12,8,middle,I,I,1.0,1,,3.0,0,
2026-09-21T23:02:42,Christiane,serial_recall,baseline,2,visual,letters,12,9,end,F,F,1.0,1,,3.0,0,
2026-09-21T23:02:42,Christiane,serial_recall,baseline,2,visual,letters,12,10,end,E,E,1.0,1,,3.0,0,
2026-09-21T23:02:42,Christiane,serial_recall,baseline,2,visual,letters,12,11,end,T,T,1.0,1,,3.0,0,
2026-09-21T23:02:42,Christiane,serial_recall,baseline,2,visual,letters,12,12,end,F,F,1.0,1,,3.0,0,
2026-09-21T23:03:30,Christiane,serial_recall,baseline,3,visual,letters,12,1,start,A,A,1.0,1,,3.0,0,
2026-09-21T23:03:30,Christiane,serial_recall,baseline,3,visual,letters,12,2,start,M,M,1.0,1,,3.0,0,
2026-09-21T23:03:30,Christiane,serial_recall,baseline,3,visual,letters,12,3,start,U,U,1.0,1,,3.0,0,
2026-09-21T23:03:30,Christiane,serial_recall,baseline,3,visual,letters,12,4,start,C,C,1.0,1,,3.0,0,
2026-09-21T23:03:30,Christiane,serial_recall,baseline,3,visual,letters,12,5,middle,W,W,1.0,1,,3.0,0,
2026-09-21T23:03:30,Christiane,serial_recall,baseline,3,visual,letters,12,6,middle,V,V,1.0,1,,3.0,0,
2026-09-21T23:03:30,Christiane,serial_recall,baseline,3,visual,letters,12,7,middle,G,P,1.0,0,P,3.0,0,
2026-09-21T23:03:30,Christiane,serial_recall,baseline,3,visual,letters,12,8,middle,Z,S,0.5,0,S,3.0,0,
2026-09-21T23:03:30,Christiane,serial_recall,baseline,3,visual,letters,12,9,end,P,Z,1.0,0,Z,3.0,0,
2026-09-21T23:03:30,Christiane,serial_recall,baseline,3,visual,letters,12,10,end,S,G,1.0,0,G,3.0,0,
2026-09-21T23:03:30,Christiane,serial_recall,baseline,3,visual,letters,12,11,end,E,T,0.0,0,T,3.0,0,
2026-09-21T23:03:30,Christiane,serial_recall,baseline,3,visual,letters,12,12,end,Z,W,0.5,0,W,3.0,0,
